time_s,axial_node,x_m,truth,without_da,with_da
5,0,0.00375,22.95604721,21.97069795,22.0351258
5,1,0.01125,21.66078347,21.10718879,21.17797152
5,2,0.01875,20.93311777,20.62207833,20.69795363
5,3,0.02625,20.5242661,20.34951054,20.42881833
5,4,0.03375,20.29455739,20.19637141,20.27713261
5,5,0.04125,20.16549566,20.11033025,20.19036151
5,6,0.04875,20.09298297,20.06198846,20.13904278
5,7,0.05625,20.05224188,20.03482774,20.10674714
5,8,0.06375,20.02935173,20.01956765,20.08443225
5,9,0.07125,20.01649099,20.01099384,20.06725159
5,10,0.07875,20.00926547,20.00617691,20.05274084
5,11,0.08625,20.00520614,20.00347085,20.03977481
5,12,0.09375,20.00292586,20.00195089,20.02795972
5,13,0.10125,20.0016448,20.00109702,20.01727272
5,14,0.10875,20.00092461,20.00061684,20.00784701
5,15,0.11625,20.00051939,20.00034646,19.99984501
5,16,0.12375,20.0002916,20.00019444,19.9933866
5,17,0.13125,20.00016402,20.00010945,19.98851351
5,18,0.13875,20.00009239,20.00006172,19.98517888
5,19,0.14625,20.00005172,20.00003448,19.98325579
5,20,0.15375,20.00002897,20.0000193,19.98255571
5,21,0.16125,20.00001648,20.00001106,19.98284932
5,22,0.16875,20.00000915,20.0000061,19.98389012
5,23,0.17625,20.00000504,20.00000333,19.98543801
5,24,0.18375,20.00000299,20.00000204,19.98727498
5,25,0.19125,20.00000151,20.00000099,19.98921632
5,26,0.19875,20.00000083,20.00000054,19.99111922
5,27,0.20625,20.00000064,20.00000046,19.99288179
5,28,0.21375,20.00000023,20.00000011,19.99444041
5,29,0.22125,20.00000034,20.00000026,19.99576588
5,30,0.22875,20.00000008,20.00000002,19.99685313
5,31,0.23625,20.00000012,20.00000009,19.99771698
5,32,0.24375,20.00000002,20,19.99838236
5,33,0.25125,20.00000003,20.00000003,19.99888043
5,34,0.25875,20,19.99999999,19.99924289
5,35,0.26625,20.00000001,20.00000001,19.9994997
5,36,0.27375,19.99999999,19.99999999,19.99967688
5,37,0.28125,20,20,19.99979604
5,38,0.28875,20.00000001,20.00000001,19.99987415
5,39,0.29625,19.99999999,19.99999999,19.99993965
10,0,0.00375,23.18763345,22.12508859,22.33245356
10,1,0.01125,22.72283402,21.81522231,22.0329531
10,2,0.01875,22.05329664,21.36886405,21.59776265
10,3,0.02625,21.44777147,20.96518061,21.20357985
10,4,0.03375,20.97867971,20.65245278,20.89709861
10,5,0.04125,20.64271591,20.42847693,20.67517331
10,6,0.04875,20.41327377,20.27551552,20.51964229
10,7,0.05625,20.26150571,20.17433684,20.41128392
10,8,0.06375,20.16339332,20.10892864,20.33445559
10,9,0.07125,20.10105416,20.0673693,20.27788409
10,10,0.07875,20.06197548,20.04131699,20.23406494
10,11,0.08625,20.03774198,20.02516153,20.19832027
10,12,0.09375,20.02284705,20.01523178,20.16791634
10,13,0.10125,20.01375944,20.00917351,20.14136416
10,14,0.10875,20.00824939,20.00550013,20.11791267
10,15,0.11625,20.00492624,20.00328457,20.09720592
10,16,0.12375,20.00293148,20.0019546,20.07906681
10,17,0.13125,20.00173911,20.00115963,20.06337185
10,18,0.13875,20.00102886,20.00068609,20.04998896
10,19,0.14625,20.00060707,20.00040482,20.03875525
10,20,0.15375,20.00035738,20.00023832,20.02947712
10,21,0.16125,20.00020999,20.00014005,20.02194005
10,22,0.16875,20.00012309,20.00008209,20.01592163
10,23,0.17625,20.000072,20.00004802,20.01120353
10,24,0.18375,20.00004209,20.00002808,20.00757951
10,25,0.19125,20.00002454,20.00001637,20.00486037
10,26,0.19875,20.00001432,20.00000955,20.00287664
10,27,0.20625,20.00000838,20.00000559,20.00147895
10,28,0.21375,20.0000049,20.00000325,20.00053773
10,29,0.22125,20.00000293,20.00000195,19.99994266
10,30,0.22875,20.00000172,20.00000114,19.9996013
10,31,0.23625,20.00000105,20.00000069,19.99943848
10,32,0.24375,20.00000061,20.0000004,19.99939451
10,33,0.25125,20.00000038,20.00000024,19.999424
10,34,0.25875,20.00000021,20.00000013,19.99949387
10,35,0.26625,20.00000013,20.00000008,19.99958172
10,36,0.27375,20.00000007,20.00000004,19.99967383
10,37,0.28125,20.00000005,20.00000003,19.99976381
10,38,0.28875,20.00000002,20.00000001,19.99985148
10,39,0.29625,20,20,19.99999718
15,0,0.00375,24.46153035,22.97435302,23.34895095
15,1,0.01125,23.34361225,22.22907429,22.61047849
15,2,0.01875,22.64264039,21.76175972,22.15022794
15,3,0.02625,22.0790247,21.38601594,21.77885893
15,4,0.03375,21.59469724,21.06313099,21.45515854
15,5,0.04125,21.18775084,20.79183342,21.17608378
15,6,0.04875,20.86053394,20.57368887,20.94224324
15,7,0.05625,20.60848024,20.40565313,20.75043843
15,8,0.06375,20.42133779,20.28089159,20.59441363
15,9,0.07125,20.28656526,20.19104335,20.46700726
15,10,0.07875,20.19192382,20.12794922,20.36173238
15,11,0.08625,20.12684199,20.08456156,20.27351452
15,12,0.09375,20.08286793,20.05524578,20.1988097
15,13,0.10125,20.05359556,20.03573105,20.13537548
15,14,0.10875,20.0343567,20.02290514,20.08190567
15,15,0.11625,20.02185097,20.0145678,20.03765681
15,16,0.12375,20.01380005,20.00920038,20.00213369
15,17,0.13125,20.00866115,20.00577445,19.97486157
15,18,0.13875,20.0054053,20.00360385,19.95524852
15,19,0.14625,20.00335584,20.0022374,19.94252926
15,20,0.15375,20.0020738,20.00138265,19.93577084
15,21,0.16125,20.00127632,20.00085103,19.93391808
15,22,0.16875,20.00078225,20.00052156,19.93586283
15,23,0.17625,20.0004777,20.00031849,19.94052061
15,24,0.18375,20.00029097,20.00019405,19.94689623
15,25,0.19125,20.00017646,20.00011764,19.95413396
15,26,0.19875,20.00010681,20.00007121,19.96154952
15,27,0.20625,20.00006466,20.00004314,19.96863756
15,28,0.21375,20.00003886,20.00002586,19.97506337
15,29,0.22125,20.00002357,20.00001574,19.98064272
15,30,0.22875,20.00001408,20.00000935,19.98530988
15,31,0.23625,20.00000853,20.0000057,19.98908832
15,32,0.24375,20.0000051,20.00000338,19.99205796
15,33,0.25125,20.00000309,20.00000206,19.99433061
15,34,0.25875,20.00000185,20.00000122,19.99602874
15,35,0.26625,20.00000111,20.00000074,19.99727172
15,36,0.27375,20.00000066,20.00000043,19.99816675
15,37,0.28125,20.00000039,20.00000026,19.99880433
15,38,0.28875,20.00000022,20.00000014,19.99925604
15,39,0.29625,20.00000004,20.00000003,19.99967685
20,0,0.00375,24.75763876,23.17175847,23.7781061
20,1,0.01125,24.12652787,22.75101789,23.37518348
20,2,0.01875,23.3459279,22.23061792,22.86850065
20,3,0.02625,22.66831488,21.77887593,22.42390942
20,4,0.03375,22.11277756,21.40851775,22.05191762
20,5,0.04125,21.65689599,21.10459676,21.73588272
20,6,0.04875,21.28160094,20.85440012,21.46216258
20,7,0.05625,20.97503003,20.6500196,21.22281377
20,8,0.06375,20.72880545,20.48586999,21.01311347
20,9,0.07125,20.5352786,20.35685223,20.82962083
20,10,0.07875,20.38661056,20.2577404,20.66938429
20,11,0.08625,20.27491068,20.18327407,20.52980622
20,12,0.09375,20.19270029,20.1284674,20.40870611
20,13,0.10125,20.1333188,20.08887992,20.30435455
20,14,0.10875,20.09114498,20.06076404,20.21541662
20,15,0.11625,20.06164217,20.04109537,20.14082713
20,16,0.12375,20.04128155,20.02752149,20.07964303
20,17,0.13125,20.02740014,20.01826718,20.0309125
20,18,0.13875,20.01803879,20.01202623,19.99358607
20,19,0.14625,20.01178743,20.00785856,19.9664781
20,20,0.15375,20.00765005,20.00510023,19.94827317
20,21,0.16125,20.00493389,20.00328944,19.93756591
20,22,0.16875,20.00316366,20.00210923,19.93292136
20,23,0.17625,20.00201775,20.00134525,19.93294263
20,24,0.18375,20.00128064,20.00085383,19.9363326
20,25,0.19125,20.00080903,20.0005394,19.94194322
20,26,0.19875,20.00050898,20.00033934,19.94880876
20,27,0.20625,20.00031901,20.00021269,19.95615986
20,28,0.21375,20.00019919,20.00013279,19.96342161
20,29,0.22125,20.00012406,20.00008271,19.97019879
20,30,0.22875,20.00007696,20.0000513,19.9762506
20,31,0.23625,20.00004768,20.00003178,19.98146202
20,32,0.24375,20.00002941,20.0000196,19.98581242
20,33,0.25125,20.00001814,20.00001208,19.98934725
20,34,0.25875,20.00001112,20.0000074,19.99215276
20,35,0.26625,20.00000682,20.00000454,19.99433655
20,36,0.27375,20.00000412,20.00000274,19.99601323
20,37,0.28125,20.00000245,20.00000163,19.99729641
20,38,0.28875,20.00000136,20.00000091,19.99829668
20,39,0.29625,20.0000003,20.0000002,19.9995281
25,0,0.00375,25.60447148,23.73631349,24.46263434
25,1,0.01125,24.57989856,23.05326489,23.77540717
25,2,0.01875,23.85982646,22.57321684,23.29367146
25,3,0.02625,23.21236677,22.14157707,22.85727645
25,4,0.03375,22.6287522,21.75250074,22.4567516
25,5,0.04125,22.12180132,21.41453355,22.09840495
25,6,0.04875,21.69313104,21.12875345,21.7821792
25,7,0.05625,21.33636394,20.89090882,21.50364284
25,8,0.06375,21.04272514,20.69514975,21.25761706
25,9,0.07125,20.80366089,20.53577374,21.03980361
25,10,0.07875,20.6114493,20.4076329,20.8470398
25,11,0.08625,20.4591012,20.30606776,20.6770468
25,12,0.09375,20.3402048,20.22680377,20.5281204
25,13,0.10125,20.24888363,20.1659232,20.39889579
25,14,0.10875,20.17984389,20.11989672,20.28818956
25,15,0.11625,20.12844184,20.08562853,20.19488892
25,16,0.12375,20.09072388,20.06048309,20.117868
25,17,0.13125,20.06342235,20.04228206,20.05592538
25,18,0.13875,20.04390983,20.02927368,20.00774503
25,19,0.14625,20.03012714,20.02008507,19.97188597
25,20,0.15375,20.0204976,20.01366531,19.94679872
25,21,0.16125,20.01383731,20.00922513,19.93086283
25,22,0.16875,20.009273,20.00618216,19.92244138
25,23,0.17625,20.00617208,20.00411483,19.91994378
25,24,0.18375,20.00408229,20.00272166,19.92188339
25,25,0.19125,20.00268388,20.00178931,19.9269264
25,26,0.19875,20.00175485,20.00116994,19.93392836
25,27,0.20625,20.00114161,20.00076114,19.94195088
25,28,0.21375,20.00073888,20.00049257,19.95026406
25,29,0.22125,20.0004763,20.00031757,19.95833636
25,30,0.22875,20.00030554,20.00020367,19.96581057
25,31,0.23625,20.00019534,20.00013024,19.97247835
25,32,0.24375,20.00012434,20.00008288,19.97824777
25,33,0.25125,20.00007886,20.00005258,19.98311517
25,34,0.25875,20.00004978,20.00003318,19.98713782
25,35,0.26625,20.00003124,20.00002082,19.99041256
25,36,0.27375,20.00001938,20.00001291,19.99305876
25,37,0.28125,20.00001172,20.00000781,19.99520652
25,38,0.28875,20.00000662,20.00000441,19.99698735
25,39,0.29625,20.00000149,20.00000099,19.99921097
30,0,0.00375,25.92309055,23.94872609,24.81357196
30,1,0.01125,25.20246961,23.46831214,24.34845669
30,2,0.01875,24.39000574,22.92666958,23.80969817
30,3,0.02625,23.6861099,22.45740573,23.33303452
30,4,0.03375,23.08025126,22.05350002,22.91097792
30,5,0.04125,22.55201545,21.7013429,22.52887378
30,6,0.04875,22.09251245,21.39500766,22.18012764
30,7,0.05625,21.69758317,21.13172159,21.86207696
30,8,0.06375,21.36296141,20.90864056,21.57287425
30,9,0.07125,21.08319601,20.72213047,21.31071434
30,10,0.07875,20.8521005,20.56806702,21.07398063
30,11,0.08625,20.66337661,20.44225138,20.8614458
30,12,0.09375,20.51100566,20.34067104,20.67228561
30,13,0.10125,20.38942457,20.25961718,20.50594381
30,14,0.10875,20.29358609,20.19572489,20.36193925
30,15,0.11625,20.21897648,20.14598502,20.23968475
30,16,0.12375,20.16161986,20.10774715,20.13835243
30,17,0.13125,20.11807359,20.07871627,20.0567962
30,18,0.13875,20.08541328,20.05694268,19.99353164
30,19,0.14625,20.06120484,20.04080361,19.9467657
30,20,0.15375,20.04346317,20.02897575,19.91446385
30,21,0.16125,20.03060019,20.02040042,19.89444133
30,22,0.16875,20.02136886,20.01424612,19.88446692
30,23,0.17625,20.0148075,20.00987183,19.88236668
30,24,0.18375,20.01018619,20.00679094,19.88611456
30,25,0.19125,20.00695881,20.00463931,19.89390378
30,26,0.19875,20.00472311,20.00314881,19.90419505
30,27,0.20625,20.00318604,20.00212409,19.9157381
30,28,0.21375,20.00213663,20.00142444,19.92757103
30,29,0.22125,20.00142511,20.0009501,19.93900119
30,30,0.22875,20.00094547,20.00063032,19.94957145
30,31,0.23625,20.0006242,20.00041614,19.95902104
30,32,0.24375,20.00041002,20.00027335,19.9672422
30,33,0.25125,20.00026803,20.00017869,19.97424059
30,34,0.25875,20.00017417,20.00011611,19.98009921
30,35,0.26625,20.00011233,20.00007489,19.98494966
30,36,0.27375,20.00007144,20.00004762,19.98894927
30,37,0.28125,20.00004417,20.00002945,19.99226513
30,38,0.28875,20.00002539,20.00001693,19.99506428
30,39,0.29625,20.00000578,20.00000385,19.99866216
35,0,0.00375,26.56456906,24.37637833,25.44194068
35,1,0.01125,25.59443557,23.72962268,24.79849297
35,2,0.01875,24.85017466,23.23344877,24.30383046
35,3,0.02625,24.15458919,22.76972516,23.83116972
35,4,0.03375,23.52105903,22.3473718,23.38558951
35,5,0.04125,22.96053821,21.97369133,22.9726767
35,6,0.04875,22.47088445,21.6472556,22.59055851
35,7,0.05625,22.04595392,21.36396871,22.23575873
35,8,0.06375,21.67976113,21.11984034,21.90591743
35,9,0.07125,21.3669687,20.91131224,21.60003169
35,10,0.07875,21.10247723,20.73498484,21.31801517
35,11,0.08625,20.88117276,20.58744881,21.06028766
35,12,0.09375,20.69794039,20.4652942,20.82749442
35,13,0.10125,20.54779657,20.36519855,20.62029039
35,14,0.10875,20.42602746,20.28401917,20.43914754
35,15,0.11625,20.32828597,20.21885804,20.2841817
35,16,0.12375,20.25064433,20.16709683,20.15501713
35,17,0.13125,20.18961402,20.12640994,20.0507082
35,18,0.13875,20.14214413,20.09476331,19.96972745
35,19,0.14625,20.10560755,20.07040545,19.91001996
35,20,0.15375,20.07777755,20.05185204,19.86911053
35,21,0.16125,20.05679489,20.03786361,19.84424459
35,22,0.16875,20.04113122,20.02742106,19.83254638
35,23,0.17625,20.02955072,20.01970066,19.83117556
35,24,0.18375,20.02106847,20.01404585,19.83746286
35,25,0.19125,20.01491044,20.00994041,19.84901643
35,26,0.19875,20.01047815,20.00698553,19.86379458
35,27,0.20625,20.00731396,20.00487607,19.88013881
35,28,0.21375,20.00507222,20.0033815,19.89677541
35,29,0.22125,20.00349612,20.00233081,19.91279145
35,30,0.22875,20.00239532,20.00159688,19.92758863
35,31,0.23625,20.00163182,20.00108791,19.94083122
35,32,0.24375,20.00110531,20.00073687,19.95238665
35,33,0.25125,20.00074427,20.00049619,19.96227229
35,34,0.25875,20.00049773,20.00033182,19.97060684
35,35,0.26625,20.00032976,20.00021984,19.97757207
35,36,0.27375,20.00021507,20.00014338,19.98338398
35,37,0.28125,20.00013587,20.00009058,19.98827414
35,38,0.28875,20.00007947,20.00005298,19.99247924
35,39,0.29625,20.00001829,20.00001219,19.99798986
40,0,0.00375,26.88760647,24.59173652,25.71791713
40,1,0.01125,26.11328099,24.07551955,25.20347739
40,2,0.01875,25.29029782,23.52686413,24.64570653
40,3,0.02625,24.56904243,23.04602726,24.14679806
40,4,0.03375,23.92735646,22.61823668,23.69029762
40,5,0.04125,23.35150182,22.23433368,23.26533056
40,6,0.04875,22.83838066,21.89225302,22.86904078
40,7,0.05625,22.38611702,21.59074407,22.50043669
40,8,0.06375,21.9913561,21.32757028,22.15848476
40,9,0.07125,21.64967286,21.09978167,21.84221771
40,10,0.07875,21.35629434,20.90419623,21.55102847
40,11,0.08625,21.10646314,20.7376424,21.28470738
40,12,0.09375,20.89554587,20.5970312,21.04329851
40,13,0.10125,20.71906494,20.47937748,20.82690714
40,14,0.10875,20.57273364,20.38182331,20.63552718
40,15,0.11625,20.45250581,20.3016713,20.46891106
40,16,0.12375,20.35462617,20.23641809,20.32648356
40,17,0.13125,20.27566814,20.18377939,20.20729657
40,18,0.13875,20.21255568,20.14170438,20.11002361
40,19,0.14625,20.1625701,20.10838053,20.03299049
40,20,0.15375,20.12334322,20.08222921,19.97423479
40,21,0.16125,20.09283982,20.06189359,19.93158544
40,22,0.16875,20.06933407,20.04622301,19.90275507
40,23,0.17625,20.05138257,20.03425528,19.88543598
40,24,0.18375,20.03779342,20.02519583,19.87738875
40,25,0.19125,20.02759475,20.01839666,19.8765188
40,26,0.19875,20.02000499,20.01333678,19.88093722
40,27,0.20625,20.01440273,20.00960193,19.88900063
40,28,0.21375,20.0102999,20.00686666,19.8993325
40,29,0.22125,20.00731819,20.00487886,19.91082718
40,30,0.22875,20.00516673,20.00344452,19.9226372
40,31,0.23625,20.00362522,20.00241685,19.93415155
40,32,0.24375,20.00252765,20.00168512,19.94496431
40,33,0.25125,20.00175072,20.00116716,19.95484162
40,34,0.25875,20.00120309,20.00080207,19.9636871
40,35,0.26625,20.00081795,20.00054531,19.97151058
40,36,0.27375,20.00054626,20.00036418,19.97840018
40,37,0.28125,20.0003523,20.00023487,19.98449952
40,38,0.28875,20.00020944,20.00013963,19.98998915
40,39,0.29625,20.00004873,20.00003248,19.9975421
45,0,0.00375,27.4090084,24.93933774,26.2007209
45,1,0.01125,26.47208544,24.31472244,25.58570848
45,2,0.01875,25.70651261,23.80434058,25.07612731
45,3,0.02625,24.98143753,23.32095725,24.58007204
45,4,0.03375,24.31771788,22.87847757,24.11042511
45,5,0.04125,23.72156043,22.48103936,23.67094889
45,6,0.04875,23.18912562,22.12608295,23.25909206
45,7,0.05625,22.71568976,21.81045919,22.87232883
45,8,0.06375,22.29737287,21.53158144,22.50945809
45,9,0.07125,21.93055025,21.28703324,22.17019567
45,10,0.07875,21.61140443,21.07426962,21.854739
45,11,0.08625,21.33588744,20.89059193,21.56353576
45,12,0.09375,21.09985523,20.73323744,21.29713907
45,13,0.10125,20.89920244,20.59946916,21.05606523
45,14,0.10875,20.72995514,20.48663767,20.84064886
45,15,0.11625,20.58832882,20.39221999,20.65091644
45,16,0.12375,20.4707674,20.3138456,20.48649809
45,17,0.13125,20.37397244,20.24931562,20.34658692
45,18,0.13875,20.29492406,20.19661667,20.22994467
45,19,0.14625,20.23089487,20.15393041,20.13494792
45,20,0.15375,20.17945496,20.11963707,20.05966276
45,21,0.16125,20.13846621,20.09231123,20.00193501
45,22,0.16875,20.10607061,20.07071407,19.95948839
45,23,0.17625,20.08067431,20.05378313,19.93002167
45,24,0.18375,20.06092544,20.04061722,19.91129401
45,25,0.19125,20.04569018,20.0304603,19.90119639
45,26,0.19875,20.03402975,20.02268665,19.89780769
45,27,0.20625,20.02517443,20.0167831,19.89942992
45,28,0.21375,20.01850007,20.01233345,19.90460791
45,29,0.22125,20.01350711,20.00900484,19.91213491
45,30,0.22875,20.00979823,20.00653219,19.92104269
45,31,0.23625,20.00706226,20.00470823,19.93058672
45,32,0.24375,20.0050566,20.00337109,19.9402211
45,33,0.25125,20.00359454,20.00239639,19.94957338
45,34,0.25875,20.00253312,20.00168876,19.95841606
45,35,0.26625,20.00176372,20.00117583,19.96664014
45,36,0.27375,20.00120398,20.00080266,19.97422965
45,37,0.28125,20.00079128,20.00052753,19.98123931
45,38,0.28875,20.00047746,20.00031831,19.98777465
45,39,0.29625,20.00011215,20.00007477,19.99696246
50,0,0.00375,27.727724,25.15181474,26.56836996
50,1,0.01125,26.91942577,24.61294926,26.03252722
50,2,0.01875,26.09256483,24.06170866,25.47552272
50,3,0.02625,25.35713054,23.5714192,24.96797186
50,4,0.03375,24.68872235,23.12581382,24.48994835
50,5,0.04125,24.0795321,22.71968709,24.03417436
50,6,0.04875,23.52894548,22.35262948,23.5997313
50,7,0.05625,23.035483,22.02365464,23.18638399
50,8,0.06375,22.5961812,21.73078696,22.79395838
50,9,0.07125,22.20749383,21.47166227,22.4227806
50,10,0.07875,21.86576688,21.24384457,22.07381045
50,11,0.08625,21.56733185,21.0448882,21.74847355
50,12,0.09375,21.30850107,20.87233468,21.44839055
50,13,0.10125,21.08558853,20.72372656,21.17511098
50,14,0.10875,20.89496092,20.59664153,20.92988384
50,15,0.11625,20.73309684,20.48873203,20.71347582
50,16,0.12375,20.59663767,20.39775914,20.5260449
50,17,0.13125,20.48242473,20.32161717,20.36707574
50,18,0.13875,20.38752513,20.25835074,20.23538095
50,19,0.14625,20.30924916,20.20616664,20.12916358
50,20,0.15375,20.24515917,20.1634399,20.04612809
50,21,0.16125,20.1930706,20.12871417,19.98362258
50,22,0.16875,20.15104763,20.10069878,19.93879659
50,23,0.17625,20.11739485,20.07826353,19.90875707
50,24,0.18375,20.09064297,20.06042893,19.89070579
50,25,0.19125,20.06953198,20.04635486,19.8820499
50,26,0.19875,20.05299352,20.03532919,19.88048128
50,27,0.20625,20.0401303,20.0267537,19.88402065
50,28,0.21375,20.03019633,20.02013099,19.89103242
50,29,0.22125,20.02257814,20.0150522,19.90021537
50,30,0.22875,20.01677505,20.01118343,19.91057368
50,31,0.23625,20.01238337,20.00825564,19.92137964
50,32,0.24375,20.00907942,20.00605299,19.93212932
50,33,0.25125,20.0066066,20.00440443,19.94250045
50,34,0.25875,20.00476227,20.00317487,19.95231225
50,35,0.26625,20.00338769,20.00225848,19.96149166
50,36,0.27375,20.00235831,20.00157222,19.97004444
50,37,0.28125,20.00157634,20.0010509,19.97803248
50,38,0.28875,20.00096374,20.0006425,19.9855552
50,39,0.29625,20.00022829,20.0001522,19.99624699
55,0,0.00375,28.17148147,25.44765299,27.073198
55,1,0.01125,27.25528944,24.83685832,26.47826102
55,2,0.01875,26.47250437,24.31500164,25.95897295
55,3,0.02625,25.72812351,23.81874779,25.44886313
55,4,0.03375,25.04349194,23.36232683,24.96055545
55,5,0.04125,24.42087377,22.94724816,24.49416621
55,6,0.04875,23.85629512,22.57086253,24.0464628
55,7,0.05625,23.34645424,22.23096877,23.61586741
55,8,0.06375,22.88871781,21.92581134,23.20250094
55,9,0.07125,22.48033248,21.65355468,22.80749544
55,10,0.07875,22.11822124,21.41214746,22.43259436
55,11,0.08625,21.79908677,21.19939147,22.0799102
55,12,0.09375,21.51954322,21.01302944,21.75168632
55,13,0.10125,21.27619797,20.85079952,21.45003771
55,14,0.10875,21.06570144,20.71046856,21.17670741
55,15,0.11625,20.88478559,20.58985787,20.93287279
55,16,0.12375,20.7302996,20.48686711,20.71902052
55,17,0.13125,20.59924266,20.39949581,20.53489523
55,18,0.13875,20.48879101,20.32586135,20.37951683
55,19,0.14625,20.39631951,20.26421356,20.25125684
55,20,0.15375,20.31941575,20.21294431,20.14795725
55,21,0.16125,20.25588567,20.17059092,20.06707366
55,22,0.16875,20.2037545,20.13583671,20.00582918
55,23,0.17625,20.16126406,20.10750968,19.96136478
55,24,0.18375,20.12686389,20.08457624,19.93087117
55,25,0.19125,20.09919966,20.06613334,19.91169699
55,26,0.19875,20.07710108,20.05140092,19.90143059
55,27,0.20625,20.05956533,20.03971041,19.89795022
55,28,0.21375,20.04574115,20.03049422,19.89944881
55,29,0.22125,20.03491349,20.0232758,19.904437
55,30,0.22875,20.0264854,20.017657,19.91172541
55,31,0.23625,20.0199643,20.01330962,19.92039882
55,32,0.24375,20.01494572,20.00996386,19.92977943
55,33,0.25125,20.01110069,20.00740051,19.93939037
55,34,0.25875,20.00816274,20.00544186,19.94891814
55,35,0.26625,20.00591706,20.00394474,19.95817922
55,36,0.27375,20.00419043,20.00279364,19.96709071
55,37,0.28125,20.00284245,20.00189498,19.97564696
55,38,0.28875,20.00175772,20.00117183,19.98390222
55,39,0.29625,20.00041941,20.00027961,19.99594066
60,0,0.00375,28.4816302,25.65441875,27.38938073
60,1,0.01125,27.65111242,25.10074025,26.82837893
60,2,0.01875,26.82238048,24.54825233,26.26252802
60,3,0.02625,26.07480537,24.04986898,25.73887094
60,4,0.03375,25.38594992,23.5906321,25.23808926
60,5,0.04125,24.75210596,23.16806958,24.75555321
60,6,0.04875,24.17341119,22.7822732,24.29075769
60,7,0.05625,23.64834336,22.43222815,23.84332733
60,8,0.06375,23.1743326,22.11622118,23.41330538
60,9,0.07125,22.74857097,21.83238032,23.00157789
60,10,0.07875,22.3681978,21.57879849,22.60981008
60,11,0.08625,22.03026988,21.35351354,22.24016979
60,12,0.09375,21.73175082,21.15450117,21.89502308
60,13,0.10125,21.46954826,20.97969972,21.57665399
60,14,0.10875,21.24056726,20.82704578,21.28701698
60,15,0.11625,21.0417595,20.69450716,21.02753257
60,16,0.12375,20.87016272,20.5801092,20.79893946
60,17,0.13125,20.72293124,20.48195488,20.6012136
60,18,0.13875,20.59736096,20.39824133,20.43355838
60,19,0.14625,20.49091025,20.32727407,20.29446159
60,20,0.15375,20.40121539,20.26747744,20.18180562
60,21,0.16125,20.32609958,20.21740021,20.09301343
60,22,0.16875,20.2635777,20.17571887,20.02521416
60,23,0.17625,20.21185779,20.14123887,19.97541096
60,24,0.18375,20.16933669,20.11289145,19.94063291
60,25,0.19125,20.13459287,20.08972884,19.91806196
60,26,0.19875,20.1063781,20.07091895,19.9051295
60,27,0.20625,20.08360507,20.05573692,19.89957674
60,28,0.21375,20.06533481,20.04355668,19.89948433
60,29,0.22125,20.05076388,20.03384273,19.90327528
60,30,0.22875,20.0392092,20.02613956,19.90969499
60,31,0.23625,20.03009567,20.02006387,19.91778012
60,32,0.24375,20.0229414,20.01529434,19.92681732
60,33,0.25125,20.01734591,20.011564,19.93630188
60,34,0.25875,20.0129773,20.00865157,19.94589658
60,35,0.26625,20.00956165,20.00637447,19.95539566
60,36,0.27375,20.00687228,20.00458154,19.96469304
60,37,0.28125,20.00472069,20.00314715,19.97375555
60,38,0.28875,20.00294764,20.00196511,19.9825981
60,39,0.29625,20.00070767,20.00047178,19.99553183
65,0,0.00375,28.87178779,25.91452377,27.70722061
65,1,0.01125,27.96868202,25.31245327,27.11426524
65,2,0.01875,27.17237264,24.78158039,26.57355214
65,3,0.02625,26.41450486,24.27633526,26.04186315
65,4,0.03375,25.71399834,23.80933101,25.53209213
65,5,0.04125,25.07058083,23.38038612,25.04340944
65,6,0.04875,24.48084334,22.98722794,24.57328321
65,7,0.05625,23.94253458,22.6283556,24.12083764
65,8,0.06375,23.45369981,22.30246596,23.68633777
65,9,0.07125,23.01208119,22.00805378,23.27068181
65,10,0.07875,22.61512092,21.74341389,22.87522611
65,11,0.08625,22.26009399,21.5067296,22.50165764
65,12,0.09375,21.9441936,21.29612969,22.15181386
65,13,0.10125,21.6645719,21.10971548,21.82747228
65,14,0.10875,21.41837075,20.94558144,21.53015334
65,15,0.11625,21.20275415,20.80183693,21.26096207
65,16,0.12375,21.01494138,20.67662832,21.02047916
65,17,0.13125,20.85223742,20.56815901,20.80870398
65,18,0.13875,20.7120584,20.47470631,20.62504755
65,19,0.14625,20.59195343,20.39463621,20.46837052
65,20,0.15375,20.48962112,20.3264146,20.33705585
65,21,0.16125,20.40291994,20.26861381,20.22910406
65,22,0.16875,20.32987522,20.21991724,20.14224298
65,23,0.17625,20.26868365,20.17912279,20.07404198
65,24,0.18375,20.21771198,20.14514168,20.02201879
65,25,0.19125,20.17549325,20.11699578,19.98373483
65,26,0.19875,20.14072207,20.09381495,19.95687581
65,27,0.20625,20.1122452,20.07483036,19.93931083
65,28,0.21375,20.08905194,20.05936811,19.92913346
65,29,0.22125,20.07026426,20.04684301,19.92468543
65,30,0.22875,20.05512341,20.03674904,19.92456117
65,31,0.23625,20.04297978,20.0286533,19.92760295
65,32,0.24375,20.03327935,20.02218631,19.93288249
65,33,0.25125,20.02555283,20.01703529,19.93967866
65,34,0.25875,20.01940376,20.01293589,19.94744958
65,35,0.26625,20.01449777,20.00966522,19.95580448
65,36,0.27375,20.01055216,20.0070348,19.96447557
65,37,0.28125,20.00732625,20.0048842,19.97329289
65,38,0.28875,20.00461214,20.00307478,19.98216422
65,39,0.29625,20.00111301,20.00074201,19.99553826
70,0,0.00375,29.17147719,26.11431665,27.9916293
70,1,0.01125,28.32606158,25.55070627,27.42436761
70,2,0.01875,27.49591635,24.99727615,26.86015031
70,3,0.02625,26.73789109,24.49192604,26.32982558
70,4,0.03375,26.03301351,24.02200774,25.81782286
70,5,0.04125,25.38006063,23.58670595,25.32257119
70,6,0.04875,24.77918317,23.18612113,24.84441243
70,7,0.05625,24.22882549,22.81921618,24.38328798
70,8,0.06375,23.72682515,22.4845495,23.93946881
70,9,0.07125,23.270941,22.18062697,23.51387417
70,10,0.07875,22.85885619,21.90590405,23.10795617
70,11,0.08625,22.48812728,21.65875179,22.72348459
70,12,0.09375,22.15619528,21.43746414,22.36233997
70,13,0.10125,21.86042906,21.24028692,22.02632281
70,14,0.10875,21.59816923,21.0654471,21.7169793
70,15,0.11625,21.36676438,20.91117709,21.43545542
70,16,0.12375,21.16360101,20.77573475,21.18239157
70,17,0.13125,20.98612915,20.65742018,20.9578646
70,18,0.13875,20.83188547,20.55459104,20.76137882
70,19,0.14625,20.69851427,20.46567679,20.59190154
70,20,0.15375,20.58378442,20.38919016,20.44793284
70,21,0.16125,20.48560109,20.32373459,20.3275979
70,22,0.16875,20.40201445,20.26801008,20.22875289
70,23,0.17625,20.331226,20.22081772,20.14909453
70,24,0.18375,20.2715898,20.18106023,20.08626176
70,25,0.19125,20.2216112,20.1477411,20.03792527
70,26,0.19875,20.1799446,20.11996332,20.00186218
70,27,0.20625,20.14538682,20.0969248,19.97601019
70,28,0.21375,20.11687006,20.07791355,19.95850491
70,29,0.22125,20.09345402,20.06230286,19.94770131
70,30,0.22875,20.07431496,20.04954344,19.94217886
70,31,0.23625,20.05873698,20.03915811,19.94073845
70,32,0.24375,20.04610005,20.03073346,19.94238822
70,33,0.25125,20.03587031,20.02391362,19.94632606
70,34,0.25875,20.02758864,20.01839249,19.95191742
70,35,0.26625,20.02086082,20.01390727,19.95867267
70,36,0.27375,20.01534689,20.0102313,19.96622379
70,37,0.28125,20.01075171,20.00716784,19.97430179
70,38,0.28875,20.00681523,20.00454351,19.98271194
70,39,0.29625,20.00165177,20.00110118,19.995619
75,0,0.00375,29.52278458,26.34852154,28.34220152
75,1,0.01125,28.62796269,25.75197363,27.7559112
75,2,0.01875,27.82108742,25.21405683,27.20934725
75,3,0.02625,27.05320991,24.70213855,26.67189768
75,4,0.03375,26.33993384,24.22662128,26.15280404
75,5,0.04125,25.67961392,23.78640811,25.64960706
75,6,0.04875,25.06958194,23.37972028,25.16020104
75,7,0.05625,24.50826519,23.00550929,24.68440954
75,8,0.06375,23.99408123,22.66272019,24.22311658
75,9,0.07125,23.52510777,22.35007147,23.77786498
75,10,0.07875,23.09918896,22.06612588,23.35072322
75,11,0.08625,22.71404079,21.80936078,22.94412206
75,12,0.09375,22.36729479,21.57819714,22.56062704
75,13,0.10125,22.05651921,21.37101368,22.20269232
75,14,0.10875,21.7792438,21.18616348,21.87243687
75,15,0.11625,21.53298901,21.02199352,21.5714641
75,16,0.12375,21.31529477,20.87686393,21.3007366
75,17,0.13125,21.12374616,20.74916486,21.06051158
75,18,0.13875,20.95599551,20.63733107,20.85033709
75,19,0.14625,20.80978247,20.5398556,20.66910433
75,20,0.15375,20.68295072,20.45530103,20.51514331
75,21,0.16125,20.57345971,20.38230703,20.38634629
75,22,0.16875,20.47939442,20.31959674,20.28030647
75,23,0.17625,20.39897313,20.26598248,20.19445805
75,24,0.18375,20.33055033,20.22036728,20.12620237
75,25,0.19125,20.27261734,20.1817452,20.07301453
75,26,0.19875,20.22380227,20.14920179,20.03252675
75,27,0.20625,20.18286545,20.12191056,20.00258306
75,28,0.21375,20.14869425,20.09912969,19.98127086
75,29,0.22125,20.1202976,20.0801986,19.96693248
75,30,0.22875,20.09679635,20.06453103,19.95815784
75,31,0.23625,20.07741651,20.05161115,19.95376951
75,32,0.24375,20.06147848,20.04098576,19.95279762
75,33,0.25125,20.04838839,20.03225902,19.95445444
75,34,0.25875,20.03762773,20.02508522,19.9581066
75,35,0.26625,20.02874377,20.01916257,19.96324948
75,36,0.27375,20.02133956,20.01422642,19.96948252
75,37,0.28125,20.01506442,20.01004298,19.97648688
75,38,0.28875,20.00960426,20.00640286,19.98400676
75,39,0.29625,20.00233616,20.00155744,19.99584142
80,0,0.00375,29.81139553,26.5409288,28.63469242
80,1,0.01125,28.95577982,25.97051835,28.06271173
80,2,0.01875,28.12419305,25.41612721,27.49961649
80,3,0.02625,27.35718482,24.90478846,26.96485741
80,4,0.03375,26.63945114,24.42629943,26.44561516
80,5,0.04125,25.97111202,23.98074015,25.94109021
80,6,0.04875,25.35209569,23.56806275,25.45118538
80,7,0.05625,24.78090457,23.18726885,24.97567017
80,8,0.06375,24.255747,22.83716402,24.51497614
80,9,0.07125,23.77479532,22.51652981,24.07028749
80,10,0.07875,23.33611234,22.22407479,23.6433183
80,11,0.08625,22.93762021,21.95841372,23.2360748
80,12,0.09375,22.57712739,21.71808553,22.85064614
80,13,0.10125,22.25236744,21.50157916,22.48901521
80,14,0.10875,21.96103122,21.30735509,22.15289304
80,15,0.11625,21.70079357,21.13386323,21.84358913
80,16,0.12375,21.46933731,20.97955897,21.56192534
80,17,0.13125,21.26437519,20.84291756,21.30819466
80,18,0.13875,21.08367053,20.72244776,21.08216204
80,19,0.14625,20.92505657,20.61670501,20.88310037
80,20,0.15375,20.78645287,20.52430248,20.70985151
80,21,0.16125,20.66587732,20.44391878,20.56090203
80,22,0.16875,20.56145637,20.37430473,20.43446783
80,23,0.17625,20.47143355,20.31428944,20.32858112
80,24,0.18375,20.39417359,20.2627828,20.24117143
80,25,0.19125,20.32816458,20.21877672,20.17013941
80,26,0.19875,20.27201935,20.18134652,20.11342195
80,27,0.20625,20.22447265,20.14964871,20.06904358
80,28,0.21375,20.18437777,20.12291872,20.03515706
80,29,0.22125,20.15070242,20.10046849,20.01007264
80,30,0.22875,20.122521,20.08168082,19.99227386
80,31,0.23625,20.09900894,20.06600611,19.98042624
80,32,0.24375,20.07943333,20.05295567,19.9733743
80,33,0.25125,20.06314532,20.04209698,19.97013409
80,34,0.25875,20.04957043,20.03304703,19.96987882
80,35,0.26625,20.03819989,20.02546667,19.97192229
80,36,0.27375,20.02858082,20.01905393,19.97570015
80,37,0.28125,20.02030717,20.01353815,19.9807518
80,38,0.28875,20.01301003,20.00867338,19.98670179
80,39,0.29625,20.00317422,20.00211615,19.99665255
85,0,0.00375,30.133411,26.75560575,28.9866464
85,1,0.01125,29.24380702,26.16253645,28.40239339
85,2,0.01875,28.4286395,25.61909147,27.84856569
85,3,0.02625,27.65293025,25.10195204,27.30335179
85,4,0.03375,26.92900679,24.61933651,26.77289357
85,5,0.04125,26.2546359,24.16975604,26.25396944
85,6,0.04875,25.62782802,23.75188428,25.7448232
85,7,0.05625,25.04741809,23.36494451,25.24555824
85,8,0.06375,24.51204762,23.00803108,24.75733052
85,9,0.07125,24.02005425,22.68003575,24.28212498
85,10,0.07875,23.56960218,22.37973467,23.82264066
85,11,0.08625,23.15874746,22.10583187,23.38207043
85,12,0.09375,22.78545696,21.8569719,22.96380718
85,13,0.10125,22.44762326,21.63174971,22.57113599
85,14,0.10875,22.1430873,21.42872581,22.20695211
85,15,0.11625,21.86966378,21.24644336,21.87352878
85,16,0.12375,21.62516495,21.08344406,21.57235155
85,17,0.13125,21.40742176,20.93828195,21.30402954
85,18,0.13875,21.21430267,20.80953587,21.06828601
85,19,0.14625,21.0437317,20.69582177,20.86402303
85,20,0.15375,20.89370421,20.59580339,20.68944456
85,21,0.16125,20.76229865,20.50819968,20.54221768
85,22,0.16875,20.64768695,20.43179179,20.41965374
85,23,0.17625,20.54814377,20.36542961,20.31888949
85,24,0.18375,20.46205132,20.30803464,20.23704825
85,25,0.19125,20.38790251,20.25860202,20.17137153
85,26,0.19875,20.32430367,20.21620275,20.11931617
85,27,0.20625,20.26997293,20.17998225,20.07861188
85,28,0.21375,20.22373816,20.14915899,20.04728631
85,29,0.22125,20.18453439,20.12302315,20.02366396
85,30,0.22875,20.15139714,20.10093159,20.00634301
85,31,0.23625,20.12345823,20.08230565,19.99416416
85,32,0.24375,20.09993736,20.06662503,19.98617157
85,33,0.25125,20.08013554,20.05342381,19.98157661
85,34,0.25875,20.06342632,20.0422843,19.97972338
85,35,0.26625,20.04924755,20.03283178,19.98006013
85,36,0.27375,20.03709241,20.02472833,19.98211434
85,37,0.28125,20.02650042,20.01766699,19.98547116
85,38,0.28875,20.01704821,20.0113655,19.98975264
85,39,0.29625,20.00417017,20.00278012,19.99713562
90,0,0.00375,30.41101417,26.9406745,29.31920585
90,1,0.01125,29.54827791,26.36551702,28.7458769
90,2,0.01875,28.71511316,25.81007389,28.18087421
90,3,0.02625,27.94038187,25.29358643,27.63568306
90,4,0.03375,27.21209454,24.80806164,27.09967768
90,5,0.04125,26.53099093,24.3539927,26.57217263
90,6,0.04875,25.89676036,23.93117248,26.0527676
90,7,0.05625,25.30803127,23.53868661,25.54152036
90,8,0.06375,24.76331948,23.17554563,25.03963169
90,9,0.07125,24.26109518,22.84072969,24.54936689
90,10,0.07875,23.79969819,22.533132,24.07376757
90,11,0.08625,23.37733234,22.25155511,23.61635416
90,12,0.09375,22.992097,21.99473192,23.18082273
90,13,0.10125,22.6420172,21.76134566,22.77073872
90,14,0.10875,22.32506662,21.55004535,22.38925264
90,15,0.11625,22.03918839,21.35945977,22.03886575
90,16,0.12375,21.78231517,21.18821088,21.72126502
90,17,0.13125,21.55238805,21.03492614,21.43723615
90,18,0.13875,21.34737439,20.89825035,21.18665558
90,19,0.14625,21.1652851,20.77685738,20.96855419
90,20,0.15375,21.00418962,20.66946034,20.781237
90,21,0.16125,20.86222745,20.57481888,20.62243977
90,22,0.16875,20.73761845,20.49174614,20.48950553
90,23,0.17625,20.62867224,20.41911527,20.3795629
90,24,0.18375,20.53379368,20.35586288,20.2896879
90,25,0.19125,20.45148669,20.30099148,20.21703996
90,26,0.19875,20.38035781,20.25357219,20.15896696
90,27,0.20625,20.31911567,20.21274408,20.11307316
90,28,0.21375,20.26657005,20.1777136,20.07725563
90,29,0.22125,20.22163024,20.14775373,20.04971326
90,30,0.22875,20.18329969,20.12219997,20.02893187
90,31,0.23625,20.15067269,20.10044863,20.01365771
90,32,0.24375,20.12292704,20.08195149,20.00285995
90,33,0.25125,20.09931837,20.06621237,19.99569278
90,34,0.25875,20.0791721,20.05278149,19.99145717
90,35,0.26625,20.06187598,20.04125074,19.9895676
90,36,0.27375,20.0468715,20.03124773,19.98952364
90,37,0.28125,20.03364558,20.02243043,19.99088917
90,38,0.28875,20.02172145,20.014481,19.99328006
90,39,0.29625,20.00532494,20.00354996,19.99810315
95,0,0.00375,30.710196,27.14012902,29.60446945
95,1,0.01125,29.82383223,26.54921986,29.01477481
95,2,0.01875,29.00209026,26.00139193,28.44954701
95,3,0.02625,28.21998308,25.47998721,27.8925936
95,4,0.03375,27.48697543,24.99131555,27.34757592
95,5,0.04125,26.80071662,24.5338098,26.81119295
95,6,0.04875,26.15975541,24.10650249,26.28217996
95,7,0.05625,25.5631633,23.7087746,25.76092875
95,8,0.06375,25.00973761,23.33982437,25.24882905
95,9,0.07125,24.4980304,22.99868649,24.74814891
95,10,0.07875,24.0264615,22.68430753,24.26190655
95,11,0.08625,23.5933511,22.39556761,23.7936229
95,12,0.09375,23.19692803,22.13128593,23.34701837
95,13,0.10125,22.83534359,21.89022992,22.92570533
95,14,0.10875,22.50669209,21.671129,22.53290703
95,15,0.11625,22.20903212,21.47268893,22.1712236
95,16,0.12375,21.9404059,21.29360469,21.84246176
95,17,0.13125,21.69885671,21.13257192,21.54753831
95,18,0.13875,21.48244501,20.98829744,21.28646046
95,19,0.14625,21.2892645,20.85951032,21.05837813
95,20,0.15375,21.11745649,20.74497159,20.86169446
95,21,0.16125,20.96522089,20.64348119,20.69421592
95,22,0.16875,20.83082641,20.55388479,20.55332595
95,23,0.17625,20.71262009,20.47508051,20.43616376
95,24,0.18375,20.60903296,20.40602242,20.33978896
95,25,0.19125,20.51858444,20.34572333,20.26132256
95,26,0.19875,20.43988656,20.29325803,20.19805784
95,27,0.20625,20.37164411,20.24776306,20.14753443
95,28,0.21375,20.31265461,20.20843664,20.10758027
95,29,0.22125,20.2618076,20.17453865,20.07632554
95,30,0.22875,20.21808013,20.14538694,20.05219124
95,31,0.23625,20.18053442,20.12035646,20.03386521
95,32,0.24375,20.14831139,20.0988744,20.02026578
95,33,0.25125,20.1206257,20.08041726,20.01050421
95,34,0.25875,20.09675859,20.06450583,20.00384641
95,35,0.26625,20.07605095,20.05070072,19.99967931
95,36,0.27375,20.05789542,20.03859701,19.99748178
95,37,0.28125,20.04172841,20.027819,19.99680044
95,38,0.28875,20.02702162,20.01801445,19.99722649
95,39,0.29625,20.0066367,20.00442447,19.99909663
100,0,0.00375,30.97722402,27.31814768,29.79489857
100,1,0.01125,30.10942052,26.73961203,29.2124128
100,2,0.01875,29.27455996,26.18303837,28.63785042
100,3,0.02625,28.49316994,25.66211176,28.0805878
100,4,0.03375,27.75603558,25.17068896,27.53378812
100,5,0.04125,27.06409514,24.70939546,26.99777896
100,6,0.04875,26.41685881,24.27790473,26.4723928
100,7,0.05625,25.81311065,23.87540616,25.95775019
100,8,0.06375,25.2516081,23.50107135,25.45479574
100,9,0.07125,24.73103903,23.15402556,24.96518207
100,10,0.07875,24.24995548,22.8333035,24.49106688
100,11,0.08625,23.80678586,22.53785744,24.03492642
100,12,0.09375,23.39986376,22.26657641,23.5993631
100,13,0.10125,23.02744953,22.01830054,23.18690929
100,14,0.10875,22.68774749,21.79183259,22.79984639
100,15,0.11625,22.37892299,21.5859495,22.44005623
100,16,0.12375,22.09911961,21.39941384,22.10891337
100,17,0.13125,21.84647521,21.23098425,21.80722124
100,18,0.13875,21.6191372,21.07942557,21.53519147
100,19,0.14625,21.41527769,20.94351912,21.29246262
100,20,0.15375,21.23310698,20.82207192,21.07814995
100,21,0.16125,21.0708841,20.71392333,20.89091693
100,22,0.16875,20.9269267,20.61795165,20.72906277
100,23,0.17625,20.79962046,20.53308076,20.59061846
100,24,0.18375,20.68742497,20.45828376,20.47344147
100,25,0.19125,20.5888784,20.39258598,20.37530594
100,26,0.19875,20.50260215,20.33506844,20.29398494
100,27,0.20625,20.42730165,20.28486809,20.22731775
100,28,0.21375,20.36176695,20.24117822,20.17326391
100,29,0.22125,20.3048727,20.20324872,20.12994251
100,30,0.22875,20.25557451,20.17038321,20.09565435
100,31,0.23625,20.21290728,20.14193837,20.06889347
100,32,0.24375,20.1759795,20.11731982,20.04834418
100,33,0.25125,20.14396911,20.09597954,20.03287142
100,34,0.25875,20.11611687,20.07741136,20.02150294
100,35,0.26625,20.09172025,20.06114693,20.01340838
100,36,0.27375,20.07012592,20.04675068,20.00787532
100,37,0.28125,20.05072244,20.03381501,20.00428602
100,38,0.28875,20.03293212,20.02195479,20.00209712
100,39,0.29625,20.00810146,20.00540098,20.00045429
105,0,0.00375,31.25808753,27.50538999,30.13079996
105,1,0.01125,30.37368046,26.9157853,29.55418897
105,2,0.01875,29.5466554,26.3644353,28.99522883
105,3,0.02625,28.75914361,25.83942751,28.44205814
105,4,0.03375,28.01826287,25.34550712,27.89735345
105,5,0.04125,27.3217968,24.88119655,27.35870707
105,6,0.04875,26.66868842,24.44579112,26.82568044
105,7,0.05625,26.05814698,24.03876369,26.29904833
105,8,0.06375,25.48909376,23.6593951,25.78036747
105,9,0.07125,24.96026063,23.30683994,25.27195215
105,10,0.07875,24.47027171,22.98018098,24.77675633
105,11,0.08625,24.0176554,22.67843713,24.29814109
105,12,0.09375,23.60084985,22.40056713,23.83960291
105,13,0.10125,23.2182167,22.14547865,23.40450541
105,14,0.10875,22.868059,21.91204027,22.99583994
105,15,0.11625,22.54863864,21.69909327,22.61603287
105,16,0.12375,22.25819215,21.5054622,22.26681254
105,17,0.13125,21.99494533,21.32996433,21.94914116
105,18,0.13875,21.757127,21.17141877,21.66321039
105,19,0.14625,21.5429833,21.02865619,21.40849302
105,20,0.15375,21.35079042,20.90052756,21.18383681
105,21,0.16125,21.17886466,20.78591039,20.98758414
105,22,0.16875,21.02557191,20.68371513,20.81770545
105,23,0.17625,20.88933697,20.59289178,20.6719334
105,24,0.18375,20.76864939,20.51243339,20.54788438
105,25,0.19125,20.66206831,20.44137926,20.44316238
105,26,0.19875,20.56822747,20.37881866,20.35544281
105,27,0.20625,20.48583637,20.32389125,20.28253123
105,28,0.21375,20.4136814,20.27578786,20.22240205
105,29,0.22125,20.35062646,20.23375125,20.17321971
105,30,0.22875,20.29560984,20.19707343,20.13334263
105,31,0.23625,20.24764326,20.16509571,20.10131966
105,32,0.24375,20.20580689,20.13720475,20.07587599
105,33,0.25125,20.16924573,20.11283063,20.05589706
105,34,0.25875,20.13716376,20.09144263,20.04040845
105,35,0.26625,20.1088183,20.07254563,20.02855632
105,36,0.27375,20.08351317,20.05567552,20.01958754
105,37,0.28125,20.06059185,20.04039463,20.01283124
105,38,0.28875,20.03942989,20.02628663,20.00767876
105,39,0.29625,20.00971359,20.00647573,20.00171234
110,0,0.00375,31.5151474,27.67676322,30.38900561
110,1,0.01125,30.64366554,27.09577533,29.79982169
110,2,0.01875,29.80704284,26.5380269,29.2243699
110,3,0.02625,29.01988259,26.01325348,28.66465081
110,4,0.03375,28.27519274,25.51679368,28.11294528
110,5,0.04125,27.5738858,25.04925586,27.56819219
110,6,0.04875,26.91536506,24.6102422,27.02961164
110,7,0.05625,26.29857163,24.19904677,26.49741578
110,8,0.06375,25.72244791,23.81496452,25.97297367
110,9,0.07125,25.18584586,23.45723009,25.45854867
110,10,0.07875,24.68748671,23.12499096,24.95704678
110,11,0.08625,24.22598174,22.81732134,24.47178202
110,12,0.09375,23.79985522,22.53323737,24.00622551
110,13,0.10125,23.40755973,22.27170733,23.56374868
110,14,0.10875,23.04748977,22.03166078,23.14738584
110,15,0.11625,22.7179964,21.81199844,22.75963746
110,16,0.12375,22.41740185,21.611602,22.40232799
110,17,0.13125,22.14401314,21.42934288,22.07652504
110,18,0.13875,21.89613508,21.26409082,21.7825215
110,19,0.14625,21.67208347,21.11472299,21.51987572
110,20,0.15375,21.47019722,20.9801321,21.28749789
110,21,0.16125,21.28884771,20.85923242,21.08376726
110,22,0.16875,21.12644798,20.75096585,20.90666784
110,23,0.17625,20.98146173,20.65430829,20.75392842
110,24,0.18375,20.85240917,20.56827325,20.6231517
110,25,0.19125,20.73787192,20.491915,20.51192602
110,26,0.19875,20.63649813,20.42433245,20.41791547
110,27,0.20625,20.54700407,20.36466973,20.33892261
110,28,0.21375,20.46817555,20.3121173,20.27292839
110,29,0.22125,20.39886901,20.26591295,20.21811187
110,30,0.22875,20.33800901,20.22533955,20.17285098
110,31,0.23625,20.28458772,20.18972535,20.13571449
110,32,0.24375,20.23766058,20.15844055,20.10544353
110,33,0.25125,20.19634324,20.13089565,20.08093156
110,34,0.25875,20.15980629,20.10653765,20.06120166
110,35,0.26625,20.12727022,20.08484692,20.04538535
110,36,0.27375,20.09799908,20.0653328,20.03270184
110,37,0.28125,20.07129423,20.04752955,20.02243946
110,38,0.28875,20.04648718,20.03099149,20.01393985
110,39,0.29625,20.01146622,20.00764415,20.00323139
115,0,0.00375,31.78094367,27.8539607,30.58378254
115,1,0.01125,30.89765823,27.26510377,29.99796615
115,2,0.01875,30.06632227,26.71087983,29.42373155
115,3,0.02625,29.27412896,26.18275103,28.85610713
115,4,0.03375,28.52634458,25.68422822,28.29788652
115,5,0.04125,27.82100118,25.21399942,27.74710427
115,6,0.04875,27.1573158,24.77154268,27.20326646
115,7,0.05625,26.53458245,24.3563873,26.66679994
115,8,0.06375,25.95182901,23.96788524,26.13889958
115,9,0.07125,25.40793799,23.60529149,25.62154884
115,10,0.07875,24.90169753,23.26779817,25.11738689
115,11,0.08625,24.43180309,22.95453557,24.62948159
115,12,0.09375,23.9968634,22.66457616,24.16107928
115,13,0.10125,23.59541365,22.39694327,23.71535884
115,14,0.10875,23.2259305,22.15062126,23.29520705
115,15,0.11625,22.88684637,21.92456509,22.90303043
115,16,0.12375,22.5765626,21.71770916,22.54061584
115,17,0.13125,22.29346176,21.52897529,22.20904711
115,18,0.13875,22.03591955,21.35728048,21.90867973
115,19,0.14625,21.80231728,21.20154552,21.63917016
115,20,0.15375,21.59105322,21.06070276,21.3995494
115,21,0.16125,21.40055151,20.93370162,21.18832749
115,22,0.16875,21.22927081,20.81951441,21.00361777
115,23,0.17625,21.07571317,20.71714259,20.84326801
115,24,0.18375,20.93842962,20.62562023,20.70498362
115,25,0.19125,20.81602509,20.54401713,20.5864364
115,26,0.19875,20.7071637,20.47144283,20.48535417
115,27,0.20625,20.61057043,20.4070473,20.39958485
115,28,0.21375,20.52503297,20.35002225,20.32713869
115,29,0.22125,20.44940311,20.29960236,20.26621091
115,30,0.22875,20.38259463,20.25506331,20.2151849
115,31,0.23625,20.32358336,20.21572245,20.17262635
115,32,0.24375,20.27140321,20.18093565,20.13726618
115,33,0.25125,20.22514377,20.150096,20.10798141
115,34,0.25875,20.18394548,20.12263044,20.08377283
115,35,0.26625,20.14699511,20.09799685,20.06374441
115,36,0.27375,20.11352009,20.07568014,20.04708389
115,37,0.28125,20.08278259,20.05518846,20.03304699
115,38,0.28875,20.05407304,20.03604874,20.02094324
115,39,0.29625,20.01335168,20.00890113,20.00500256
120,0,0.00375,32.02870904,28.0191376,30.85011253
120,1,0.01125,31.15450065,27.43633202,30.27024044
120,2,0.01875,30.31610009,26.87739836,29.70085846
120,3,0.02625,29.5239064,26.34926931,29.14190278
120,4,0.03375,28.77265937,25.84843807,28.58830669
120,5,0.04125,28.06314159,25.37542636,28.04017359
120,6,0.04875,27.39471006,24.92980549,27.49748553
120,7,0.05625,26.76644877,24.51096484,26.96089185
120,8,0.06375,26.17744096,24.11829319,26.43186119
120,9,0.07125,25.62666681,23.7511107,25.91253285
120,10,0.07875,25.11298626,23.40865731,25.40556579
120,11,0.08625,24.63516135,23.09010774,24.91395914
120,12,0.09375,24.19187321,22.79458269,24.44083678
120,13,0.10125,23.78173323,22.52115632,23.98922465
120,14,0.10875,23.40329445,22.26886389,23.56185059
120,15,0.11625,23.05506431,22.03671038,23.16098518
120,16,0.12375,22.73551702,21.82367877,22.78833238
120,17,0.13125,22.44310507,21.62873749,22.44497168
120,18,0.13875,22.17627028,21.45084763,22.13134909
120,19,0.14625,21.93345547,21.28897099,21.84731012
120,20,0.15375,21.71311505,21.14207732,21.59216355
120,21,0.16125,21.51372343,21.00914957,21.36476417
120,22,0.16875,21.33378328,20.8891894,21.1636069
120,23,0.17625,21.17183399,20.78122314,20.98692439
120,24,0.18375,21.0264572,20.68430528,20.83277818
120,25,0.19125,20.89628159,20.59752146,20.69914142
120,26,0.19875,20.77998819,20.51999249,20.58397105
120,27,0.20625,20.67631225,20.45087519,20.48526431
120,28,0.21375,20.58404526,20.38936379,20.40110263
120,29,0.22125,20.50203661,20.33469136,20.32968299
120,30,0.22875,20.4291919,20.28612816,20.2693349
120,31,0.23625,20.36447333,20.24298244,20.21853018
120,32,0.24375,20.30689623,20.20459767,20.17588122
120,33,0.25125,20.25552709,20.17035156,20.14013532
120,34,0.25875,20.2094792,20.13965293,20.11016278
120,35,0.26625,20.16790874,20.11193928,20.08494324
120,36,0.27375,20.13000942,20.08667304,20.06354943
120,37,0.28125,20.09500729,20.06333826,20.04512991
120,38,0.28875,20.06215457,20.04143643,20.02889056
120,39,0.29625,20.01536177,20.01024119,20.00705365
125,0,0.00375,32.28184084,28.18789211,31.16058839
125,1,0.01125,31.39913414,27.599421,30.57633446
125,2,0.01875,30.56422329,27.04281381,30.00451294
125,3,0.02625,29.76789898,26.51193101,29.4384228
125,4,0.03375,29.01400351,26.00933414,28.87727464
125,5,0.04125,28.30085117,25.53389938,28.31802693
125,6,0.04875,27.62784267,25.08522722,27.75995767
125,7,0.05625,26.9943299,24.66288557,27.20376684
125,8,0.06375,26.39943523,24.26628936,26.65130963
125,9,0.07125,25.84216675,23.89477731,26.10547876
125,10,0.07875,25.32144547,23.54763011,25.56997363
125,11,0.08625,24.8361033,23.22406902,25.04900554
125,12,0.09375,24.38489019,22.92326067,24.54698018
125,13,0.10125,23.96648602,22.64432484,24.06817694
125,14,0.10875,23.57951306,22.38634296,23.61644974
125,15,0.11625,23.22254773,22.14836599,23.19497542
125,16,0.12375,22.89413176,21.92942193,22.80607079
125,17,0.13125,22.59278265,21.72852255,22.4510908
125,18,0.13875,22.31700389,21.54467004,22.13041142
125,19,0.14625,22.0652959,21.3768646,21.84349115
125,20,0.15375,21.83616609,21.22411135,21.58899524
125,21,0.16125,21.62813666,21.08542507,21.36496152
125,22,0.16875,21.43975243,20.9598355,21.16898822
125,23,0.17625,21.26958905,20.84639318,20.99842295
125,24,0.18375,21.1162582,20.74417262,20.85053199
125,25,0.19125,20.97841239,20.65227534,20.72263945
125,26,0.19875,20.85475021,20.56983385,20.61223091
125,27,0.20625,20.74401825,20.49601253,20.51701631
125,28,0.21375,20.64501329,20.43000914,20.43495916
125,29,0.22125,20.55658424,20.37105646,20.3642784
125,30,0.22875,20.47763068,20.31842069,20.30342765
125,31,0.23625,20.4071036,20.27140263,20.25106578
125,32,0.24375,20.34400235,20.22933508,20.20601954
125,33,0.25125,20.28737302,20.19158218,20.16724896
125,34,0.25875,20.23630464,20.15753657,20.13381468
125,35,0.26625,20.1899256,20.12661719,20.10485154
125,36,0.27375,20.14739889,20.09826602,20.07954692
125,37,0.28125,20.10791731,20.07194495,20.05712503
125,38,0.28875,20.07069786,20.04713195,20.03683539
125,39,0.29625,20.01748804,20.0116587,20.00880276
130,0,0.00375,32.52099093,28.34732548,31.40405929
130,1,0.01125,31.64471648,27.76314254,30.81963824
130,2,0.01875,30.80456195,27.20303956,30.2436264
130,3,0.02625,30.0079443,26.67196121,29.67560953
130,4,0.03375,29.25092765,26.16728355,29.11141405
130,5,0.04125,28.53412918,25.68941804,28.5504182
130,6,0.04875,27.85690266,25.23793386,27.99202349
130,7,0.05625,27.2184547,24.8123021,27.43666484
130,8,0.06375,26.61797661,24.4119836,26.88591462
130,9,0.07125,26.05455226,24.03636764,26.34229318
130,10,0.07875,25.52715723,23.68477127,25.80904857
130,11,0.08625,25.03467901,23.35645282,25.289895
130,12,0.09375,24.57592896,23.05061984,24.78872367
130,13,0.10125,24.14965107,22.76643487,24.30931856
130,14,0.10875,23.75453183,22.50302213,23.85510394
130,15,0.11625,23.38921123,22.25947498,23.42894119
130,16,0.12375,23.05229329,22.03486295,23.03298544
130,17,0.13125,22.74235582,21.82823799,22.6686063
130,18,0.13875,22.45795984,21.63864067,22.33637184
130,19,0.14625,22.19765981,21.46510722,22.0360897
130,20,0.15375,21.96001308,21.30667601,21.7668923
130,21,0.16125,21.74358712,21.16239204,21.52735166
130,22,0.16875,21.54696707,21.03131193,21.31561183
130,23,0.17625,21.36876349,20.91250949,21.12952622
130,24,0.18375,21.20761745,20.80507879,20.96678562
130,25,0.19125,21.06220507,20.70813713,20.82503109
130,26,0.19875,20.9312428,20.62082891,20.70194726
130,27,0.20625,20.81348936,20.54232661,20.59532999
130,28,0.21375,20.70774804,20.47183232,20.50313196
130,29,0.22125,20.61286879,20.40857949,20.42348779
130,30,0.22875,20.52774701,20.35183158,20.35471899
130,31,0.23625,20.45132463,20.30088332,20.29532858
130,32,0.24375,20.38258731,20.2550584,20.24398336
130,33,0.25125,20.3205633,20.21370904,20.19949333
130,34,0.25875,20.26431993,20.17621343,20.16078746
130,35,0.26625,20.21296058,20.14197384,20.12689128
130,36,0.27375,20.16562029,20.11041362,20.09690618
130,37,0.28125,20.12146147,20.08097438,20.06999245
130,38,0.28875,20.07966876,20.05311255,20.04535567
130,39,0.29625,20.01972193,20.01314796,20.01111194
135,0,0.00375,32.76327631,28.50884906,31.59801406
135,1,0.01125,31.88079702,27.92052955,31.0080908
135,2,0.01875,31.04287306,27.36191362,30.42936837
135,3,0.02625,30.24285307,26.82856704,29.85722365
135,4,0.03375,29.4835036,26.32233417,29.29127266
135,5,0.04125,28.76341201,25.84227325,28.72959349
135,6,0.04875,28.08209898,25.38806474,28.17195197
135,7,0.05625,27.43896139,24.95930654,27.61896895
135,8,0.06375,26.83320551,24.55546952,27.07202837
135,9,0.07125,26.26394389,24.17596205,26.53325325
135,10,0.07875,25.73020641,23.82013738,26.00536165
135,11,0.08625,25.23093817,23.48729226,25.4914638
135,12,0.09375,24.76500739,23.17667212,24.99483796
135,13,0.10125,24.33121568,22.88747793,24.51870474
135,14,0.10875,23.92830826,22.61887308,24.06602051
135,15,0.11625,23.55498395,22.36999013,23.63930695
135,16,0.12375,23.20990461,22.13993716,23.2405274
135,17,0.13125,22.89170411,21.92780352,22.87101376
135,18,0.13875,22.59899712,21.73266552,22.53144319
135,19,0.14625,22.33038869,21.55359313,22.22186015
135,20,0.15375,22.08448315,21.38965606,21.94173317
135,21,0.16125,21.85989092,21.23992791,21.69003549
135,22,0.16875,21.65523549,21.10349087,21.46534139
135,23,0.17625,21.469161,20.97944116,21.26592905
135,24,0.18375,21.30033699,20.86689182,21.08987903
135,25,0.19125,21.14746286,20.76497566,20.93516447
135,26,0.19875,21.00927302,20.67284906,20.79973017
135,27,0.20625,20.88453884,20.58969293,20.68155429
135,28,0.21375,20.77207101,20.5147143,20.57869559
135,29,0.22125,20.67072183,20.44714819,20.48932645
135,30,0.22875,20.57938412,20.38625632,20.41174974
135,31,0.23625,20.49699257,20.33132861,20.34440767
135,32,0.24375,20.42252128,20.28168105,20.28587847
135,33,0.25125,20.3549829,20.23665544,20.23486907
135,34,0.25875,20.29342556,20.19561719,20.19020182
135,35,0.26625,20.23693015,20.15795356,20.15079991
135,36,0.27375,20.18460644,20.12307105,20.1156709
135,37,0.28125,20.13558918,20.09039286,20.08389081
135,38,0.28875,20.08903346,20.05935569,20.0545874
135,39,0.29625,20.02205499,20.01470334,20.01345556
140,0,0.00375,32.99446239,28.6629731,31.8822828
140,1,0.01125,32.11658595,28.07772215,31.30583874
140,2,0.01875,31.27472859,27.51648396,30.73454567
140,3,0.02625,30.47419148,26.98279263,30.16812819
140,4,0.03375,29.71203824,26.47469058,29.60354762
140,5,0.04125,28.9887216,25.99247963,29.04032
140,6,0.04875,28.30361925,25.5357449,28.47809542
140,7,0.05625,27.65603929,25.10402513,27.91755697
140,8,0.06375,27.0452575,24.6968375,27.36042622
140,9,0.07125,26.47044385,24.31362867,26.80928541
140,10,0.07875,25.93067137,23.95378068,26.26738432
140,11,0.08625,25.42493262,23.61662188,25.73840303
140,12,0.09375,24.95214814,23.30143261,25.22618436
140,13,0.10125,24.51117369,23.00744994,24.73446668
140,14,0.10875,24.10080889,22.73387349,24.26664345
140,15,0.11625,23.71980675,22.47987199,23.82556905
140,16,0.12375,23.36688266,22.24458919,23.41342286
140,17,0.13125,23.04072265,22.02714921,23.03163644
140,18,0.13875,22.73999145,21.82666174,22.68088225
140,19,0.14625,22.46334152,21.64222836,22.36111677
140,20,0.15375,22.20942142,21.47294824,22.07166401
140,21,0.16125,21.97688209,21.31792202,21.8113244
140,22,0.16875,21.76438357,21.17625627,21.57849716
140,23,0.17625,21.57060211,21.04706857,21.37130434
140,24,0.18375,21.39423482,20.92949037,21.18770346
140,25,0.19125,21.23400383,20.82266964,21.02558476
140,26,0.19875,21.08866144,20.72577468,20.88285032
140,27,0.20625,20.95699201,20.63799505,20.7574705
140,28,0.21375,20.83781438,20.55854322,20.64752233
140,29,0.22125,20.72998418,20.48665643,20.55121204
140,30,0.22875,20.63239305,20.42159561,20.46688192
140,31,0.23625,20.5439701,20.36264697,20.39301041
140,32,0.24375,20.46367972,20.30912001,20.32820266
140,33,0.25125,20.39052107,20.26034756,20.27117922
140,34,0.25875,20.32352531,20.21568369,20.22076112
140,35,0.26625,20.26175327,20.17450231,20.17585509
140,36,0.27375,20.20429197,20.13619474,20.13543789
140,37,0.28125,20.15025113,20.1001675,20.09854132
140,38,0.28875,20.09875896,20.06583936,20.06423727
140,39,0.29625,20.02447895,20.01631931,20.01576601
145,0,0.00375,33.22730658,28.81820253,32.07266508
145,1,0.01125,32.34482936,28.22988441,31.47353959
145,2,0.01875,31.50432538,27.66954846,30.88871346
145,3,0.02625,30.70096446,27.1339746,30.31113583
145,4,0.03375,29.93671112,26.62447249,29.73850742
145,5,0.04125,29.21039657,26.14026293,29.16848188
145,6,0.04875,28.5216185,25.68107772,28.60061427
145,7,0.05625,27.86981266,25.2465407,28.035492
145,8,0.06375,27.25425933,24.83617205,27.47463456
145,9,0.07125,26.67415795,24.44943806,26.92041405
145,10,0.07875,26.12862872,24.08575224,26.37587449
145,11,0.08625,25.61671185,23.74447469,25.84450561
145,12,0.09375,25.13737546,23.42491748,25.32999593
145,13,0.10125,24.68952427,23.12635032,24.83598077
145,14,0.10875,24.27200809,22.84800629,24.36580581
145,15,0.11625,23.8836303,22.58908769,23.92232591
145,16,0.12375,23.52315602,22.34877143,23.50775333
145,17,0.13125,23.18931978,22.12621396,23.12356456
145,18,0.13875,22.88083304,21.92055614,22.77046862
145,19,0.14625,22.59639268,21.73092912,22.44843426
145,20,0.15375,22.3346888,21.55645982,22.15676503
145,21,0.16125,22.0944107,21.39627443,21.8942082
145,22,0.16875,21.87425304,21.24950258,21.65908465
145,23,0.17625,21.67292284,21.11528239,21.44942555
145,24,0.18375,21.48914371,20.99276297,21.26309964
145,25,0.19125,21.32165995,20.88110706,21.09792396
145,26,0.19875,21.16924155,20.77949476,20.95175301
145,27,0.20625,21.03068603,20.6871244,20.82254038
145,28,0.21375,20.90482089,20.60321423,20.70837727
145,29,0.22125,20.79050604,20.52700434,20.60751076
145,30,0.22875,20.68663305,20.45775562,20.51834321
145,31,0.23625,20.59212691,20.39475152,20.43942361
145,32,0.24375,20.50594402,20.33729621,20.36942914
145,33,0.25125,20.42707193,20.2847148,20.30714626
145,34,0.25875,20.35452693,20.23635143,20.25145023
145,35,0.26625,20.28735205,20.19156816,20.20128729
145,36,0.27375,20.22461391,20.14974271,20.15565902
145,37,0.28125,20.16539971,20.11026655,20.11361077
145,38,0.28875,20.10881334,20.07254228,20.07422375
145,39,0.29625,20.0269858,20.01799055,20.01822149
150,0,0.00375,33.45113489,28.9674214,32.30552538
150,1,0.01125,32.57198667,28.3813226,31.73204013
150,2,0.01875,31.72849444,27.8189945,31.15739955
150,3,0.02625,30.92445651,27.28296929,30.58525765
150,4,0.03375,30.15768403,26.77178774,30.01455251
150,5,0.04125,29.4284833,26.28565407,29.44509437
150,6,0.04875,28.73627073,25.82417919,28.87661114
150,7,0.05625,28.08043681,25.38695678,28.30976214
150,8,0.06375,27.46032491,24.97354909,27.74617603
150,9,0.07125,26.87517778,24.58345127,27.18831464
150,10,0.07875,26.32415113,24.2161005,26.63929545
150,11,0.08625,25.80632614,23.87088422,26.10266038
150,12,0.09375,25.32071564,23.54714426,25.58211681
150,13,0.10125,24.86627027,23.24418098,25.08128214
150,14,0.10875,24.44188626,22.9612584,24.60345641
150,15,0.11625,24.04641347,22.6976098,24.1514398
150,16,0.12375,23.67866323,22.4524429,23.72740474
150,17,0.13125,23.33741525,22.22494427,23.33282595
150,18,0.13875,23.02142465,22.01428387,22.96846622
150,19,0.14625,22.7294299,21.81962061,22.6344113
150,20,0.15375,22.46016023,21.64010744,22.33014155
150,21,0.16125,22.21234104,21.47489466,22.05462691
150,22,0.16875,21.98469996,21.32313386,21.80643582
150,23,0.17625,21.77597326,21.18398267,21.58384765
150,24,0.18375,21.58491008,21.05660722,21.3849569
150,25,0.19125,21.41027622,20.94018457,21.20776569
150,26,0.19875,21.25085906,20.83390644,21.05026163
150,27,0.20625,21.10546937,20.73697996,20.91047569
150,28,0.21375,20.97294371,20.64862945,20.78652391
150,29,0.22125,20.85214696,20.56809829,20.67663386
150,30,0.22875,20.74197168,20.49464804,20.57915527
150,31,0.23625,20.64133999,20.42756024,20.49256311
150,32,0.24375,20.54920183,20.36613476,20.41545009
150,33,0.25125,20.46453491,20.30969013,20.3465166
150,34,0.25875,20.38634257,20.25756186,20.28455647
150,35,0.26625,20.31365212,20.20910154,20.22844295
150,36,0.27375,20.24551205,20.1636748,20.17711434
150,37,0.28125,20.18098934,20.12065964,20.12956056
150,38,0.28875,20.11916601,20.07944406,20.08480862
150,39,0.29625,20.02956786,20.01971192,20.02094573
155,0,0.00375,33.67564494,29.11709474,32.52852813
155,1,0.01125,32.79302747,28.52868312,31.92951959
155,2,0.01875,31.95028106,27.96685223,31.34657219
155,3,0.02625,31.14387494,27.42924822,30.76917287
155,4,0.03375,30.37518176,26.91678622,30.19407724
155,5,0.04125,29.64324028,26.42882538,29.61931962
155,6,0.04875,28.9476974,25.9651303,29.04477623
155,7,0.05625,28.28802451,25.52534857,28.47128183
155,8,0.06375,27.66356651,25.10904348,27.90057209
155,9,0.07125,27.07359546,24.71572972,27.33521661
155,10,0.07875,26.51730737,24.34487132,26.7784516
155,11,0.08625,25.99382306,23.99588215,26.23395921
155,12,0.09375,25.50219569,23.66813096,25.70561643
155,13,0.10125,25.04141789,23.36094605,25.19723458
155,14,0.10875,24.6104289,23.07362016,24.71231475
155,15,0.11625,24.20812193,22.80541543,24.25384132
155,16,0.12375,23.83335121,22.55556821,23.82412873
155,17,0.13125,23.48493859,22.32329316,23.42473032
155,18,0.13875,23.16167997,22.10778741,23.05641125
155,19,0.14625,22.8623528,21.90823587,22.71918162
155,20,0.15375,22.58572305,21.72381599,22.41237747
155,21,0.16125,22.3305503,21.55370083,22.1347746
155,22,0.16875,22.09559331,21.39706276,21.88472205
155,23,0.17625,21.87961634,21.25307806,21.66028049
155,24,0.18375,21.68139296,21.12092914,21.45934992
155,25,0.19125,21.49970979,20.99980696,21.27977951
155,26,0.19875,21.33337127,20.88891457,21.11945527
155,27,0.20625,21.18120137,20.78746796,20.97635994
155,28,0.21375,21.04204603,20.69469766,20.84860965
155,29,0.22125,20.91477569,20.60985078,20.73447083
155,30,0.22875,20.79828477,20.5321901,20.63235846
155,31,0.23625,20.69149369,20.46099604,20.54082684
155,32,0.24375,20.59334729,20.39556506,20.45855085
155,33,0.25125,20.50281501,20.3352102,20.38430714
155,34,0.25875,20.41888906,20.27925952,20.31695388
155,35,0.26625,20.34058296,20.22705544,20.25541298
155,36,0.27375,20.26692916,20.17795288,20.19865414
155,37,0.28125,20.19697663,20.13131784,20.14568206
155,38,0.28875,20.12978784,20.08652528,20.09552702
155,39,0.29625,20.03221782,20.02147856,20.02353264
160,0,0.00375,33.89266932,29.26177765,32.70870914
160,1,0.01125,33.01248747,28.67498978,32.12767317
160,2,0.01875,32.16743709,28.1116229,31.54320245
160,3,0.02625,31.3602472,27.57349639,30.96101954
160,4,0.03375,30.58928429,27.05952123,30.38004993
160,5,0.04125,29.85473253,26.5698202,29.79947857
160,6,0.04875,29.15605335,26.10403425,29.21881444
160,7,0.05625,28.49270349,25.66180122,28.63872871
160,8,0.06375,27.86408169,25.24272025,28.06097412
160,9,0.07125,27.26949297,24.84632805,27.4882101
160,10,0.07875,26.70816355,24.47210876,26.92380667
160,11,0.08625,26.17924982,24.11949999,26.37160338
160,12,0.09375,25.68184315,23.78789592,25.83563986
160,13,0.10125,25.21497539,23.47665105,25.31988239
160,14,0.10875,24.7776256,23.18508461,24.82796936
160,15,0.11625,24.36872711,22.91248554,24.36299601
160,16,0.12375,23.98717415,22.65811683,23.92735398
160,17,0.13125,23.63182784,22.42121933,23.5226349
160,18,0.13875,23.30152225,22.2010156,23.14960124
160,19,0.14625,22.99507136,21.99671491,22.80822058
160,20,0.15375,22.71127572,21.80751777,22.49775134
160,21,0.16125,22.44892712,21.63261871,22.21686436
160,22,0.16875,22.20681386,21.4712098,21.96378628
160,23,0.17625,21.98372682,21.32248504,21.73644903
160,24,0.18375,21.77846299,21.1856425,21.53262842
160,25,0.19125,21.58982915,21.05988653,21.35006352
160,26,0.19875,21.41664635,20.94443129,21.18655163
160,27,0.20625,21.25775169,20.83850151,21.04001249
160,28,0.21375,21.11200071,20.74133412,20.90852631
160,29,0.22125,20.9782699,20.65218025,20.7903491
160,30,0.22875,20.85545632,20.57030447,20.68390724
160,31,0.23625,20.74247968,20.4949867,20.58778282
160,32,0.24375,20.63828097,20.42552085,20.50068897
160,33,0.25125,20.54182286,20.36121543,20.42144521
160,34,0.25875,20.452088,20.30139216,20.34895196
160,35,0.26625,20.368078,20.24538547,20.28216927
160,36,0.27375,20.28881118,20.19254089,20.22009895
160,37,0.28125,20.21332059,20.1422138,20.16177147
160,38,0.28875,20.14065125,20.09376756,20.10623526
160,39,0.29625,20.03492875,20.02328585,20.02618853
165,0,0.00375,34.10973243,29.40648638,32.98381258
165,1,0.01125,33.22688701,28.81792279,32.39862917
165,2,0.01875,32.38216446,28.25477447,31.82486775
165,3,0.02625,31.57296377,27.71530742,31.25234812
165,4,0.03375,30.80022445,27.20014799,30.67898394
165,5,0.04125,30.06315655,26.70876953,30.10379576
165,6,0.04875,29.36143874,26.24095783,29.52704443
165,7,0.05625,28.69457581,25.79638276,28.94973955
165,8,0.06375,28.0619687,25.37464492,28.37374719
165,9,0.07125,27.46295044,24.97529969,27.80175098
165,10,0.07875,26.89678133,24.59785394,27.23707481
165,11,0.08625,26.3626511,24.2417675,26.68344415
165,12,0.09375,25.85968566,23.9064576,26.14472467
165,13,0.10125,25.38695302,23.59130279,25.6246672
165,14,0.10875,24.94346931,23.29564709,25.1266845
165,15,0.11625,24.52820528,23.01880432,24.65367702
165,16,0.12375,24.14009239,22.76006233,24.20791534
165,17,0.13125,23.77802845,22.5186864,23.79098018
165,18,0.13875,23.44088318,22.29392289,23.40375548
165,19,0.14625,23.12750489,22.08500392,23.04646619
165,20,0.15375,22.83672661,21.89115169,22.7187479
165,21,0.16125,22.56737055,21.711581,22.41973536
165,22,0.16875,22.31825302,21.54550257,22.14816183
165,23,0.17625,22.08819021,21.3921273,21.90246057
165,24,0.18375,21.87600158,21.25066822,21.68085922
165,25,0.19125,21.68051329,21.12034262,21.48146452
165,26,0.19875,21.50056264,21.00037549,21.30233612
165,27,0.20625,21.33499973,20.8900002,21.14154407
165,28,0.21375,21.1826898,20.78846018,20.99721333
165,29,0.22125,21.04251584,20.69501088,20.86755547
165,30,0.22875,20.91337819,20.60891905,20.75088558
165,31,0.23625,20.79419677,20.52946476,20.64563183
165,32,0.24375,20.68390987,20.45594012,20.55033348
165,33,0.25125,20.58147466,20.38764997,20.46363498
165,34,0.25875,20.48586583,20.32391071,20.38427441
165,35,0.26625,20.39607467,20.26404992,20.31107076
165,36,0.27375,20.31110723,20.20740493,20.24290991
165,37,0.28125,20.22998255,20.15332178,20.17873193
165,38,0.28875,20.15173026,20.10115356,20.11752047
165,39,0.29625,20.03769413,20.02512943,20.02917781
170,0,0.00375,34.32045267,29.54696652,33.1800944
170,1,0.01125,33.43941137,28.95960569,32.58958237
170,2,0.01875,32.59288264,28.39525324,32.00306551
170,3,0.02625,31.78283287,27.85522014,31.42224934
170,4,0.03375,31.00803928,27.3386912,30.84359139
170,5,0.04125,30.26858853,26.84572417,30.26505831
170,6,0.04875,29.56398794,26.37599063,29.68583106
170,7,0.05625,28.89374752,25.92916388,29.10649437
170,8,0.06375,28.25731228,25.50487396,28.52871542
170,9,0.07125,27.654041,25.10269339,27.9550107
170,10,0.07875,27.08322019,24.72214651,27.38854487
170,11,0.08625,26.54407049,24.36271375,26.83290544
170,12,0.09375,26.0357506,24.02383421,26.2918587
170,13,0.10125,25.55736219,23.70490891,25.76910602
170,14,0.10875,25.10795578,23.40530473,25.2680605
170,15,0.11625,24.68653688,23.12435872,24.79166157
170,16,0.12375,24.2920717,22.86138186,24.34223936
170,17,0.13125,23.92349232,22.61566231,23.92143491
170,18,0.13875,23.5797019,22.38646869,23.53017643
170,19,0.14625,23.2595809,22.1730546,23.16870704
170,20,0.15375,22.96199297,21.9746626,22.83665231
170,21,0.16125,22.68578903,21.79052665,22.5331145
170,22,0.16875,22.42981191,21.61987516,22.25678273
170,23,0.17625,22.19290191,21.4619351,22.00604771
170,24,0.18375,21.97389999,21.31593383,21.77910807
170,25,0.19125,21.77165101,21.1811011,21.57406354
170,26,0.19875,21.58500805,21.05667243,21.38899215
170,27,0.20625,21.41283407,20.94188977,21.22200601
170,28,0.21375,21.25400411,20.83600305,21.07129004
170,29,0.22125,21.10740796,20.7382723,20.93512554
170,30,0.22875,20.97194986,20.64796683,20.81189841
170,31,0.23625,20.84655075,20.56436741,20.7001011
170,32,0.24375,20.7301472,20.48676501,20.59832507
170,33,0.25125,20.62169216,20.41446163,20.50525192
170,34,0.25875,20.5201537,20.34676929,20.41964093
170,35,0.26625,20.42451437,20.28300972,20.34031712
170,36,0.27375,20.33376962,20.22251318,20.26615864
170,37,0.28125,20.24692628,20.1646176,20.19608466
170,38,0.28875,20.16300048,20.10866704,20.12904115
170,39,0.29625,20.04050781,20.02700522,20.03193902
175,0,0.00375,34.53079067,29.68719186,33.40866556
175,1,0.01125,33.64766543,29.09844171,32.82376909
175,2,0.01875,32.8011793,28.53411767,32.24279402
175,3,0.02625,31.989399,27.99293088,31.66040915
175,4,0.03375,31.21294928,27.47529785,31.07616672
175,5,0.04125,30.47117863,26.98078423,30.4892755
175,6,0.04875,29.76378692,26.50918994,29.89961669
175,7,0.05625,29.09031029,26.06020572,29.30790235
175,8,0.06375,28.45019796,25.63346441,28.71593098
175,9,0.07125,27.84283456,25.22855575,28.1265376
175,10,0.07875,27.26753539,24.8450233,27.54338132
175,11,0.08625,26.72354939,24.48236635,26.97066616
175,12,0.09375,26.2100651,24.14004388,26.41283256
175,13,0.10125,25.72621544,23.81747773,25.87424682
175,14,0.10875,25.27108303,23.51405622,25.35891594
175,15,0.11625,24.84370583,23.22913801,24.87025
175,16,0.12375,24.44308246,22.9620557,24.41088874
175,17,0.13125,24.06817707,22.7121188,23.98260114
175,18,0.13875,23.71792411,22.47861683,23.58626017
175,19,0.14625,23.39123429,22.26082352,23.22188735
175,20,0.15375,23.08700007,22.05800066,22.88875274
175,21,0.16125,22.80409947,21.86940027,22.58551229
175,22,0.16875,22.54140048,21.69426754,22.31036632
175,23,0.17625,22.29776636,21.53184473,22.06122146
175,24,0.18375,22.07205862,21.38137291,21.83583779
175,25,0.19125,21.86314013,21.24209385,21.63195264
175,26,0.19875,21.66987938,21.11325332,21.44737586
175,27,0.20625,21.49115191,20.99410166,21.28005107
175,28,0.21375,21.32584264,20.88389541,21.12808885
175,29,0.22125,21.1728485,20.78189932,20.98977621
175,30,0.22875,21.03107805,20.68738563,20.86356579
175,31,0.23625,20.89945402,20.59963627,20.74805674
175,32,0.24375,20.77691221,20.51794169,20.6419673
175,33,0.25125,20.66240242,20.44160181,20.5441088
175,34,0.25875,20.55488739,20.36992508,20.4533604
175,35,0.26625,20.45334238,20.30222839,20.36864866
175,36,0.27375,20.35675377,20.23783595,20.28893104
175,37,0.28125,20.26411788,20.17607867,20.21318462
175,38,0.28875,20.17443909,20.11629278,20.14040091
175,39,0.29625,20.04336406,20.02890939,20.03467809
180,0,0.00375,34.73565413,29.82376748,33.60846885
180,1,0.01125,33.85388267,29.23591986,33.01884727
180,2,0.01875,33.00595462,28.67063454,32.43427729
180,3,0.02625,32.19329085,28.12885878,31.85320086
180,4,0.03375,31.4149714,27.60997925,31.27195719
180,5,0.04125,30.67100769,27.11400359,30.68915102
180,6,0.04875,29.96095066,26.64063242,30.10460725
180,7,0.05625,29.28435328,26.1895677,29.51925033
180,8,0.06375,28.64070003,25.76046578,28.93486382
180,9,0.07125,28.0293962,25.35293017,28.35397126
180,10,0.07875,27.44978016,24.96651981,27.77969697
180,11,0.08625,26.90112772,24.60075189,27.21556699
180,12,0.09375,26.38265563,24.25510422,26.66527658
180,13,0.10125,25.89352591,23.92901804,26.13245531
180,14,0.10875,25.43285099,23.62190152,25.62045479
180,15,0.11625,24.99969908,23.33313351,25.13217674
180,16,0.12375,24.59309914,23.06206681,24.66995064
180,17,0.13125,24.2120453,22.80803095,24.23546345
180,18,0.13875,23.85550141,22.57033503,23.82973948
180,19,0.14625,23.52240655,22.34827169,23.45316391
180,20,0.15375,23.21168037,22.14112086,23.10553924
180,21,0.16125,22.92222649,21.94815162,22.78616304
180,22,0.16875,22.65293676,21.76862506,22.49391954
180,23,0.17625,22.40269628,21.60179802,22.22737658
180,24,0.18375,22.17038626,21.44692467,21.98487804
180,25,0.19125,21.95488694,21.30325839,21.76462868
180,26,0.19875,21.75508169,21.17005486,21.56476905
180,27,0.20625,21.56985852,21.04657273,21.38343469
180,28,0.21375,21.39811222,20.93207513,21.21880216
180,29,0.22125,21.23874702,20.82583167,21.06912192
180,30,0.22875,21.09067638,20.72711784,20.93273608
180,31,0.23625,20.95282538,20.63521718,20.80808839
180,32,0.24375,20.82412991,20.54942015,20.69372249
180,33,0.25125,20.70353764,20.46902528,20.5882764
180,34,0.25875,20.59000714,20.39333825,20.49047143
180,35,0.26625,20.48250773,20.32167195,20.39910048
180,36,0.27375,20.38001815,20.25334554,20.31301574
180,37,0.28125,20.28152576,20.18768392,20.23111823
180,38,0.28875,20.18602481,20.1240166,20.15234707
180,39,0.29625,20.04625753,20.03083837,20.03786327
185,0,0.00375,34.9398622,29.95990618,33.79241327
185,1,0.01125,34.05642861,29.37095047,33.20370496
185,2,0.01875,33.20835061,28.80556519,32.61894215
185,3,0.02625,32.39417664,28.26278262,32.03498623
185,4,0.03375,31.61430415,27.74286775,31.45119863
185,5,0.04125,30.86819194,27.24545975,30.86642701
185,6,0.04875,30.15555488,26.77036855,30.28032689
185,7,0.05625,29.47595826,26.31730435,29.69349465
185,8,0.06375,28.82889282,25.88592763,29.10752588
185,9,0.07125,28.2137872,25.47585749,28.52486315
185,10,0.07875,27.63000405,25.08666906,27.94858435
185,11,0.08625,27.07684351,24.71789574,27.38217704
185,12,0.09375,26.5535482,24.3690326,26.82930494
185,13,0.10125,26.0593073,24.03953896,26.29357727
185,14,0.10875,25.59326114,23.72884162,25.77833836
185,15,0.11625,25.1545062,23.43633825,25.28649307
185,16,0.12375,24.74209976,23.16140056,24.82037861
185,17,0.13125,24.35506411,22.90337682,24.38168797
185,18,0.13875,23.99239062,22.6615945,23.97144515
185,19,0.14625,23.65304513,22.43536407,23.5900275
185,20,0.15375,23.33597287,22.22398252,23.2372248
185,21,0.16125,23.04010171,22.0267351,22.91232232
185,22,0.16875,22.76434613,21.84289797,22.61419916
185,23,0.17625,22.50761203,21.67174185,22.34143145
185,24,0.18375,22.26879948,21.51253349,22.09238871
185,25,0.19125,22.04680542,21.36453737,21.86531958
185,26,0.19875,21.84052776,21.2270189,21.65842435
185,27,0.20625,21.64886669,21.09924484,21.46990884
185,28,0.21375,21.47072686,20.98048489,21.29802367
185,29,0.22125,21.30502007,20.8700137,21.14109017
185,30,0.22875,21.15066497,20.76711024,20.997512
185,31,0.23625,21.00658964,20.67106001,20.86578105
185,32,0.24375,20.87173079,20.58115407,20.74447378
185,33,0.25125,20.7450349,20.49669013,20.63224579
185,34,0.25875,20.62545749,20.41697182,20.52782246
185,35,0.26625,20.51196307,20.34130885,20.42998921
185,36,0.27375,20.40352415,20.26901621,20.33758038
185,37,0.28125,20.29912051,20.19941376,20.24946758
185,38,0.28875,20.19773783,20.13182528,20.16454739
185,39,0.29625,20.04918324,20.03278884,20.04082857
190,0,0.00375,35.13926719,30.09284283,33.89148314
190,1,0.01125,34.25686304,29.50457342,33.29267016
190,2,0.01875,33.40761153,28.93840579,32.6989492
190,3,0.02625,32.59254191,28.39502613,32.10884942
190,4,0.03375,31.81095705,27.87396967,31.52004775
190,5,0.04125,31.06281198,27.37520643,30.931925
190,6,0.04875,30.34769735,26.89846353,30.34452814
190,7,0.05625,29.66520115,26.44346627,29.75860453
190,8,0.06375,29.01484191,26.00989368,29.17556044
190,9,0.07125,28.39606537,25.59737627,28.59744266
190,10,0.07875,27.80825462,25.20550277,28.02684538
190,11,0.08625,27.25073316,24.83382217,27.46674959
190,12,0.09375,26.72276802,24.4818458,26.92033137
190,13,0.10125,26.22357362,24.14904984,26.39076402
190,14,0.10875,25.75231631,23.8348784,25.88103216
190,15,0.11625,25.30811899,23.53874677,25.39377124
190,16,0.12375,24.89006551,23.26004439,24.93114252
190,17,0.13125,24.4972045,22.99813708,24.49474977
190,18,0.13875,24.12855326,22.75236959,24.08560052
190,19,0.14625,23.78310279,22.52206918,23.70411098
190,20,0.15375,23.45982247,22.30654892,23.35014715
190,21,0.16125,23.15766312,22.10510936,23.02309247
190,22,0.16875,22.87556068,21.917041,22.7219341
190,23,0.17625,22.61244092,21.74162777,22.44535818
190,24,0.18375,22.36722193,21.57814845,22.1918418
190,25,0.19125,22.13881681,21.4258783,21.95973675
190,26,0.19875,21.92613751,21.28409207,21.74734135
190,27,0.20625,21.72809621,21.15206453,21.55295425
190,28,0.21375,21.54360744,21.02907194,21.37491314
190,29,0.22125,21.37159064,20.91439408,21.21161972
190,30,0.22875,21.21097006,20.80731363,21.06154996
190,31,0.23625,21.06067729,20.70711844,20.92325831
190,32,0.24375,20.91965055,20.61310058,20.79537259
190,33,0.25125,20.78683597,20.52455751,20.67658734
190,34,0.25875,20.661187,20.44079149,20.56565371
190,35,0.26625,20.54166449,20.3611098,20.46136985
190,36,0.27375,20.42723593,20.28482406,20.36257126
190,37,0.28125,20.31687486,20.21124999,20.26812342
190,38,0.28875,20.20955977,20.13970657,20.17691653
190,39,0.29625,20.05213655,20.03475771,20.04388452
195,0,0.00375,35.33784183,30.22522592,34.16735635
195,1,0.01125,34.45408643,29.63605567,33.59423128
195,2,0.01875,33.60455694,29.06970272,33.01760762
195,3,0.02625,32.78815112,28.52543226,32.43649499
195,4,0.03375,32.00510335,28.00340053,31.85063779
195,5,0.04125,31.25495946,27.50330474,31.25928277
195,6,0.04875,30.5374458,27.02496248,30.66255925
195,7,0.05625,29.8521545,26.56810182,30.06161315
195,8,0.06375,29.19861199,26.13240706,29.45864394
195,9,0.07125,28.5762847,25.71752248,28.85677624
195,10,0.07875,27.98457634,25.32305057,28.25986201
195,11,0.08625,27.42283146,24.94855437,27.67223058
195,12,0.09375,26.89033968,24.59356024,27.09839982
195,13,0.10125,26.38633911,24.25756015,26.54277683
195,14,0.10875,25.91002041,23.94001445,26.00938094
195,15,0.11625,25.46053123,23.64035493,25.50161524
195,16,0.12375,25.03698032,23.35798759,25.02210447
195,17,0.13125,24.63844105,23.09229478,24.57260702
195,18,0.13875,24.26395509,22.84263747,24.15400161
195,19,0.14625,23.91253715,22.60835875,23.76634084
195,20,0.15375,23.58317944,22.3887869,23.40895636
195,21,0.16125,23.2748545,22.18323695,23.08059664
195,22,0.16875,22.98651868,21.991013,22.77958181
195,23,0.17625,22.71711668,21.81141161,22.50395857
195,24,0.18375,22.4655839,21.6437231,22.25163858
195,25,0.19125,22.23084895,21.48723306,22.02051294
195,26,0.19875,22.01183749,21.34122538,21.8085389
195,27,0.20625,21.80747344,21.20498268,21.61379414
195,28,0.21375,21.61668112,21.07778772,21.43450491
195,29,0.22125,21.43838783,20.95892554,21.26905255
195,30,0.22875,21.27152366,20.8476827,21.11596137
195,31,0.23625,21.11502418,20.74334971,20.97387989
195,32,0.24375,20.96782978,20.64522006,20.84155454
195,33,0.25125,20.828887,20.55259152,20.71780575
195,34,0.25875,20.69714811,20.46476557,20.6015051
195,35,0.26625,20.57157136,20.38104771,20.49155801
195,36,0.27375,20.45112031,20.30074698,20.38689035
195,37,0.28125,20.33476352,20.22317576,20.28643947
195,38,0.28875,20.2214736,20.14764912,20.18914724
195,39,0.29625,20.05511319,20.03674214,20.04686799
200,0,0.00375,35.53214188,30.35475927,34.41594024
200,1,0.01125,34.64917968,29.76611783,33.81730955
200,2,0.01875,33.79867603,29.19911544,33.22825406
200,3,0.02625,32.98137777,28.65425001,32.64023512
200,4,0.03375,32.19675162,28.13116603,32.04797183
200,5,0.04125,31.44471151,27.6298061,31.44937658
200,6,0.04875,30.72488327,27.14992079,30.84402631
200,7,0.05625,30.03688376,26.69125465,30.23294645
200,8,0.06375,29.38026118,26.25350651,29.61842384
200,9,0.07125,28.75449656,25.83633038,29.00383626
200,10,0.07875,28.15901174,25.43934083,28.39341166
200,11,0.08625,27.59317161,25.06211446,27.79192767
200,12,0.09375,27.056287,24.70419178,27.20438177
200,13,0.10125,26.54761807,24.36507946,26.63565838
200,14,0.10875,26.06637826,24.04425302,26.09021981
200,15,0.11625,25.6117384,23.7411597,25.5718466
200,16,0.12375,25.18283059,23.4552211,25.08344675
200,17,0.13125,24.77875147,23.18583505,24.62694625
200,18,0.13875,24.39856565,22.93237784,24.20326399
200,19,0.14625,24.04131019,22.69420744,23.81236598
200,20,0.15375,23.70599892,22.47066655,23.45338325
200,21,0.16125,23.39162493,22.2610839,23.12477289
200,22,0.16875,23.09716402,22.06477656,22.82450321
200,23,0.17625,22.82157894,21.88105312,22.55024224
200,24,0.18375,22.56382169,21.70921495,22.29952868
200,25,0.19125,22.32283585,21.54855766,22.06991446
200,26,0.19875,22.09756039,21.39837399,21.85907244
200,27,0.20625,21.88693076,21.25795423,21.66486351
200,28,0.21375,21.68988102,21.12658766,21.48536913
200,29,0.22125,21.50534639,21.00356458,21.31889497
200,30,0.22875,21.33226313,20.88817568,21.1639504
200,31,0.23625,21.16957119,20.77971438,21.01921767
200,32,0.24375,21.01621368,20.677476,20.88351225
200,33,0.25125,20.87113826,20.58075903,20.75574558
200,34,0.25875,20.73329688,20.48886475,20.63489056
200,35,0.26625,20.6016461,20.40109753,20.51995439
200,36,0.27375,20.47514661,20.31676452,20.40995801
200,37,0.28125,20.35276313,20.2351755,20.30392313
200,38,0.28875,20.23346354,20.15564241,20.20086589
200,39,0.29625,20.05810919,20.03873947,20.04977114
205,0,0.00375,35.7255016,30.48366574,34.57194789
205,1,0.01125,34.84142048,29.89427835,33.98901068
205,2,0.01875,33.99055553,29.32703509,33.40054949
205,3,0.02625,33.17205938,28.78137107,32.80994226
205,4,0.03375,32.38605018,28.25736506,32.21721346
205,5,0.04125,31.63214202,27.75475976,31.6211835
205,6,0.04875,30.91007078,27.27337912,31.02146202
205,7,0.05625,30.21945305,26.81296751,30.41872976
205,8,0.06375,29.55984602,26.37322973,29.81475414
205,9,0.07125,28.93074876,25.95383184,29.21222991
205,10,0.07875,28.33160079,25.55440019,28.61455916
205,11,0.08625,27.76178537,25.17452362,28.02559668
205,12,0.09375,27.22063311,24.81375584,27.44937994
205,13,0.10125,26.70742489,24.47161733,26.88986803
205,14,0.10875,26.22139548,24.14759782,26.35071138
205,15,0.11625,25.76173748,23.84115908,25.83506711
205,16,0.12375,25.3276049,23.5517373,25.34546815
205,17,0.13125,24.91811631,23.27874494,24.88374799
205,18,0.13875,24.5323579,23.02157267,24.45101913
205,19,0.14625,24.16938788,22.77959256,24.04769909
205,20,0.15375,23.82824047,22.55216092,23.67357291
205,21,0.16125,23.50792835,22.33861951,23.32787996
205,22,0.16875,23.20744576,22.13829771,23.00941687
205,23,0.17625,22.92577273,21.95051564,22.71664695
205,24,0.18375,22.66187719,21.77458529,22.44780491
205,25,0.19125,22.41471718,21.60981188,22.20099287
205,26,0.19875,22.1832446,21.45549679,21.97426441
205,27,0.20625,21.9664062,21.31093785,21.76569004
205,28,0.21375,21.76314572,21.17543079,21.57340664
205,29,0.22125,21.5724064,21.04827126,21.39565082
205,30,0.22875,21.39313089,20.92875418,21.23077465
205,31,0.23625,21.2242639,20.81617618,21.07725158
205,32,0.24375,21.06475176,20.70983472,20.93366957
205,33,0.25125,20.91354395,20.60902949,20.79871974
205,34,0.25875,20.76959279,20.51306202,20.67117965
205,35,0.26625,20.63185404,20.42123617,20.54989661
205,36,0.27375,20.49928652,20.33285779,20.4337715
205,37,0.28125,20.37085208,20.24723481,20.32174563
205,38,0.28875,20.24551504,20.16367675,20.21279036
205,39,0.29625,20.06112087,20.04074726,20.05298386
210,0,0.00375,35.9150099,30.6100046,34.84105469
210,1,0.01125,35.03154778,30.02102987,34.25299819
210,2,0.01875,34.17985804,29.45323676,33.67036562
210,3,0.02625,33.36048289,28.90698675,33.08438296
210,4,0.03375,32.57300952,28.38200461,32.49163777
210,5,0.04125,31.81732276,27.87821359,31.89125846
210,6,0.04875,31.09307908,27.39538464,31.28338474
210,7,0.05625,30.39991944,26.93327842,30.66919113
210,8,0.06375,29.73741813,26.49161113,30.05091401
210,9,0.07125,29.10508699,26.07005732,29.43179631
210,10,0.07875,28.50238162,25.66825407,28.81590283
210,11,0.08625,27.92870303,25.28580206,28.20784597
210,12,0.09375,27.38340037,24.92226735,27.6124678
210,13,0.10125,26.86577388,24.57718332,27.03451539
210,14,0.10875,26.37507833,24.25005305,26.47834283
210,15,0.11625,25.91052675,23.94035193,25.94766622
210,16,0.12375,25.47129382,23.64752991,25.44538892
210,17,0.13125,25.05651868,23.37101318,24.97350496
210,18,0.13875,24.66530793,23.11020602,24.53308024
210,19,0.14625,24.29673975,22.86449381,24.12430364
210,20,0.15375,23.94986773,22.63324575,23.74659209
210,21,0.16125,23.62372308,22.41581599,23.39873038
210,22,0.16875,23.31731767,22.21154565,23.07902963
210,23,0.17625,23.02964806,22.01976586,22.78548757
210,24,0.18375,22.75969744,21.83979879,22.51593347
210,25,0.19125,22.50643786,21.67095899,22.26815032
210,26,0.19875,22.26883374,21.51255622,22.03997004
210,27,0.20625,22.04584298,21.36389571,21.82933663
210,28,0.21375,21.8364189,21.22427958,21.634343
210,29,0.22125,21.63951284,21.09300888,21.45324556
210,30,0.22875,21.454074,20.96938293,21.28445887
210,31,0.23625,21.27905224,20.85270175,21.126542
210,32,0.24375,21.11339759,20.74226527,20.97817544
210,33,0.25125,20.95606185,20.63737476,20.83813841
210,34,0.25875,20.80599849,20.53733249,20.70528528
210,35,0.26625,20.66216325,20.44144231,20.57852563
210,36,0.27375,20.52351392,20.34900939,20.45680658
210,37,0.28125,20.38901048,20.2593404,20.33909805
210,38,0.28875,20.25761467,20.17174317,20.22437893
210,39,0.29625,20.06414487,20.04276326,20.0557087
215,0,0.00375,36.10351072,30.73567181,34.95643633
215,1,0.01125,35.21910593,30.14606863,34.35830188
215,2,0.01875,34.36700243,29.57799968,33.7599161
215,3,0.02625,33.54654021,29.03102495,33.16219653
215,4,0.03375,32.75775515,28.50516836,32.5628823
215,5,0.04125,32.00031473,28.00020822,31.95995391
215,6,0.04875,31.2739633,27.51597411,31.35288799
215,7,0.05625,30.57833952,27.05222514,30.74245064
215,8,0.06375,29.91302719,26.60868383,30.13048744
215,9,0.07125,29.27755382,26.1850352,29.51971515
215,10,0.07875,28.67139024,25.78092648,28.91352141
215,11,0.08625,28.09395362,25.39596912,28.3157447
215,12,0.09375,27.54461049,25.02974076,27.73043286
215,13,0.10125,27.0226793,24.68178693,27.16159574
215,14,0.10875,26.52743362,24.35162324,26.61297241
215,15,0.11625,26.0581057,24.03873789,26.08783154
215,16,0.12375,25.61388961,23.74259377,25.58881872
215,17,0.13125,25.19394397,23.46263004,25.11785901
215,18,0.13875,24.79739462,23.19826381,24.67611797
215,19,0.14625,24.42333865,22.94889307,24.26401848
215,20,0.15375,24.07084798,22.71389925,23.88130349
215,21,0.16125,23.73897151,22.49264828,23.52713167
215,22,0.16875,23.42673789,22.28449246,23.20019497
215,23,0.17625,23.13315949,22.08877348,22.89884534
215,24,0.18375,22.85723421,21.9048233,22.62121579
215,25,0.19125,22.5979476,21.73196549,22.36532901
215,26,0.19875,22.35427634,21.56951795,22.12918865
215,27,0.20625,22.12518918,21.41679317,21.9108464
215,28,0.21375,21.90964899,21.27309964,21.70844812
215,29,0.22125,21.70661524,21.13774382,21.52026058
215,30,0.22875,21.51504391,21.01002953,21.34467903
215,31,0.23625,21.33389026,20.88926043,21.18022526
215,32,0.24375,21.16210845,20.77473918,21.02553422
215,33,0.25125,20.99865317,20.66576898,20.87933817
215,34,0.25875,20.84247965,20.56165326,20.74044754
215,35,0.26625,20.69254432,20.46169635,20.60773335
215,36,0.27375,20.54780478,20.36520329,20.48011103
215,37,0.28125,20.40721999,20.27148008,20.35652869
215,38,0.28875,20.26975007,20.17983343,20.23596083
215,39,0.29625,20.06717806,20.04478539,20.05866969
220,0,0.00375,36.28850466,30.85900109,35.17548905
220,1,0.01125,35.40458862,30.26972375,34.59644949
220,2,0.01875,34.55177339,29.70118031,34.01398362
220,3,0.02625,33.73045204,29.15363283,33.4250527
220,4,0.03375,32.94030042,28.6268652,32.82935083
220,5,0.04125,32.18118347,28.12078738,32.22698143
220,6,0.04875,31.45278403,27.63518793,31.61822913
220,7,0.05625,30.75476351,27.16984112,31.00414586
220,8,0.06375,30.08671921,26.7244785,30.38675434
220,9,0.07125,29.44818999,26.29879264,29.76901246
220,10,0.07875,28.83866097,25.89244029,29.15462378
220,11,0.08625,28.25756485,25.50504326,28.54777429
220,12,0.09375,27.70428447,25.13619007,27.95284391
220,13,0.10125,27.17815531,24.7854376,27.37412316
220,14,0.10875,26.67846865,24.45231326,26.81556011
220,15,0.11625,26.2044748,24.13631729,26.2805559
220,16,0.12375,25.75538616,23.83692479,25.77182034
220,17,0.13125,25.33037967,23.55358717,25.29129148
220,18,0.13875,24.92859942,23.28573368,24.8401173
220,19,0.14625,24.54916039,23.03277423,24.41869268
220,20,0.15375,24.19115193,22.79410188,24.02673806
220,21,0.16125,23.85363973,22.56909376,23.66340519
220,22,0.16875,23.53566852,22.35711288,23.32739833
220,23,0.17625,23.23626579,22.15751101,23.01709908
220,24,0.18375,22.95444362,21.96962957,22.7306817
220,25,0.19125,22.68920063,21.79280083,22.46621415
220,26,0.19875,22.43952537,21.62635064,22.22174171
220,27,0.20625,22.20439733,21.4695986,21.99534796
220,28,0.21375,21.98278879,21.3218595,21.78519699
220,29,0.22125,21.7736674,21.18244526,21.58955875
220,30,0.22875,21.57599609,21.05066432,21.40681753
220,31,0.23625,21.38873579,20.92582411,21.23547247
220,32,0.24375,21.21084516,20.80723032,21.07412768
220,33,0.25125,21.04128228,20.69418838,20.92148028
220,34,0.25875,20.87900469,20.58600329,20.7763051
220,35,0.26625,20.72297022,20.48198028,20.63744062
220,36,0.27375,20.57213697,20.38142475,20.50377553
220,37,0.28125,20.42546374,20.28364258,20.37423732
220,38,0.28875,20.28190985,20.18793996,20.24777995
220,39,0.29625,20.07021758,20.04681173,20.06164763
225,0,0.00375,36.47245198,30.98163262,35.3268738
225,1,0.01125,35.58772908,30.39181738,34.72439799
225,2,0.01875,34.73446885,29.82297728,34.12831669
225,3,0.02625,33.91215002,29.27476481,33.53355536
225,4,0.03375,33.12075085,28.74716547,32.93596132
225,5,0.04125,32.35998047,28.23998537,32.33355871
225,6,0.04875,31.62959115,27.75305933,31.72621373
225,7,0.05625,30.92924139,27.28615971,31.11495846
225,8,0.06375,30.25853805,26.83902439,30.50172762
225,9,0.07125,29.61703358,26.41135503,29.88920694
225,10,0.07875,29.00422634,26.0028172,29.28068393
225,11,0.08625,28.4195633,25.61304222,28.67985785
225,12,0.09375,27.86244264,25.24162884,28.09061676
225,13,0.10125,27.33221594,24.88814467,27.51680565
225,14,0.10875,26.82819109,24.55212821,26.96200968
225,15,0.11625,26.34963545,24.23309105,26.42937137
225,16,0.12375,25.89577871,23.93051982,25.92145362
225,17,0.13125,25.46581515,23.64387748,25.44015492
225,18,0.13875,25.05890609,23.37260479,24.98667755
225,19,0.14625,24.6741835,23.11612296,24.56154516
225,20,0.15375,24.31075331,22.87383613,24.16465944
225,21,0.16125,23.96769723,22.64513209,23.79538388
225,22,0.16875,23.64407531,22.42938407,23.45264534
225,23,0.17625,23.33892961,22.22595355,23.1350425
225,24,0.18375,23.05128582,22.03419104,22.84094904
225,25,0.19125,22.78015522,21.85343723,22.56860638
225,26,0.19875,22.52453799,21.68302571,22.31620289
225,27,0.20625,22.28342408,21.5222831,22.08193344
225,28,0.21375,22.05579514,21.3705304,21.8640426
225,29,0.22125,21.84062705,21.22708502,21.66085289
225,30,0.22875,21.63688977,21.0912601,21.47077712
225,31,0.23625,21.44355017,20.96236703,21.29232354
225,32,0.24375,21.25957178,20.83971473,21.12409064
225,33,0.25125,21.08391647,20.72261117,20.96475965
225,34,0.25875,20.91554465,20.61036326,20.81308286
225,35,0.26625,20.75341612,20.50227755,20.66787188
225,36,0.27375,20.59649021,20.39766025,20.527985
225,37,0.28125,20.44372625,20.29581758,20.39231549
225,38,0.28875,20.29408356,20.19605576,20.25978183
225,39,0.29625,20.0732608,20.04884055,20.06463394
230,0,0.00375,36.65317732,31.10211618,35.50118795
230,1,0.01125,35.76884435,30.51256089,34.92156585
230,2,0.01875,34.91495885,29.94330393,34.33442985
230,3,0.02625,34.09180451,29.39453446,33.74187786
230,4,0.03375,33.29912252,28.86607991,33.14441734
230,5,0.04125,32.53676485,28.35784161,32.54165039
230,6,0.04875,31.80443691,27.86962317,31.93339358
230,7,0.05625,31.10181767,27.40121055,31.32042161
230,8,0.06375,30.42852484,26.95234891,30.7045574
230,9,0.07125,29.78412105,26.52274667,30.08853557
230,10,0.07875,29.16811734,26.11207786,29.47577995
230,11,0.08625,28.57997438,25.71998294,28.87015246
230,12,0.09375,28.01910473,25.34607023,28.27569484
230,13,0.10125,27.48487505,24.98991742,27.69637821
230,14,0.10875,26.97660895,24.65107345,27.13587821
230,15,0.11625,26.49358987,24.32906066,26.59739101
230,16,0.12375,26.03506381,24.02337655,26.08350085
230,17,0.13125,25.60024146,23.73349502,25.59610312
230,18,0.13875,25.18830049,23.45886772,25.13638261
230,19,0.14625,24.798389,23.19892663,24.70484104
230,20,0.15375,24.42962871,22.95308639,24.30136247
230,21,0.16125,24.08111659,22.72074499,23.92530324
230,22,0.16875,23.75192739,22.50128545,23.57559679
230,23,0.17625,23.44111712,22.29407856,23.25086267
230,24,0.18375,23.14772464,22.09848358,22.94950772
230,25,0.19125,22.87077349,21.91384941,22.6698154
230,26,0.19875,22.60927516,21.73951716,22.41002072
230,27,0.20625,22.36222991,21.57482032,22.1683654
230,28,0.21375,22.12862868,21.41908609,21.94313732
230,29,0.22125,21.90745554,21.27163734,21.73269576
230,30,0.22875,21.69768765,21.13179202,21.53548189
230,31,0.23625,21.49829805,20.99886561,21.35002297
230,32,0.24375,21.30825538,20.87217046,21.17492713
230,33,0.25125,21.12652577,20.75101737,21.0088764
230,34,0.25875,20.95207294,20.63471545,20.85061608
230,35,0.26625,20.78385925,20.52257297,20.69894475
230,36,0.27375,20.62084585,20.41389734,20.55270423
230,37,0.28125,20.46199328,20.3079956,20.41077188
230,38,0.28875,20.30626159,20.20417445,20.27205357
230,39,0.29625,20.0763053,20.05087021,20.06770177
235,0,0.00375,36.83283506,31.221888,35.67533717
235,1,0.01125,35.94780162,30.63186573,35.07407013
235,2,0.01875,35.09345436,30.06230093,34.47993402
235,3,0.02625,34.26937572,29.51291525,33.88447895
235,4,0.03375,33.475504,28.98366756,33.28377015
235,5,0.04125,32.71158097,28.47438568,32.67653528
235,6,0.04875,31.97736642,27.9849095,32.06296673
235,7,0.05625,31.27253662,27.51502318,31.44418599
235,8,0.06375,30.59671855,27.06447804,30.82219163
235,9,0.07125,29.94948662,26.63299037,30.19981274
235,10,0.07875,29.3303635,26.22024196,29.58057605
235,11,0.08625,28.73882252,25.82588169,28.96849137
235,12,0.09375,28.17428983,25.44952696,28.36779194
235,13,0.10125,27.63614639,25.09076496,27.78266447
235,14,0.10875,27.12373056,24.74915452,27.21699749
235,15,0.11625,26.63634099,24.42422807,26.67416903
235,16,0.12375,26.17323912,24.11549343,26.15688834
235,17,0.13125,25.73365121,23.82243485,25.6670998
235,18,0.13875,25.31677043,23.54451434,25.20595135
235,19,0.14625,24.9217602,23.28117409,24.77382342
235,20,0.15375,24.54775727,23.03183876,24.3704066
235,21,0.16125,24.19387325,22.7959161,23.99481263
235,22,0.16875,23.85919693,22.57279848,23.64570583
235,23,0.17625,23.54279777,22.36186565,23.32143989
235,24,0.18375,23.24372732,22.16248536,23.02018418
235,25,0.19125,22.96102101,21.97401442,22.74003238
235,26,0.19875,22.69370139,21.79580131,22.47908878
235,27,0.20625,22.44077883,21.62718626,22.23552678
235,28,0.21375,22.20125346,21.46750261,22.00762415
235,29,0.22125,21.9741176,21.31607872,21.79377867
235,30,0.22875,21.75835567,21.17223737,21.59250562
235,31,0.23625,21.55294705,21.03529829,21.4024281
235,32,0.24375,21.35686585,20.90457745,21.22225878
235,33,0.25125,21.16908275,20.77938869,21.05078231
235,34,0.25875,20.98856526,20.65904367,20.88683707
235,35,0.26625,20.81427877,20.54285265,20.7293004
235,36,0.27375,20.64518682,20.43012465,20.57707598
235,37,0.28125,20.48025181,20.32016796,20.42908373
235,38,0.28875,20.31843516,20.21229016,20.28425089
235,39,0.29625,20.07934886,20.05289925,20.0706646
240,0,0.00375,37.0095099,31.33967122,35.85304434
240,1,0.01125,36.12479021,30.74985811,35.27103953
240,2,0.01875,35.26988457,30.17992106,34.67922615
240,3,0.02625,34.44499587,29.62999535,34.08133727
240,4,0.03375,33.64991355,29.09994059,33.47694222
240,5,0.04125,32.88448174,28.58965286,32.86490616
240,6,0.04875,32.14842514,28.09894864,32.24492327
240,7,0.05625,31.44143794,27.62762405,31.61798368
240,8,0.06375,30.76315605,27.17543637,30.98627777
240,9,0.07125,30.11316306,26.74210799,30.3530001
240,10,0.07875,29.49099294,26.32732825,29.72211802
240,11,0.08625,28.89613112,25.93075408,29.09810826
240,12,0.09375,28.3280165,25.5520114,28.48566661
240,13,0.10125,27.78604349,25.19069636,27.8894093
240,14,0.10875,27.26956445,24.84637711,27.31359288
240,15,0.11625,26.77789239,24.51859566,26.76187748
240,16,0.12375,26.31030339,24.2068696,26.23715178
240,17,0.13125,25.86603843,23.91069299,25.74142987
240,18,0.13875,25.44430544,23.62953767,25.27582257
240,19,0.14625,25.04428244,23.36285558,24.84057834
240,20,0.15375,24.66512052,23.11008093,24.43517991
240,21,0.16125,24.30594526,22.87063077,24.05847887
240,22,0.16875,23.96585897,22.6439065,23.70885242
240,23,0.17625,23.643944,22.42929648,23.38436474
240,24,0.18375,23.33926422,22.22617662,23.08291501
240,25,0.19125,23.0508666,22.03391147,22.80236294
240,26,0.19875,22.77778444,21.85185667,22.54062651
240,27,0.20625,22.51903809,21.6793591,22.29574591
240,28,0.21375,22.27363678,21.51575816,22.06591906
240,29,0.22125,22.04058106,21.36038769,21.84951266
240,30,0.22875,21.81886272,21.2125754,21.64505212
240,31,0.23625,21.60746767,21.07164536,21.45120222
240,32,0.24375,21.40537567,20.93691732,21.26673876
240,33,0.25125,21.21156233,20.80770841,21.09052127
240,34,0.25875,21.02499934,20.68333305,20.92146636
240,35,0.26625,20.84465557,20.56310385,20.75852651
240,36,0.27375,20.66949749,20.44633177,20.60067338
240,37,0.28125,20.4984899,20.33232668,20.44688792
240,38,0.28875,20.3305962,20.22039752,20.29615626
240,39,0.29625,20.08238946,20.05492632,20.07363224
245,0,0.00375,37.18510778,31.45673646,36.05704539
245,1,0.01125,36.29977233,30.86651285,35.46251725
245,2,0.01875,35.44439797,30.29626332,34.87322163
245,3,0.02625,34.61864536,29.74576167,34.27978019
245,4,0.03375,33.8224256,29.21494861,33.67909914
245,5,0.04125,33.05550607,28.70366907,33.07036216
245,6,0.04875,32.31765383,28.21176776,32.45383081
245,7,0.05625,31.60856097,27.7390394,31.83064945
245,8,0.06375,30.92787216,27.28524711,31.20291577
245,9,0.07125,30.27518127,26.85012013,30.57361944
245,10,0.07875,29.65003255,26.43335465,29.946459
245,11,0.08625,29.05192268,26.03461512,29.32558854
245,12,0.09375,28.48030271,25.65353553,28.71534041
245,13,0.10125,27.93457975,25.28972053,28.11995505
245,14,0.10875,27.41411938,24.94274706,27.54334096
245,15,0.11625,26.91824823,24.61216622,26.98888135
245,16,0.12375,26.44625624,24.29750482,26.45929706
245,17,0.13125,25.9973984,23.9982663,25.95656954
245,18,0.13875,25.57089666,23.71393182,25.48192177
245,19,0.14625,25.16594297,23.4439626,25.03585078
245,20,0.15375,24.78170213,23.18780199,24.61819916
245,21,0.16125,24.41731309,22.94487598,24.22825199
245,22,0.16875,24.07189111,22.71459459,23.86484907
245,23,0.17625,23.74453104,22.4963545,23.52650179
245,24,0.18375,23.4343086,22.28953955,23.21150245
245,25,0.19125,23.140282,22.09352174,22.91802174
245,26,0.19875,22.86149507,21.90766376,22.64419133
245,27,0.20625,22.59697796,21.73131901,22.38816585
245,28,0.21375,22.34574889,21.56383289,22.14816743
245,29,0.22125,22.10681665,21.40454475,21.92251403
245,30,0.22875,21.87918048,21.25278724,21.70963053
245,31,0.23625,21.66183293,21.10788887,21.5080514
245,32,0.24375,21.45375971,20.96917334,21.31641198
245,33,0.25125,21.25394161,20.83596126,21.13343672
245,34,0.25875,21.06135484,20.70757005,20.95792355
245,35,0.26625,20.87497221,20.58331494,20.78872895
245,36,0.27375,20.69376357,20.46250915,20.62475381
245,37,0.28125,20.51669663,20.3444645,20.46493152
245,38,0.28875,20.34273734,20.22849162,20.30821674
245,39,0.29625,20.08542523,20.05695017,20.07679331
250,0,0.00375,37.35792602,31.57194862,36.22268952
250,1,0.01125,36.47284468,30.98189441,35.63426758
250,2,0.01875,35.61696429,30.41130753,35.03947431
250,3,0.02625,34.79042766,29.86028319,34.44092043
250,4,0.03375,33.99305993,29.32870483,33.83667346
250,5,0.04125,33.22470111,28.81646576,33.22499416
250,6,0.04875,32.48509238,28.32339345,32.60545763
250,7,0.05625,31.77394133,27.84929297,31.97899659
250,8,0.06375,31.09090009,27.39393238,31.3476749
250,9,0.07125,30.43557085,26.95704651,30.71448806
250,10,0.07875,29.80750797,26.53833825,30.08315498
250,11,0.08625,29.20621885,26.13747923,29.45787588
250,12,0.09375,28.63116594,25.75411102,28.84306202
250,13,0.10125,28.08176838,25.38784628,28.24306009
250,14,0.10875,27.55740428,25.03827032,27.66189769
250,15,0.11625,27.05741317,24.70494284,27.10307142
250,16,0.12375,26.58109816,24.38739944,26.56939177
250,17,0.13125,26.12772757,24.08515241,26.06289153
250,18,0.13875,25.69653671,23.79769184,25.5847986
250,19,0.14625,25.28673079,23.52448781,25.13556774
250,20,0.15375,24.89748775,23.2649924,24.71495891
250,21,0.16125,24.52795936,23.01864016,24.32214684
250,22,0.16875,24.17727336,22.78484942,23.95584935
250,23,0.17625,23.84453662,22.56302488,23.61446052
250,24,0.18375,23.52883636,22.35255804,23.29617401
250,25,0.19125,23.22924172,22.15282822,22.99908998
250,26,0.19875,22.94480684,21.96320494,22.72130186
250,27,0.20625,22.67457146,21.78304801,22.46095724
250,28,0.21375,22.41756276,21.61170881,22.21629738
250,29,0.22125,22.17279774,21.44853214,21.98567796
250,30,0.22875,21.93928313,21.29285567,21.76757208
250,31,0.23625,21.7160183,21.14401244,21.56056543
250,32,0.24375,21.50199506,21.00133024,21.36334183
250,33,0.25125,21.29619966,20.8641333,21.17466793
250,34,0.25875,21.09761319,20.73174228,20.99337564
250,35,0.26625,20.90521275,20.60347531,20.81834664
250,36,0.27375,20.717972,20.47864811,20.64849795
250,37,0.28125,20.53486204,20.35657477,20.48277011
250,38,0.28875,20.35485185,20.23656796,20.32011802
250,39,0.29625,20.08845448,20.05896967,20.0796822
255,0,0.00375,37.52966531,31.68644147,36.34091983
255,1,0.01125,36.64403675,31.09602245,35.74178865
255,2,0.01875,35.78768723,30.52512282,35.14475583
255,3,0.02625,34.9603371,29.97355615,34.54310615
255,4,0.03375,34.1618793,29.44125107,33.93544583
255,5,0.04125,33.39210147,28.92806599,33.3214071
255,6,0.04875,32.65077767,28.43385031,32.70115394
255,7,0.05625,31.93761412,27.95840815,32.07559617
255,8,0.06375,31.25227112,27.50151307,31.44655134
255,9,0.07125,30.59435985,27.06290583,30.8166901
255,10,0.07875,29.96344379,26.64229546,30.18936564
255,11,0.08625,29.35904047,26.2393603,29.568389
255,12,0.09375,28.78062317,25.85374917,28.95778326
255,13,0.10125,28.22762243,25.48508231,28.36153728
255,14,0.10875,27.69942823,25.13295294,27.78337773
255,15,0.11625,27.19539234,24.79692895,27.22657583
255,16,0.12375,26.71483041,24.47655427,26.69380132
255,17,0.13125,26.25702345,24.17134966,26.1870305
255,18,0.13875,25.8212195,23.8808137,25.70751076
255,19,0.14625,25.40663648,23.60442493,25.25577824
255,20,0.15375,25.01246485,23.34164381,24.83171861
255,21,0.16125,24.63786875,23.09191309,24.43465825
255,22,0.16875,24.28198791,22.85465913,24.06347532
255,23,0.17625,23.94394082,22.62929434,23.71671883
255,24,0.18375,23.62282584,22.4152177,23.39272138
255,25,0.19125,23.31772277,22.21181559,23.08969996
255,26,0.19875,23.02769581,22.01846425,22.80584015
255,27,0.20625,22.75179418,21.83452982,22.53935763
255,28,0.21375,22.48905389,21.65936956,22.28854038
255,29,0.22125,22.23850015,21.49233374,22.05177335
255,30,0.22875,21.99914724,21.33276507,21.82754557
255,31,0.23625,21.77000144,21.1800012,21.6144492
255,32,0.24375,21.55006087,21.03337411,21.41116832
255,33,0.25125,21.33831748,20.89221184,21.21646585
255,34,0.25875,21.13375749,20.75583848,21.02916775
255,35,0.26625,20.93536268,20.62357525,20.84814868
255,36,0.27375,20.74211088,20.49474069,20.67231905
255,37,0.28125,20.55297702,20.36865143,20.50061523
255,38,0.28875,20.36693358,20.24462244,20.33199193
255,39,0.29625,20.09147567,20.06098379,20.0826649
260,0,0.00375,37.69879986,31.79919783,36.53287048
260,1,0.01125,36.81337793,31.20891657,35.95045699
260,2,0.01875,35.9565639,30.63770726,35.35931521
260,3,0.02625,35.12845549,30.08563507,34.7616671
260,4,0.03375,34.32890439,29.55260112,34.15578948
260,5,0.04125,33.55774913,29.03849776,33.54062625
260,6,0.04875,32.814745,28.54316185,32.91634643
260,7,0.05625,32.09961149,28.0664064,32.28423647
260,8,0.06375,31.41201526,27.60800915,31.6465616
260,9,0.07125,30.7515751,27.167716,31.00646038
260,10,0.07875,30.11786352,26.74524195,30.36778299
260,11,0.08625,29.51040763,26.34027174,29.73486015
260,12,0.09375,28.92869093,25.952461,29.1122282
260,13,0.10125,28.37215476,25.58143719,28.50434438
260,14,0.10875,27.8402004,25.22680105,27.91532369
260,15,0.11625,27.33219128,24.88812824,27.3487207
260,16,0.12375,26.84745495,24.56497062,26.80737126
260,17,0.13125,26.38528452,24.25685703,26.29330127
260,18,0.13875,25.94494018,23.96329415,25.80770306
260,19,0.14625,25.52565204,23.68376863,25.35097327
260,20,0.15375,25.12662259,23.41774895,24.92279898
260,21,0.16125,24.74702779,23.16468577,24.5222757
260,22,0.16875,24.38601898,22.92401316,24.14804396
260,23,0.17625,24.04272586,22.69515103,23.79842951
260,24,0.18375,23.71625764,22.47750556,23.47157219
260,25,0.19125,23.40570448,22.27047005,23.16553625
260,26,0.19875,23.11014043,22.07342733,22.87839849
260,27,0.20625,22.82862405,21.88574973,22.60830852
260,28,0.21375,22.5602001,21.70680036,22.353526
260,29,0.22125,22.30390196,21.53593495,22.11243785
260,30,0.22875,22.05875152,21.37250126,21.88355714
260,31,0.23625,21.82376207,21.21584162,21.66551398
260,32,0.24375,21.59793818,21.06529232,21.45703718
260,33,0.25125,21.38027772,20.92018533,21.25693577
260,34,0.25875,21.16977233,20.77984837,21.06407939
260,35,0.26625,20.96540875,20.64360596,20.87738203
260,36,0.27375,20.76616936,20.51077967,20.69578805
260,37,0.28125,20.57103328,20.38068893,20.51826197
260,38,0.28875,20.37897692,20.25265133,20.34378071
260,39,0.29625,20.09448737,20.06299159,20.08558805
265,0,0.00375,37.866858,31.91123658,36.71749683
265,1,0.01125,36.98094518,31.32062806,36.12093249
265,2,0.01875,36.12366594,30.74910861,35.52824614
265,3,0.02625,35.29478658,30.19652245,34.93093601
265,4,0.03375,34.49418842,29.66279047,34.32645945
265,5,0.04125,33.7216752,29.1477818,33.71367607
265,6,0.04875,32.97702775,28.65135035,33.09247022
265,7,0.05625,32.2599649,28.17330866,32.46383413
265,8,0.06375,31.57016082,27.71343952,31.82983306
265,9,0.07125,30.9072422,27.27149406,31.19343007
265,10,0.07875,30.27078976,26.84719276,30.55826119
265,11,0.08625,29.66033971,26.44022645,29.92838814
265,12,0.09375,29.07538527,26.05025722,29.30804141
265,13,0.10125,28.51537808,25.6769194,28.70136865
265,14,0.10875,27.97973012,25.31982086,28.11220762
265,15,0.11625,27.46781589,24.97854464,27.54390027
265,16,0.12375,26.97897434,24.65265021,26.99915913
265,17,0.13125,26.5125101,24.34167408,26.47999035
265,18,0.13875,26.06769502,24.04513071,25.98767245
265,19,0.14625,25.64377083,23.76251449,25.52278472
265,20,0.15375,25.23995159,23.49330162,25.08527361
265,21,0.16125,24.85542468,23.23695037,24.67454379
265,22,0.16875,24.4893526,22.99290224,24.2895643
265,23,0.17625,24.14087593,22.76058441,23.92897931
265,24,0.18375,23.80911441,22.53941007,23.59121165
265,25,0.19125,23.49316829,22.32877926,23.27455512
265,26,0.19875,23.1921213,22.12808124,22.97725261
265,27,0.20625,22.90504118,21.93669448,22.69755472
265,28,0.21375,22.63098135,21.75398786,22.43376219
265,29,0.22125,22.36898336,21.57932255,22.18425351
265,30,0.22875,22.11807671,21.41205138,21.9474966
265,31,0.23625,21.87728179,21.25152144,21.72205327
265,32,0.24375,21.64560978,21.09707339,21.50657319
265,33,0.25125,21.42206466,20.94804329,21.29978532
265,34,0.25875,21.20564372,20.80376263,21.10048535
265,35,0.26625,20.99533893,20.66355942,20.90752339
265,36,0.27375,20.79013756,20.52675848,20.71979166
265,37,0.28125,20.58902328,20.39268227,20.53621396
265,38,0.28875,20.39097677,20.26065124,20.35573661
265,39,0.29625,20.09748831,20.06499222,20.0886545
270,0,0.00375,38.03246355,32.02164027,36.96089415
270,1,0.01125,37.14671898,31.43114392,36.38189961
270,2,0.01875,36.28900854,30.85933701,35.79375597
270,3,0.02625,35.45939585,30.30626196,35.19852958
270,4,0.03375,34.65775241,29.77183312,34.59388314
270,5,0.04125,33.88391713,29.25594308,33.97821944
270,6,0.04875,33.13765744,28.7584368,33.3512581
270,7,0.05625,32.41870349,28.27913438,32.71402068
270,8,0.06375,31.72673501,27.81782231,32.06875007
270,9,0.07125,31.06138563,27.37425634,31.41877588
270,10,0.07875,30.42224415,26.94816236,30.76828295
270,11,0.08625,29.80885543,26.53923692,30.12200942
270,12,0.09375,29.22072188,26.14714829,29.48491471
270,13,0.10125,28.65730492,25.77153729,28.86185364
270,14,0.10875,28.11802673,25.4120186,28.25728581
270,15,0.11625,27.60227241,25.06818231,27.67504185
270,16,0.12375,27.10939171,24.73959512,27.11815993
270,17,0.13125,26.63870034,24.42580091,26.5887979
270,18,0.13875,26.18948127,24.12632154,26.08821928
270,19,0.14625,25.7609874,23.84065887,25.61684458
270,20,0.15375,25.35244393,23.56829651,25.17435214
270,21,0.16125,24.96304921,23.30870005,24.75980987
270,22,0.16875,24.59197654,23.0613182,24.3718232
270,23,0.17625,24.23837705,22.82558515,24.00868336
270,24,0.18375,23.90138069,22.60092092,23.66850094
270,25,0.19125,23.58009762,22.38673214,23.34931795
270,26,0.19875,23.27362102,22.18241438,23.04919542
270,27,0.20625,22.98102767,21.98735214,22.76627191
270,28,0.21375,22.70137959,21.80092002,22.49879842
270,29,0.22125,22.43372643,21.62248459,22.24515363
270,30,0.22875,22.17710536,21.45140382,22.00384129
270,31,0.23625,21.93054395,21.28702954,21.77348048
270,32,0.24375,21.69306008,21.12870692,21.55278729
270,33,0.25125,21.46366403,20.9757762,21.34055683
270,34,0.25875,21.24135895,20.82757278,21.13564438
270,35,0.26625,21.02514231,20.68342834,20.93694963
270,36,0.27375,20.81400654,20.54267113,20.74340321
270,37,0.28125,20.60694017,20.40462686,20.5539565
270,38,0.28875,20.40292852,20.26861907,20.36757376
270,39,0.29625,20.10047731,20.06698488,20.0915322
275,0,0.00375,38.19699796,32.13132988,37.09807176
275,1,0.01125,37.31080947,31.54053757,36.49251503
275,2,0.01875,36.45264051,30.96842498,35.89238971
275,3,0.02625,35.62229321,30.4148602,35.28821345
275,4,0.03375,34.81964186,29.87975942,34.67706033
275,5,0.04125,34.04450314,29.36300042,34.05747623
275,6,0.04875,33.29666436,28.86444141,33.42911561
275,7,0.05625,32.57585564,28.38390248,32.79279229
275,8,0.06375,31.88176359,27.92117469,32.15043013
275,9,0.07125,31.21402882,27.47601846,31.50491166
275,10,0.07875,30.57224758,27.04816463,30.85987714
275,11,0.08625,29.9559729,26.63731523,30.21948212
275,12,0.09375,29.36471603,26.24314438,29.58812759
275,13,0.10125,28.79794765,25.8652991,28.97018416
275,14,0.10875,28.2550997,25.50340057,28.36973541
275,15,0.11625,27.73556735,25.1570456,27.7903614
275,16,0.12375,27.23871073,24.8258078,27.23497681
275,17,0.13125,26.7638561,24.50923808,26.70573144
275,18,0.13875,26.31029713,24.20686544,26.20397461
275,19,0.14625,25.87729745,23.91819889,25.73027928
275,20,0.15375,25.46409293,23.64272918,25.28451412
275,21,0.16125,25.06989257,23.37992895,24.86594896
275,22,0.16875,24.69388009,23.1292539,24.47338112
275,23,0.17625,24.33521686,22.89014503,24.1052689
275,24,0.18375,23.9930428,22.662029,23.75985677
275,25,0.19125,23.66647769,22.44431885,23.43528535
275,26,0.19875,23.35462401,22.23641637,23.12968154
275,27,0.20625,23.05656745,22.03771199,22.84122261
275,28,0.21375,22.77137855,21.84758599,22.56817813
275,29,0.22125,22.49811504,21.66541033,22.30893229
275,30,0.22875,22.23582175,21.49054808,22.06198729
275,31,0.23625,21.98353349,21.3223559,21.82595829
275,32,0.24375,21.74027498,21.16018352,21.59955796
275,33,0.25125,21.50506291,21.00337546,21.38158007
275,34,0.25875,21.27690652,20.85127116,21.17088096
275,35,0.26625,21.05480898,20.70320612,20.9663634
275,36,0.27375,20.83776815,20.5585122,20.7669625
275,37,0.28125,20.62477771,20.41651855,20.57163512
275,38,0.28875,20.41482794,20.27655201,20.37935193
275,39,0.29625,20.10345332,20.06896889,20.09449582
280,0,0.00375,38.35921338,32.23947349,37.14632571
280,1,0.01125,37.47316167,31.64877236,36.55503215
280,2,0.01875,36.6145886,31.07639037,35.95193236
280,3,0.02625,35.78353182,30.52235259,35.34317617
280,4,0.03375,34.97987767,29.98658328,34.72853866
280,5,0.04125,34.20346669,29.46897611,34.10757355
280,6,0.04875,33.45407684,28.96938306,33.48042825
280,7,0.05625,32.7314479,28.48763064,32.84799891
280,8,0.06375,32.03527137,28.0235132,32.21197033
280,9,0.07125,31.36519425,27.57679541,31.57477339
280,10,0.07875,30.72082007,27.14721296,30.93945564
280,11,0.08625,30.10170966,26.73447307,30.30949678
280,12,0.09375,29.50738261,26.33825543,29.6885973
280,13,0.10125,28.93731849,25.95821299,29.08046127
280,14,0.10875,28.39095851,25.59397311,28.48859161
280,15,0.11625,27.86770751,25.24513904,27.91611322
280,16,0.12375,27.36693551,24.91129098,27.36563502
280,17,0.13125,26.88797891,24.59198661,26.83915784
280,18,0.13875,26.43014164,24.28676177,26.3380312
280,19,0.14625,25.99269763,23.99513235,25.86295695
280,20,0.15375,25.57489312,23.71659596,25.41403221
280,21,0.16125,25.17594729,23.45063209,24.99082074
280,22,0.16875,24.79505401,23.19670318,24.59244499
280,23,0.17625,24.43138459,22.95425684,24.21768824
280,24,0.18375,24.08408863,22.72272621,23.8650945
280,25,0.19125,23.75229536,22.50153064,23.53306059
280,26,0.19875,23.43511639,22.29007796,23.2199164
280,27,0.20625,23.13164617,22.08776447,22.92398631
280,28,0.21375,22.84096368,21.89397608,22.64363447
280,29,0.22125,22.56213469,21.7080901,22.37729453
280,30,0.22875,22.29421171,21.52947472,22.12348289
280,31,0.23625,22.03623685,21.35749147,21.88080393
280,32,0.24375,21.78724173,21.19149469,21.6479443
280,33,0.25125,21.54624963,21.03083327,21.42366455
280,34,0.25875,21.31227601,20.87485082,21.20678677
280,35,0.26625,21.08432998,20.72288678,20.99618286
280,36,0.27375,20.86141503,20.57427679,20.79076291
280,37,0.28125,20.64253029,20.4283536,20.58946606
280,38,0.28875,20.42667123,20.28444754,20.39125291
280,39,0.29625,20.10641537,20.07094359,20.09752116
285,0,0.00375,38.52036457,32.3469076,37.34678842
285,1,0.01125,37.6339086,31.75593698,36.75989907
285,2,0.01875,36.77488543,31.18325492,36.17352054
285,3,0.02625,35.94312542,30.62874833,35.57931807
285,4,0.03375,35.13849908,30.09233088,34.97613165
285,5,0.04125,34.3608336,29.57388737,34.36389142
285,6,0.04875,33.60992247,29.07328014,33.74317334
285,7,0.05625,32.88550599,28.59033603,33.11527329
285,8,0.06375,32.18728191,28.12485356,32.48222142
285,9,0.07125,31.51490349,27.67660157,31.84670822
285,10,0.07875,30.86798099,27.24532023,31.2119504
285,11,0.08625,30.24608269,26.83072175,30.58150773
285,12,0.09375,29.64873618,26.43249114,29.95907443
285,13,0.10125,29.07542949,26.05028698,29.34827173
285,14,0.10875,28.52561271,25.68374257,28.75246472
285,15,0.11625,27.99869988,25.33246728,28.17461837
285,16,0.12375,27.49407057,24.99604768,27.61719889
285,17,0.13125,27.01107088,24.67404792,27.08212034
285,18,0.13875,26.54901459,24.36601041,26.57073181
285,19,0.14625,26.1071856,24.07145765,26.08383818
285,20,0.15375,25.68484004,23.78989391,25.62174372
285,21,0.16125,25.28120707,23.52080528,25.18430847
285,22,0.16875,24.89549034,23.26366073,24.77101272
285,23,0.17625,24.52687081,23.01791432,24.38102442
285,24,0.18375,24.17450757,22.78300551,24.0132629
285,25,0.19125,23.83753905,22.55835975,23.66645908
285,26,0.19875,23.51508582,22.34339091,23.33921187
285,27,0.20625,23.20625102,22.13750104,23.03003613
285,28,0.21375,22.91012194,21.94008158,22.73740491
285,29,0.22125,22.62577239,21.75051523,22.4597852
285,30,0.22875,22.35226253,21.56817526,22.1956637
285,31,0.23625,22.08864181,21.39242811,21.94356816
285,32,0.24375,21.83394888,21.22263278,21.70207863
285,33,0.25125,21.58721367,21.05814263,21.46983475
285,34,0.25875,21.34745805,20.89830551,21.24553609
285,35,0.26625,21.11369722,20.74246494,21.02793942
285,36,0.27375,20.88494055,20.58996047,20.81585232
285,37,0.28125,20.66019281,20.44012862,20.60812515
285,38,0.28875,20.43845495,20.29230335,20.40364094
285,39,0.29625,20.1093626,20.07290841,20.10069313
290,0,0.00375,38.6793151,32.45287462,37.52872368
290,1,0.01125,37.79296975,31.86197774,36.93384528
290,2,0.01875,36.93356477,31.28904114,36.33578589
290,3,0.02625,36.10111787,30.73407662,35.73432324
290,4,0.03375,35.29552657,30.19701587,35.12548026
290,5,0.04125,34.51663386,29.67775421,34.507036
290,6,0.04875,33.76422691,29.17614976,33.87850974
290,7,0.05625,33.0380542,28.69203484,33.24082363
290,8,0.06375,32.33781796,28.22521092,32.59606143
290,9,0.07125,31.66317727,27.77545075,31.94726107
290,10,0.07875,31.01374898,27.34249889,31.29818722
290,11,0.08625,30.38910847,26.92607227,30.65307901
290,12,0.09375,29.78879096,26.52586099,30.01638066
290,13,0.10125,29.21229254,26.14152902,29.39247043
290,14,0.10875,28.65907183,25.77271531,28.78540882
290,15,0.11625,28.12855171,25.41903516,28.19872613
290,16,0.12375,27.62012085,25.0800812,27.63526519
290,17,0.13125,27.13313469,24.75542379,27.09708819
290,18,0.13875,26.66691651,24.44461168,26.58545027
290,19,0.14625,26.22075979,24.14717378,26.10083522
290,20,0.15375,25.79393029,23.86262074,25.64304033
290,21,0.16125,25.38566675,23.59044506,25.21129397
290,22,0.16875,24.99518234,23.33012205,24.80439153
290,23,0.17625,24.62166743,23.08111206,24.42083398
290,24,0.18375,24.26429034,22.84286067,24.058953
290,25,0.19125,23.92219855,22.61479942,23.71701542
290,26,0.19875,23.59452141,22.39634797,23.39330334
290,27,0.20625,23.28037062,22.1869141,23.08616531
290,28,0.21375,22.97884173,21.98589477,22.79404446
290,29,0.22125,22.68901651,21.79267797,22.51548793
290,30,0.22875,22.40996281,21.60664211,22.2491401
290,31,0.23625,22.14073744,21.42715853,21.99373068
290,32,0.24375,21.88038611,21.25359093,21.74805636
290,33,0.25125,21.62794556,21.08529722,21.5109647
290,34,0.25875,21.38244416,20.92162959,21.2813385
290,35,0.26625,21.14290341,20.76193573,21.05808411
290,36,0.27375,20.9083387,20.60555923,20.840122
290,37,0.28125,20.67776067,20.45184053,20.62638042
290,38,0.28875,20.45017599,20.30011738,20.41579103
290,39,0.29625,20.11229423,20.07486283,20.10351887
295,0,0.00375,38.8372092,32.55813734,37.69980467
295,1,0.01125,37.95049351,31.96699358,37.11011275
295,2,0.01875,37.09064787,31.39376319,36.51487817
295,3,0.02625,36.25752513,30.83834812,35.91001463
295,4,0.03375,35.45099431,30.30066102,35.29504127
295,5,0.04125,34.67089124,29.78059246,34.66921369
295,6,0.04875,33.91701534,29.27800871,34.03233213
295,7,0.05625,33.18911602,28.79274271,33.38527774
295,8,0.06375,32.48690117,28.32459972,32.73013541
295,9,0.07125,31.81003553,27.87335624,32.07008783
295,10,0.07875,31.15814209,27.43876095,31.40919238
295,11,0.08625,30.53080302,27.0205353,30.75208885
295,12,0.09375,29.92756085,26.61837424,30.10367533
295,13,0.10125,29.34791942,26.23194693,29.46878322
295,14,0.10875,28.79134547,25.86089773,28.85187964
295,15,0.11625,28.25727037,25.5048476,28.25681961
295,16,0.12375,27.74509157,25.16339501,27.68666439
295,17,0.13125,27.25417349,24.83611632,27.14357535
295,18,0.13875,26.78384854,24.52256637,26.62878551
295,19,0.14625,26.33341946,24.22228023,26.14264357
295,20,0.15375,25.90216132,23.93477476,25.68471592
295,21,0.16125,25.48932214,23.65954865,25.25392823
295,22,0.16875,25.09412437,23.3960834,24.84872946
295,23,0.17625,24.71576751,23.14384545,24.46725995
295,24,0.18375,24.35342893,22.90228641,24.10750438
295,25,0.19125,24.00626494,22.67084368,23.76742011
295,26,0.19875,23.67341357,22.44894273,23.44503517
295,27,0.20625,23.35399492,22.23599696,23.13851029
295,28,0.21375,23.04711274,22.03140877,22.84617053
295,29,0.22125,22.75185673,21.83457145,22.56651158
295,30,0.22875,22.46730239,21.6448685,22.29818454
295,31,0.23625,22.19251393,21.46167619,22.03997184
295,32,0.24375,21.9265442,21.284363,21.79075511
295,33,0.25125,21.66843681,21.11229139,21.5494854
295,34,0.25875,21.41722678,20.944818,21.31515545
295,35,0.26625,21.17194199,20.78129479,21.08677872
295,36,0.27375,20.9316041,20.6210695,20.86337417
295,37,0.28125,20.69522976,20.46348658,20.64395792
295,38,0.28875,20.46183155,20.30788775,20.42753998
295,39,0.29625,20.11520954,20.07680637,20.10645177
300,0,0.00375,38.99300826,32.66200338,37.89623772
300,1,0.01125,38.10638116,32.07091867,37.30707317
300,2,0.01875,37.24617232,31.49744615,36.71364155
300,3,0.02625,36.41238398,30.94158735,36.11342859
300,4,0.03375,35.60492214,30.40327957,35.50291897
300,5,0.04125,34.82363278,29.88242015,34.88079089
300,6,0.04875,34.06831117,29.37887259,34.24716113
300,7,0.05625,33.33871375,28.89247452,33.60324254
300,8,0.06375,32.63455249,28.42303393,32.951249
300,9,0.07125,31.95549748,27.97033088,32.29429865
300,10,0.07875,31.30117774,27.53411805,31.63623818
300,11,0.08625,30.6711819,27.11412121,30.9813992
300,12,0.09375,30.06505946,26.71003998,30.33431842
300,13,0.10125,29.48232171,26.32154845,29.69945499
300,14,0.10875,28.9224432,25.94829621,29.08093528
300,15,0.11625,28.38486344,25.58990965,28.48234673
300,16,0.12375,27.86898832,25.24599284,27.90659298
300,17,0.13125,27.37419089,24.91612792,27.35581364
300,18,0.13875,26.89981242,24.59987562,26.83136627
300,19,0.14625,26.44516457,24.29677696,26.33386233
300,20,0.15375,26.00953141,24.00635481,25.86324374
300,21,0.16125,25.59217001,23.72811389,25.41888513
300,22,0.16875,25.19231179,23.46154168,24.99971109
300,23,0.17625,24.80916522,23.20611059,24.60431701
300,24,0.18375,24.44191645,22.96127808,24.23108137
300,25,0.19125,24.08973051,22.72648739,23.8782648
300,26,0.19875,23.7517539,22.50116962,23.54409313
300,27,0.20625,23.42711507,22.28474373,23.22681872
300,28,0.21375,23.11492586,22.07661752,22.92476357
300,29,0.22125,22.81428386,21.87618954,22.63634565
300,30,0.22875,22.52427222,21.68284838,22.36008781
300,31,0.23625,22.24396257,21.49597527,22.09461816
300,32,0.24375,21.97241491,21.31494346,21.83865938
300,33,0.25125,21.70867983,21.13912007,21.59101551
300,34,0.25875,21.45179908,20.9678662,21.3505553
300,35,0.26625,21.2008071,20.8005382,21.116197
300,36,0.27375,20.9547319,20.63648803,20.88689454
300,37,0.28125,20.71259635,20.47506431,20.66162711
300,38,0.28875,20.47341912,20.3156128,20.43939156
300,39,0.29625,20.11810791,20.07873861,20.10960398
305,0,0.00375,39.14775915,32.76517064,38.0630834
305,1,0.01125,38.26079104,32.17385859,37.46780653
305,2,0.01875,37.40015148,31.60009893,36.86852124
305,3,0.02625,36.56571148,31.04380568,36.26103816
305,4,0.03375,35.75734011,30.50489155,35.64355992
305,5,0.04125,34.97488045,29.98325192,35.01449333
305,6,0.04875,34.21813749,29.4787568,34.37338318
305,7,0.05625,33.48686895,28.99124465,33.72115657
305,8,0.06375,32.78079195,28.5205269,33.06002146
305,9,0.07125,32.09958169,28.06638701,32.39326334
305,10,0.07875,31.44287282,27.62858144,31.72500158
305,11,0.08625,30.81026024,27.2068401,31.05990934
305,12,0.09375,30.20130013,26.80086709,30.40290864
305,13,0.10125,29.6155109,26.41034124,29.75886031
305,14,0.10875,29.05237461,26.03491715,29.13227444
305,15,0.11625,28.51133862,25.67422642,28.52706497
305,16,0.12375,27.99181692,25.32787856,27.9463667
305,17,0.13125,27.49319092,24.99546127,27.39242583
305,18,0.13875,27.01481041,24.67654094,26.86656696
305,19,0.14625,26.5559957,24.37066438,26.36923188
305,20,0.15375,26.11603961,24.07736027,25.90007621
305,21,0.16125,25.69420795,23.79613919,25.4581055
305,22,0.16875,25.28974093,23.52649444,25.04183414
305,23,0.17625,24.90185571,23.26790424,24.64944937
305,24,0.18375,24.52974709,23.01983184,24.27896141
305,25,0.19125,24.1725886,22.78172611,23.92833084
305,26,0.19875,23.82953514,22.55302378,23.59556761
305,27,0.20625,23.49972334,22.33314924,23.27879606
305,28,0.21375,23.1822731,22.12151568,22.97629123
305,29,0.22125,22.87628983,21.91752685,22.68649105
305,30,0.22875,22.58086431,21.72057644,22.40798728
305,31,0.23625,22.29507558,21.53005062,22.13950757
305,32,0.24375,22.0179909,21.34532746,21.87988846
305,33,0.25125,21.74866785,21.16577874,21.62804928
305,34,0.25875,21.48615501,20.99077015,21.38296653
305,35,0.26625,21.22949348,20.81966245,21.14365306
305,36,0.27375,20.97771778,20.65181195,20.90914075
305,37,0.28125,20.72985713,20.4865715,20.67846751
305,38,0.28875,20.48493646,20.32329102,20.45066589
305,39,0.29625,20.12098876,20.08065918,20.11226078
310,0,0.00375,39.30050995,32.8670045,38.24131984
310,1,0.01125,38.41361169,32.27573901,37.6527334
310,2,0.01875,37.55262465,31.7017477,37.05539153
310,3,0.02625,36.71753904,31.14502404,36.44795155
310,4,0.03375,35.90826731,30.60550968,35.82806653
310,5,0.04125,35.12465875,30.08310412,35.19481759
310,6,0.04875,34.3665158,29.57767567,34.5483098
310,7,0.05625,33.63360224,29.08906684,33.88972469
310,8,0.06375,32.92563893,28.61709155,33.22140223
310,9,0.07125,32.24230604,28.16153657,32.54677255
310,10,0.07875,31.58324371,27.72216202,31.87014915
310,11,0.08625,30.9480528,27.2987018,31.19643667
310,12,0.09375,30.33629591,26.89086427,30.53079907
310,13,0.10125,29.74749831,26.49833284,29.87832402
310,14,0.10875,29.18114927,26.12076692,29.24371502
310,15,0.11625,28.63670371,25.75780315,28.6310355
310,16,0.12375,28.11358345,25.40905625,28.04352187
310,17,0.13125,27.61117795,25.07411929,27.48347463
310,18,0.13875,27.12884526,24.75256417,26.95222897
310,19,0.14625,26.66591405,24.44394327,26.45019877
310,20,0.15375,26.22168563,24.14779095,25.97697934
310,21,0.16125,25.79543435,23.86362345,25.53148997
310,22,0.16875,25.38640893,23.59093977,25.11213983
310,23,0.17625,24.99383506,23.32922381,24.71699884
310,24,0.18375,24.61691597,23.07794443,24.34395506
310,25,0.19125,24.25483358,22.8365561,23.99084906
310,26,0.19875,23.90675102,22.60450103,23.65557944
310,27,0.20625,23.57181304,22.38120904,23.33617349
310,28,0.21375,23.24914747,22.16609859,23.03082765
310,29,0.22125,22.93786752,21.95857864,22.73792204
310,30,0.22875,22.63707159,21.75804796,22.45601209
310,31,0.23625,22.34584614,21.56389766,22.18380923
310,32,0.24375,22.06326567,21.37551064,21.92015129
310,33,0.25125,21.78839485,21.19226341,21.6639727
310,34,0.25875,21.52028917,21.01352626,21.414275
310,35,0.26625,21.25799648,20.83866445,21.17010239
310,36,0.27375,21.00055789,20.66703869,20.93052231
310,37,0.28125,20.74700914,20.49800617,20.69461348
310,38,0.28875,20.49638155,20.33092108,20.46146189
310,39,0.29625,20.12385159,20.08256774,20.11499606
315,0,0.00375,39.45222109,32.96814525,38.34704573
315,1,0.01125,38.5650074,32.37666948,37.74859848
315,2,0.01875,37.7035998,31.80239779,37.14829437
315,3,0.02625,36.86788406,31.24525405,36.54157901
315,4,0.03375,36.05773043,30.70515175,35.92665986
315,5,0.04125,35.2729881,30.18199034,35.30242042
315,6,0.04875,34.51346735,29.67564336,34.66884658
315,7,0.05625,33.77893348,29.18595433,34.02696167
315,8,0.06375,33.06911204,28.71274028,33.37866307
315,9,0.07125,32.38368785,28.25579111,32.72656851
315,10,0.07875,31.7223063,27.81487041,32.07385316
315,11,0.08625,31.08457395,27.3897159,31.42406022
315,12,0.09375,30.47005962,26.98004007,30.78089573
315,13,0.10125,29.87829514,26.58553072,30.14802665
315,14,0.10875,29.30877675,26.20585191,29.5289014
315,15,0.11625,28.76096666,25.84064511,28.92660534
315,16,0.12375,28.23429422,25.48953009,28.34375685
315,17,0.13125,27.72815672,25.15210512,27.78244382
315,18,0.13875,27.24192015,24.82794743,27.24419738
315,19,0.14625,26.77492135,24.5166148,26.72999722
315,20,0.15375,26.32646985,24.21764709,26.24030009
315,21,0.16125,25.89584828,23.93056607,25.77508354
315,22,0.16875,25.48231372,23.6548763,25.33390174
315,23,0.17625,25.08510016,23.3900672,24.91594957
315,24,0.18375,24.70341913,23.13561319,24.52012848
315,25,0.19125,24.33646072,22.89097419,24.14511375
315,26,0.19875,23.98339623,22.65559783,23.78942171
315,27,0.20625,23.64337839,22.42891927,23.4514706
315,28,0.21375,23.31554292,22.21036222,23.12963586
315,29,0.22125,22.99901077,21.9993408,22.82229769
315,30,0.22875,22.6928879,21.79525883,22.52787579
315,31,0.23625,22.39626823,21.59751238,22.24485643
315,32,0.24375,22.10823351,21.4054892,21.97180604
315,33,0.25125,21.82785555,21.21857054,21.70737778
315,34,0.25875,21.55419679,21.03613134,21.45030918
315,35,0.26625,21.28631193,20.85754141,21.19941569
315,36,0.27375,21.0232488,20.68216596,20.95358068
315,37,0.28125,20.76404975,20.50936658,20.7117444
315,38,0.28875,20.50775261,20.33850179,20.47289024
315,39,0.29625,20.12669595,20.08446398,20.11810329
320,0,0.00375,39.60201797,33.06800984,38.43787027
320,1,0.01125,38.71485807,32.47656992,37.8419486
320,2,0.01875,37.85311643,31.90207554,37.23741056
320,3,0.02625,37.01677383,31.34451389,36.62473769
320,4,0.03375,36.20574772,30.80382994,36.00259818
320,5,0.04125,35.41989082,30.27992549,35.37039318
320,6,0.04875,34.659012,29.77267312,34.72822328
320,7,0.05625,33.9228818,29.28191987,34.07707078
320,8,0.06375,33.2112293,28.80748512,33.41886947
320,9,0.07125,32.52374389,28.3491618,32.75642649
320,10,0.07875,31.86007601,27.90671688,32.093253
320,11,0.08625,31.21983773,27.47989175,31.43334545
320,12,0.09375,30.60260381,27.06840287,30.78093995
320,13,0.10125,30.00791245,26.67194226,30.14025841
320,14,0.10875,29.43526659,26.29017846,29.51526649
320,15,0.11625,28.88413546,25.92275764,28.90946319
320,16,0.12375,28.35395573,25.56930443,28.32571761
320,17,0.13125,27.84413222,25.22942213,27.76616376
320,18,0.13875,27.35403868,24.90269311,27.23215824
320,19,0.14625,26.88301982,24.58868044,26.7242989
320,20,0.15375,26.43039318,24.28692931,26.24249419
320,21,0.16125,25.99544949,23.99696687,25.78606841
320,22,0.16875,25.57745395,23.71830311,25.3538897
320,23,0.17625,25.1756487,23.45043289,24.94450529
320,24,0.18375,24.78925336,23.19283601,24.55626731
320,25,0.19125,24.41746614,22.9449778,24.18744129
320,26,0.19875,24.05946629,22.70631121,23.83629229
320,27,0.20625,23.71441449,22.47627667,23.50114308
320,28,0.21375,23.38145425,22.25430311,23.18040926
320,29,0.22125,23.05971419,22.03980975,22.87261481
320,30,0.22875,22.74830786,21.83220547,22.57639031
320,31,0.23625,22.44633658,21.63089128,22.2904645
320,32,0.24375,22.15288939,21.43525978,22.01364793
320,33,0.25125,21.86704526,21.24469701,21.74481759
320,34,0.25875,21.58787366,21.05858258,21.48290078
320,35,0.26625,21.31443619,20.87629092,21.22686175
320,36,0.27375,21.0457875,20.69719176,20.97568935
320,37,0.28125,20.78097664,20.52065117,20.72838621
320,38,0.28875,20.51904807,20.3460321,20.48395896
320,39,0.29625,20.12952145,20.08634764,20.12057198
325,0,0.00375,39.75078384,33.16718707,38.61148168
325,1,0.01125,38.86333099,32.57555186,38.02306034
325,2,0.01875,38.00117894,32.00078388,37.42757029
325,3,0.02625,37.16422561,31.44281507,36.82102665
325,4,0.03375,36.35234313,30.90156021,36.20217615
325,5,0.04125,35.56538596,30.37692224,35.57042382
325,6,0.04875,34.8031694,29.86877805,34.9261537
325,7,0.05625,34.06546566,29.37697577,34.27074416
325,8,0.06375,33.35200809,28.90133764,33.60653196
325,9,0.07125,32.6624904,28.44165946,32.93672842
325,10,0.07875,31.99656785,27.99771143,32.26525773
325,11,0.08625,31.35385783,27.56923848,31.59652327
325,12,0.09375,30.73394084,27.15596088,30.93513338
325,13,0.10125,30.13636119,26.75757475,30.28561968
325,14,0.10875,29.56062831,26.37375294,29.65217784
325,15,0.11625,29.00621822,26.00414614,29.0384527
325,16,0.12375,28.47257466,25.64838371,28.44738234
325,17,0.13125,27.95910976,25.30607382,27.88110776
325,18,0.13875,27.46520479,24.97680384,27.34094855
325,19,0.14625,26.99021212,24.66014197,26.82743884
325,20,0.15375,26.53345708,24.35563858,26.34041043
325,21,0.16125,26.09423831,24.06282608,25.87910735
325,22,0.16875,25.67182893,23.78121976,25.44231883
325,23,0.17625,25.26547904,23.51031979,25.02851668
325,24,0.18375,24.87441627,23.24961128,24.6359816
325,25,0.19125,24.49784671,22.99856484,24.26291225
325,26,0.19875,24.13495754,22.7566387,23.90751255
325,27,0.20625,23.78491724,22.5232785,23.5680518
325,28,0.21375,23.44687705,22.2979183,23.24290219
325,29,0.22125,23.11997323,22.07998244,22.93055641
325,30,0.22875,22.80332685,21.86888479,22.62962686
325,31,0.23625,22.49604663,21.66403131,22.3388369
325,32,0.24375,22.19722895,21.46481948,22.0570027
325,33,0.25125,21.90595991,21.27064011,21.78301476
325,34,0.25875,21.62131609,21.08087753,21.51581825
325,35,0.26625,21.34236606,20.89491083,21.25439679
325,36,0.27375,21.06817133,20.71211432,20.99775929
325,37,0.28125,20.79778776,20.53185858,20.74493273
325,38,0.28875,20.53026653,20.35351108,20.49496033
325,39,0.29625,20.13232772,20.08821849,20.12339365
330,0,0.00375,39.89771352,33.26514019,38.70187776
330,1,0.01125,39.01030056,32.67353157,38.09950054
330,2,0.01875,38.1478261,32.09854865,37.49391873
330,3,0.02625,37.31026349,31.54017366,36.88242555
330,4,0.03375,36.49753406,30.99835415,36.26219809
330,5,0.04125,35.709494,30.47299426,35.6320108
330,6,0.04875,34.945958,29.96397045,34.99182828
330,7,0.05625,34.20670288,29.47113391,34.34269079
330,8,0.06375,33.49146527,28.99430909,33.68659031
330,9,0.07125,32.79994314,28.53329462,33.02630618
330,10,0.07875,32.13179643,28.08786382,32.36521741
330,11,0.08625,31.48664765,27.65776502,31.70709695
330,12,0.09375,30.86408282,27.24272219,31.05589308
330,13,0.10125,30.26365216,26.8424354,30.41550985
330,14,0.10875,29.68487139,26.45658165,29.78960336
330,15,0.11625,29.12722308,26.08481605,29.18140931
330,16,0.12375,28.59015784,25.72677249,28.59361289
330,17,0.13125,28.07309488,25.38206389,28.02826648
330,18,0.13875,27.57542276,25.05028248,27.4867569
330,19,0.14625,27.09650132,24.73100144,26.96981878
330,20,0.15375,26.63566349,24.42377618,26.47758514
330,21,0.16125,26.1922156,24.12814427,26.00966392
330,22,0.16875,25.76543854,23.84362617,25.56523233
330,23,0.17625,25.35459022,23.56972724,25.14313899
330,24,0.18375,24.95890607,23.30593781,24.7420021
330,25,0.19125,24.57760003,23.05173372,24.36029878
330,26,0.19875,24.20986702,22.80657836,23.99644245
330,27,0.20625,23.85488325,22.5699225,23.6488416
330,28,0.21375,23.51180763,22.34120536,23.31594314
330,29,0.22125,23.179784,22.11985628,22.99626093
330,30,0.22875,22.85794091,21.90529416,22.68838842
330,31,0.23625,22.54539449,21.69692988,22.39100385
330,32,0.24375,22.2412484,21.49416579,22.10286479
330,33,0.25125,21.94459597,21.29639749,21.82280032
330,34,0.25875,21.65452089,21.10301407,21.54969948
330,35,0.26625,21.37009873,20.91339928,21.28250048
330,36,0.27375,21.09039797,20.72693207,21.02018008
330,37,0.28125,20.81448132,20.54298762,20.76174424
330,38,0.28875,20.54140679,20.36093791,20.50621754
330,39,0.29625,20.13511446,20.09007632,20.12630043
335,0,0.00375,40.04362088,33.36241176,38.83660744
335,1,0.01125,39.1559349,32.77062113,38.25056863
335,2,0.01875,38.29306004,32.19537127,37.65384129
335,3,0.02625,37.45490429,31.63660086,37.04641968
335,4,0.03375,36.64134219,31.09422624,36.4283135
335,5,0.04125,35.85223276,30.56815343,35.7991691
335,6,0.04875,35.08739605,30.05826247,35.1592057
335,7,0.05625,34.34661065,29.56440575,34.50949794
335,8,0.06375,33.62961712,29.08641032,33.85202999
335,9,0.07125,32.93611742,28.62407747,33.1896179
335,10,0.07875,32.26577599,28.17718352,32.52573787
335,11,0.08625,31.61822028,27.7454801,31.86429789
335,12,0.09375,30.99304165,27.32869475,31.20938817
335,13,0.10125,30.38979607,26.92653133,30.56503659
335,14,0.10875,29.80800528,26.53867091,29.93499001
335,15,0.11625,29.24715826,26.16477283,29.32253641
335,16,0.12375,28.70671223,25.80447542,28.73037674
335,17,0.13125,28.18609332,25.45739618,28.16055038
335,18,0.13875,27.68469715,25.12313208,27.61441296
335,19,0.14625,27.20189086,24.80126113,27.09266152
335,20,0.15375,26.73701477,24.4913437,26.59539554
335,21,0.16125,26.28938272,24.19292235,26.12220165
335,22,0.16875,25.85828323,23.90552262,25.67225275
335,23,0.17625,25.44298184,23.62865498,25.24441146
335,24,0.18375,25.04272167,23.36181488,24.83732642
335,25,0.19125,24.65672433,23.10448326,24.44951766
335,26,0.19875,24.28419243,22.85612863,24.07944834
335,27,0.20625,23.92430981,22.61620688,23.72557801
335,28,0.21375,23.57624297,22.38416225,23.38640075
335,29,0.22125,23.23914327,22.15942913,23.06046988
335,30,0.22875,22.91214671,21.94143136,22.74640847
335,31,0.23625,22.59437681,21.72958476,22.44291383
335,32,0.24375,22.28494453,21.52329654,22.14875291
335,33,0.25125,21.98295042,21.32196712,21.86275607
335,34,0.25875,21.68748529,21.12499033,21.58380714
335,35,0.26625,21.39763181,20.93175466,21.31083365
335,36,0.27375,21.11246541,20.7416437,21.04279612
335,37,0.28125,20.83105577,20.55403725,20.7786785
335,38,0.28875,20.55246778,20.3683119,20.51748017
335,39,0.29625,20.13788141,20.09192095,20.12907427
340,0,0.00375,40.18776341,33.45850678,38.98866581
340,1,0.01125,39.30010525,32.86673469,38.39098668
340,2,0.01875,38.43691815,32.29127667,37.79274451
340,3,0.02625,37.59816965,31.73211109,37.18794736
340,4,0.03375,36.78378409,31.1891875,36.57329068
340,5,0.04125,35.99362113,30.66241234,35.94768371
340,6,0.04875,35.22750077,30.15166562,35.31125791
340,7,0.05625,34.48520566,29.65680243,34.66512172
340,8,0.06375,33.76647948,29.17765189,34.01125067
340,9,0.07125,33.07102813,28.71401794,33.35236709
340,10,0.07875,32.39852041,28.26567979,32.69178095
340,11,0.08625,31.74858854,27.83239227,32.03319174
340,12,0.09375,31.12082907,27.41388635,31.38046716
340,13,0.10125,30.51480348,27.0098696,30.73742122
340,14,0.10875,29.93003941,26.62002699,30.10761417
340,15,0.11625,29.36603199,26.24402198,29.49419029
340,16,0.12375,28.82224493,25.88149721,28.89976235
340,17,0.13125,28.29811102,25.53207465,28.32634503
340,18,0.13875,27.79303282,25.19535585,27.77533521
340,19,0.14625,27.30638451,24.87092356,27.24753325
340,20,0.15375,26.83751368,24.55834297,26.74319451
340,21,0.16125,26.3857415,24.25716153,26.26209987
340,22,0.16875,25.95036394,23.96690976,25.80363795
340,23,0.17625,25.53065404,23.68710311,25.36689106
340,24,0.18375,25.12586249,23.41724209,24.95071554
340,25,0.19125,24.73521845,23.15681266,24.5538141
340,26,0.19875,24.3579321,22.90528841,24.1747989
340,27,0.20625,23.99319483,22.66213022,23.81224038
340,28,0.21375,23.64018065,22.42678737,23.46470531
340,29,0.22125,23.2980484,22.19869921,23.13078469
340,30,0.22875,22.9659415,21.97729456,22.80910972
340,31,0.23625,22.64299083,21.76199411,22.49836295
340,32,0.24375,22.32831463,21.55220993,22.19728042
340,33,0.25125,22.02102067,21.34734729,21.9046514
340,34,0.25875,21.72020695,21.14680477,21.61931377
340,35,0.26625,21.4249632,20.94997559,21.34014855
340,36,0.27375,21.13437193,20.75624804,21.06607351
340,37,0.28125,20.84750978,20.56500659,20.79603799
340,38,0.28875,20.56344859,20.37563244,20.52901799
340,39,0.29625,20.14062833,20.09375223,20.13200348
345,0,0.00375,40.33089239,33.55392609,39.14418701
345,1,0.01125,39.44297895,32.96198382,38.55490897
345,2,0.01875,38.57940124,32.3862654,37.9554709
345,3,0.02625,37.74007572,31.82671513,37.34643352
345,4,0.03375,36.92487956,31.28325115,36.72658296
345,5,0.04125,36.13367588,30.75578217,36.09455766
345,6,0.04875,35.36628921,30.24419124,35.45003083
345,7,0.05625,34.62250405,29.74833468,34.7939007
345,8,0.06375,33.90206769,29.26804402,34.12822555
345,9,0.07125,33.20468974,28.80312568,33.45606196
345,10,0.07875,32.53004323,28.35336167,32.78124289
345,11,0.08625,31.877765,27.9185099,32.10811439
345,12,0.09375,31.24745659,27.4983047,31.44125087
345,13,0.10125,30.63868487,27.09245718,30.78516915
345,14,0.10875,30.05098315,26.70065615,30.14406421
345,15,0.11625,29.48385258,26.32256904,29.52158749
345,16,0.12375,28.93676314,25.95784268,28.92068337
345,17,0.13125,28.40915413,25.60610338,28.34349302
345,18,0.13875,27.90043483,25.26695719,27.7913276
345,19,0.14625,27.40998635,24.93999145,27.26470595
345,20,0.15375,26.93716334,24.62477607,26.76344332
345,21,0.16125,26.48129416,24.3208633,26.28677413
345,22,0.16875,26.04168206,24.0277885,25.83349385
345,23,0.17625,25.61760748,23.74507207,25.4021037
345,24,0.18375,25.2083285,23.47221943,24.99094155
345,25,0.19125,24.81308176,23.20872153,24.59829126
345,26,0.19875,24.43108488,22.95405692,24.22246652
345,27,0.20625,24.06153675,22.7076915,23.86186405
345,28,0.21375,23.70361881,22.46907947,23.51499215
345,29,0.22125,23.35649731,22.23766515,23.18047905
345,30,0.22875,23.01932305,22.01288226,22.85706359
345,31,0.23625,22.69123425,21.79415639,22.54357999
345,32,0.24375,22.37135642,21.58090446,22.23893578
345,33,0.25125,22.05880458,21.37253656,21.94209206
345,34,0.25875,21.75268387,21.16845605,21.65204483
345,35,0.26625,21.45209118,20.9680609,21.36781113
345,36,0.27375,21.15611605,20.77074413,21.0884181
345,37,0.28125,20.8638422,20.57589487,20.81289515
345,38,0.28875,20.57434845,20.38289901,20.54026699
345,39,0.29625,20.14335503,20.09557003,20.13465637
350,0,0.00375,40.47232208,33.64821255,39.36373277
350,1,0.01125,39.58442589,33.05628178,38.77348414
350,2,0.01875,38.72054497,32.48036121,38.17815748
350,3,0.02625,37.8806422,31.92042611,37.57129322
350,4,0.03375,37.06464437,31.37642767,36.9499683
350,5,0.04125,36.27241452,30.8482746,36.31310167
350,6,0.04875,35.50377752,30.33585011,35.66072336
350,7,0.05625,34.7585215,29.83901297,34.99403169
350,8,0.06375,34.03639667,29.35759667,34.315434
350,9,0.07125,33.33711638,28.8914101,33.62845038
350,10,0.07875,32.6603577,28.44023798,32.93749774
350,11,0.08625,32.00576196,28.00384121,32.24759071
350,12,0.09375,31.37293556,27.58195734,31.56399971
350,13,0.10125,30.76145056,27.17430098,30.89190421
350,14,0.10875,30.17084582,26.78056459,30.23607573
350,15,0.11625,29.60062832,26.40041953,29.60061673
350,16,0.12375,29.05027413,26.03351667,28.98877366
350,17,0.13125,28.5192289,25.67948656,28.40283261
350,18,0.13875,28.00690849,25.33793963,27.84409864
350,19,0.14625,27.51270073,25.0084677,27.31295091
350,20,0.15375,27.0359672,24.6906453,26.8089573
350,21,0.16125,26.57604329,24.38402938,26.33102801
350,22,0.16875,26.1322394,24.08816006,25.87759003
350,23,0.17625,25.70384322,23.80256256,25.44676329
350,24,0.18375,25.29012013,23.52674718,25.03651936
350,25,0.19125,24.89031411,23.26020977,24.64481335
350,26,0.19875,24.50365018,23.00243378,24.26968381
350,27,0.20625,24.12933456,22.75289003,23.90931535
350,28,0.21375,23.7665561,22.51103766,23.56207005
350,29,0.22125,23.4144884,22.27632588,23.22649294
350,30,0.22875,23.07228962,22.0481933,22.90129551
350,31,0.23625,22.73910525,21.82607038,22.58533021
350,32,0.24375,22.41406809,21.60937891,22.27755666
350,33,0.25125,22.09630037,21.39753375,21.97701004
350,34,0.25875,21.78491442,21.18994309,21.68277159
350,35,0.26625,21.47901426,20.98600963,21.39394573
350,36,0.27375,21.17769657,20.78513114,21.10964328
350,37,0.28125,20.88005209,20.58670147,20.82897222
350,38,0.28875,20.5851667,20.39011118,20.55103612
350,39,0.29625,20.14606134,20.09737424,20.13736442
355,0,0.00375,40.61274701,33.74182916,39.48347791
355,1,0.01125,39.72461147,33.14973882,38.88698664
355,2,0.01875,38.86034945,32.57356419,38.28415816
355,3,0.02625,38.01988453,32.01325433,37.67380813
355,4,0.03375,37.20309675,31.46872926,37.05343845
355,5,0.04125,36.40985287,30.93990015,36.4213029
355,6,0.04875,35.63998168,30.42665288,35.77704846
355,7,0.05625,34.89327318,29.92884743,35.12157342
355,8,0.06375,34.16948095,29.44631952,34.45683829
355,9,0.07125,33.46832179,28.97888037,33.78568123
355,10,0.07875,32.78947675,28.52631735,33.11161284
355,11,0.08625,32.1325915,28.08839423,32.43858382
355,12,0.09375,31.49727714,27.66485172,31.77073828
355,13,0.10125,30.8831108,27.2554078,31.11217142
355,14,0.10875,30.28963671,26.85975852,30.46671242
355,15,0.11625,29.71636753,26.47757899,29.8377479
355,16,0.12375,29.16278527,26.10852409,29.22809507
355,17,0.13125,28.62834177,25.75222847,28.63992695
355,18,0.13875,28.11245928,25.40830682,28.07474744
355,19,0.14625,27.61453225,25.07635538,27.53341026
355,20,0.15375,27.13392899,24.75595317,27.01617102
355,21,0.16125,26.66999182,24.44666174,26.52276099
355,22,0.16875,26.22203816,24.1480259,26.05247546
355,23,0.17625,25.78936278,23.85957559,25.60426844
355,24,0.18375,25.37123827,23.58082593,25.17684393
355,25,0.19125,24.96691585,23.31127759,24.76874074
355,26,0.19875,24.5756278,23.05041886,24.37840849
355,27,0.20625,24.19658768,22.79772545,24.00426842
355,28,0.21375,23.82899162,22.55266134,23.64476166
355,29,0.22125,23.47202055,22.31468064,23.29838418
355,30,0.22875,23.12483989,22.08322681,22.96370654
355,31,0.23625,22.78660242,21.85773517,22.63938512
355,32,0.24375,22.45644819,21.63763231,22.32416144
355,33,0.25125,22.13350664,21.42233793,22.01685697
355,34,0.25875,21.81689728,21.21126499,21.71636228
355,35,0.26625,21.5057313,21.00382098,21.42162551
355,36,0.27375,21.19911247,20.79940841,21.13164034
355,37,0.28125,20.89613866,20.59742585,20.84543551
355,38,0.28875,20.59590281,20.39726859,20.56206405
355,39,0.29625,20.14874713,20.09916476,20.14034043
360,0,0.00375,40.75153315,33.83435325,39.54997599
360,1,0.01125,39.86340558,33.24226823,38.95056024
360,2,0.01875,38.99884841,32.66589682,38.34424893
360,3,0.02625,38.15782086,32.10521188,37.72847575
360,4,0.03375,37.3402517,31.56016589,37.10241044
360,5,0.04125,36.54600727,31.03066975,36.46567939
360,6,0.04875,35.77491691,30.5166097,35.8183487
360,7,0.05625,35.02677392,30.01784792,35.16126465
360,8,0.06375,34.30133466,29.53422199,34.49616894
360,9,0.07125,33.59831941,29.06554544,33.82563846
360,10,0.07875,32.91741306,28.61160821,33.15292918
360,11,0.08625,32.25826547,28.17217688,32.48176789
360,12,0.09375,31.62049235,27.74699519,31.81611937
360,13,0.10125,31.00367572,27.33578441,31.15994975
360,14,0.10875,30.40736506,26.93824408,30.51700538
360,15,0.11625,29.83107854,26.554053,29.89062338
360,16,0.12375,29.27430398,26.1828699,29.28358594
360,17,0.13125,28.73649926,25.82433346,28.69802582
360,18,0.13875,28.21709287,25.47806254,28.13538589
360,19,0.14625,27.71548572,25.14365769,27.59643043
360,20,0.15375,27.23105274,24.82070233,27.08129894
360,21,0.16125,26.76314301,24.50876253,26.58959014
360,22,0.16875,26.31108084,24.20738768,26.12046594
360,23,0.17625,25.87416801,23.91611241,25.67276369
360,24,0.18375,25.45168417,23.63445653,25.24510259
360,25,0.19125,25.04288769,23.36192548,24.83597843
360,26,0.19875,24.64701805,23.09801236,24.4438428
360,27,0.20625,24.263296,22.84219766,24.06716043
360,28,0.21375,23.89092494,22.59395022,23.70444864
360,29,0.22125,23.52909303,22.35272896,23.35430059
360,30,0.22875,23.17697296,22.11798219,23.01539251
360,31,0.23625,22.83372474,21.88915004,22.68648421
360,32,0.24375,22.49849563,21.66566393,22.36641019
360,33,0.25125,22.17042229,21.44694836,22.05406973
360,34,0.25875,21.84863141,21.23242107,21.74841421
360,35,0.26625,21.53224132,21.02149433,21.44843546
360,36,0.27375,21.22036296,20.81357539,21.15315403
360,37,0.28125,20.91210128,20.60806759,20.86160866
360,38,0.28875,20.60655634,20.40437094,20.57284665
360,39,0.29625,20.15141228,20.10094153,20.14288859
365,0,0.00375,40.8893234,33.92621341,39.73423823
365,1,0.01125,40.0009708,33.33397837,39.15023156
365,2,0.01875,39.13604175,32.75735905,38.55540892
365,3,0.02625,38.29446588,32.19630855,37.94869387
365,4,0.03375,37.47612616,31.65074886,37.32844326
365,5,0.04125,36.68089268,31.12059335,36.69392061
365,6,0.04875,35.90859827,30.6057306,36.04549101
365,7,0.05625,35.15903807,30.10602401,35.38448838
365,8,0.06375,34.43197157,29.62131326,34.71316076
365,9,0.07125,33.72712235,29.15141407,34.03459259
365,10,0.07875,33.04417901,28.69611884,33.35255142
365,11,0.08625,32.38279552,28.2551969,32.67126532
365,12,0.09375,31.74259202,27.82839496,31.9951615
365,13,0.10125,31.12315533,27.41543748,31.32859856
365,14,0.10875,30.52404004,27.01602739,30.67562246
365,15,0.11625,29.94476969,26.62984709,30.03976719
365,16,0.12375,29.38483775,26.25655907,29.42391316
365,17,0.13125,28.84370801,25.89580595,28.83020788
365,18,0.13875,28.32081507,25.54721067,28.26004713
365,19,0.14625,27.81556616,25.21037798,27.71410988
365,20,0.15375,27.32734268,24.88489562,27.19243348
365,21,0.16125,26.85550037,24.5703341,26.69451444
365,22,0.16875,26.3993703,24.26624732,26.21942359
365,23,0.17625,25.95826113,23.97217449,25.76592393
365,24,0.18375,25.53145948,23.68764007,25.33257832
365,25,0.19125,25.11823076,23.41215419,24.91784273
365,26,0.19875,24.71782155,23.14521469,24.52014236
365,27,0.20625,24.32945977,22.88630684,24.13792561
365,28,0.21375,23.95235598,22.63490424,23.76970047
365,29,0.22125,23.58570552,22.39047062,23.41405526
365,30,0.22875,23.2286883,22.15245908,23.0696641
365,31,0.23625,22.88047152,21.92031456,22.73528595
365,32,0.24375,22.54020966,21.69347328,22.40975476
365,33,0.25125,22.20704653,21.47136452,22.09196861
365,34,0.25875,21.88011602,21.25341082,21.78087633
365,35,0.26625,21.55854362,21.0390292,21.47546581
365,36,0.27375,21.2414474,20.82763169,21.17475338
365,37,0.28125,20.92793946,20.61862638,20.87777689
365,38,0.28875,20.61712695,20.41141802,20.58359191
365,39,0.29625,20.15405671,20.10270448,20.1455967
370,0,0.00375,41.02553087,34.01701839,39.85228013
370,1,0.01125,40.1371781,33.42478323,39.24634067
370,2,0.01875,39.27196118,32.84797199,38.63841705
370,3,0.02625,38.42983649,32.28655562,38.02203608
370,4,0.03375,37.6107344,31.74048768,37.3940074
370,5,0.04125,36.81452444,31.20968119,36.75272659
370,6,0.04875,36.04104015,30.69402518,36.09790246
370,7,0.05625,35.29007967,30.19338507,35.43054379
370,8,0.06375,34.56140515,29.7076023,34.75282329
370,9,0.07125,33.85474344,29.23649479,34.0678861
370,10,0.07875,33.16978676,28.77985734,33.3796306
370,11,0.08625,32.50619307,28.33746193,32.69246091
370,12,0.09375,31.86358684,27.90905817,32.01101611
370,13,0.10125,31.24155956,27.49437363,31.33989129
370,14,0.10875,30.63967078,27.09311455,30.6833725
370,15,0.11625,30.05744929,26.70496683,30.04520795
370,16,0.12375,29.49439411,26.32959664,29.42843331
370,17,0.13125,28.94997476,25.96665045,28.83526302
370,18,0.13875,28.42363184,25.61575518,28.26705234
370,19,0.14625,27.91477876,25.27651971,27.72432735
370,20,0.15375,27.4228033,24.94853603,27.20687092
370,21,0.16125,26.94706768,24.63137897,26.71384794
370,22,0.16875,26.48690966,24.32460689,26.24395431
370,23,0.17625,26.04164464,24.0277635,25.79557238
370,24,0.18375,25.61056614,23.74037784,25.36691417
370,25,0.19125,25.19294651,23.46196469,24.95614324
370,26,0.19875,24.78803934,23.19202655,24.56146933
370,27,0.20625,24.39507963,22.93005341,24.18120987
370,28,0.21375,24.01328503,22.67552361,23.81382352
370,29,0.22125,23.64185804,22.42790563,23.45792006
370,30,0.22875,23.27998572,22.18665736,23.11224992
370,31,0.23625,22.92684242,21.95122849,22.77568515
370,32,0.24375,22.5815898,21.72106004,22.44719235
370,33,0.25125,22.24337885,21.49558606,22.12580719
370,34,0.25875,21.9113506,21.27423387,21.81061025
370,35,0.26625,21.5846377,21.05642525,21.50070865
370,36,0.27375,21.26236537,20.841577,21.19522193
370,37,0.28125,20.94365284,20.62910196,20.89327285
370,38,0.28875,20.6276144,20.41840965,20.59398015
370,39,0.29625,20.15668035,20.10445357,20.1481064
375,0,0.00375,41.16075144,34.10716543,40.02025192
375,1,0.01125,40.27218659,33.51478889,39.44084453
375,2,0.01875,39.40660671,32.93773568,38.84493307
375,3,0.02625,38.56394661,32.37596237,38.23531738
375,4,0.03375,37.74409225,31.82939291,37.61155574
375,5,0.04125,36.94691675,31.29794272,36.97304562
375,6,0.04875,36.17225679,30.78150293,36.31991937
375,7,0.05625,35.41991235,30.27994019,35.65329976
375,8,0.06375,34.6896485,29.79309787,34.97537726
375,9,0.07125,33.98119521,29.32079596,34.28932419
375,10,0.07875,33.29424822,28.86283164,33.59908796
375,11,0.08625,32.62846937,28.41897946,32.9091161
375,12,0.09375,31.98348736,27.98899185,32.22405723
375,13,0.10125,31.35889822,27.5725994,31.54847077
375,14,0.10875,30.75426635,27.16951159,30.88657085
375,15,0.11625,30.16912568,26.77941775,30.24202192
375,16,0.12375,29.60298061,26.40198764,29.61779611
375,17,0.13125,29.05530632,26.03687148,29.01609527
375,18,0.13875,28.52554926,25.68370012,28.43833496
375,19,0.14625,28.01312889,25.34208646,27.88518276
375,20,0.15375,27.51743924,25.01162665,27.35663745
375,21,0.16125,27.03784895,24.69189981,26.85213394
375,22,0.16875,26.57370229,24.38246864,26.37066325
375,23,0.17625,26.12432136,24.0828813,25.91089555
375,24,0.18375,25.68900643,23.79267136,25.47129386
375,25,0.19125,25.26703671,23.51135815,25.05021352
375,26,0.19875,24.85767274,23.23844882,24.64598474
375,27,0.20625,24.46015651,22.97343799,24.25697246
375,28,0.21375,24.07371271,22.71580873,23.88161749
375,29,0.22125,23.69755093,22.46503422,23.51846064
375,30,0.22875,23.33086532,22.22057709,23.16614945
375,31,0.23625,22.97283738,21.9818918,22.82343692
375,32,0.24375,22.62263588,21.74842409,22.48916965
375,33,0.25125,22.27941897,21.51961281,22.16227391
375,34,0.25875,21.94233482,21.29489001,21.84173868
375,35,0.26625,21.61052323,21.07368227,21.52660007
375,36,0.27375,21.28311656,20.85541113,21.21592706
375,37,0.28125,20.95924118,20.63949419,20.90881081
375,38,0.28875,20.63801849,20.42534571,20.6043583
375,39,0.29625,20.15928315,20.10618878,20.15083868
380,0,0.00375,41.29444131,34.19629201,40.17522393
380,1,0.01125,40.40586911,33.60391056,39.57037299
380,2,0.01875,39.54000799,33.02666986,38.96705035
380,3,0.02625,38.69681216,32.46453939,38.35488989
380,4,0.03375,37.87621332,31.91747362,37.72993155
380,5,0.04125,37.07808407,31.3853876,37.09065324
380,6,0.04875,36.30226186,30.86817298,36.43698364
380,7,0.05625,35.54854946,30.36569826,35.77005464
380,8,0.06375,34.81671446,29.87780851,35.09204904
380,9,0.07125,34.10648995,29.40432578,34.40605261
380,10,0.07875,33.41757507,28.94504954,33.7158692
380,11,0.08625,32.74963548,28.49975686,33.02578771
380,12,0.09375,32.10230397,28.06820292,32.34031684
380,13,0.10125,31.47518103,27.65012127,31.66391369
380,14,0.10875,30.86783577,27.24522453,31.0007336
380,15,0.11625,30.27980715,26.85320539,30.35442253
380,16,0.12375,29.71060485,26.47373713,29.72796595
380,17,0.13125,29.15970957,26.10647365,29.12359992
380,18,0.13875,28.62657349,25.75104961,28.54278465
380,19,0.14625,28.11062204,25.40708189,27.9862344
380,20,0.15375,27.61125536,25.07417073,27.45399129
380,21,0.16125,27.12784838,24.75189943,26.94552819
380,22,0.16875,26.65975181,24.43983498,26.45986891
380,23,0.17625,26.20629432,24.13752995,25.99571304
380,24,0.18375,25.76678286,23.84452231,25.55155157
380,25,0.19125,25.34050342,23.56033596,25.12576784
380,26,0.19875,24.92672339,23.28448258,24.7167202
380,27,0.20625,24.52469167,23.01646143,24.32280122
380,28,0.21375,24.13363995,22.75576022,23.9424773
380,29,0.22125,23.75278482,22.50185682,23.57431109
380,30,0.22875,23.38132751,22.25421855,23.21696712
380,31,0.23625,23.0184566,22.01230461,22.86920981
380,32,0.24375,22.66334795,21.77556548,22.52989191
380,33,0.25125,22.31516684,21.54344472,22.19794151
380,34,0.25875,21.97306858,21.31537918,21.87234658
380,35,0.26625,21.63620007,21.09080016,21.55214122
380,36,0.27375,21.30370082,20.86913397,21.23639315
380,37,0.28125,20.97470433,20.64980296,20.92419375
380,38,0.28875,20.64833915,20.43222615,20.61464836
380,39,0.29625,20.1618651,20.10791008,20.15338418
385,0,0.00375,41.42715339,34.28476672,40.25790087
385,1,0.01125,40.53838086,33.69225172,39.66798557
385,2,0.01875,39.6721654,33.1147748,39.06171035
385,3,0.02625,38.82844632,32.55229549,38.44443078
385,4,0.03375,38.0071125,32.00473973,37.81558236
385,5,0.04125,37.20803991,31.47202482,37.1740998
385,6,0.04875,36.43106889,30.95404432,36.51974264
385,7,0.05625,35.67600399,30.45066794,35.85334958
385,8,0.06375,34.94261558,29.96174258,35.17682531
385,9,0.07125,34.23063968,29.48709227,34.49300006
385,10,0.07875,33.5397788,29.02651869,33.80542312
385,11,0.08625,32.86970228,28.57980139,33.11812223
385,12,0.09375,32.22004694,28.14669823,32.43534825
385,13,0.10125,31.59041759,27.72694564,31.76132192
385,14,0.10875,30.98038798,27.32025934,31.10000127
385,15,0.11625,30.38950199,26.92633528,30.45488597
385,16,0.12375,29.81727444,26.54485019,29.82887075
385,17,0.13125,29.26319144,26.17546156,29.22415469
385,18,0.13875,28.72671083,25.81780783,28.64220772
385,19,0.14625,28.20726384,25.47150975,28.0837905
385,20,0.15375,27.70425664,25.13617158,27.54901702
385,21,0.16125,27.21707036,24.81138074,27.0374466
385,22,0.16875,26.74506204,24.49670847,26.54819469
385,23,0.17625,26.28756682,24.19171161,26.08005043
385,24,0.18375,25.84389823,23.89593256,25.63158726
385,25,0.19125,25.41334896,23.60889965,25.20126088
385,26,0.19875,24.99519317,23.3301291,24.78749079
385,27,0.20625,24.58868662,23.05912473,24.38871941
385,28,0.21375,24.19306791,22.79537886,24.00345249
385,29,0.22125,23.80756062,22.53837401,23.6302828
385,30,0.22875,23.43137294,22.28758217,23.26789692
385,31,0.23625,23.06370053,22.04246723,22.91507474
385,32,0.24375,22.70372631,21.80248438,22.5706791
385,33,0.25125,22.35062265,21.56708193,22.23364405
385,34,0.25875,22.00355195,21.33570143,21.90296036
385,35,0.26625,21.66166824,21.10777894,21.5776624
385,36,0.27375,21.32411814,20.88274551,21.25681565
385,37,0.28125,20.99004228,20.66002826,20.93950654
385,38,0.28875,20.65857633,20.43905094,20.62483495
385,39,0.29625,20.16442618,20.10961746,20.15591098
390,0,0.00375,41.55838337,34.37225337,40.43238632
390,1,0.01125,40.66959713,33.77972923,39.83717909
390,2,0.01875,39.80310657,33.2020689,39.23778051
390,3,0.02625,38.95886416,32.63924072,38.62485146
390,4,0.03375,38.13680278,32.09119992,37.99624007
390,5,0.04125,37.33679798,31.55786353,37.35147081
390,6,0.04875,36.5586909,31.03912567,36.69093239
390,7,0.05625,35.8022887,30.53485774,36.01594853
390,8,0.06375,35.06736414,30.04490828,35.32884565
390,9,0.07125,34.3536562,29.56910328,34.63290596
390,10,0.07875,33.66087068,29.1072466,33.93220403
390,11,0.08625,32.98868049,28.6591202,33.23135623
390,12,0.09375,32.3367264,28.22448453,32.53522376
390,13,0.10125,31.70461744,27.80307887,31.84860651
390,14,0.10875,31.0919319,27.39462195,31.17596031
390,15,0.11625,30.49821846,26.99881292,30.52116175
390,16,0.12375,29.922997,26.61533189,29.88733679
390,17,0.13125,29.36575893,26.24383988,29.27676115
390,18,0.13875,28.82596761,25.88397902,28.69083379
390,19,0.14625,28.30306002,25.53537387,28.13011721
390,20,0.15375,27.79644823,25.19763263,27.59443054
390,21,0.16125,27.30551945,24.8703468,27.08297797
390,22,0.16875,26.82963698,24.55309176,26.59449704
390,23,0.17625,26.36814233,24.24542861,26.12741082
390,24,0.18375,25.92035552,23.94690409,25.67996664
390,25,0.19125,25.48557587,23.65705092,25.25035379
390,26,0.19875,25.06308423,23.3753898,24.83679544
390,27,0.20625,24.65214314,23.10142907,24.43760941
390,28,0.21375,24.25199806,22.83466562,24.05124315
390,29,0.22125,23.86187945,22.57458657,23.67628659
390,30,0.22875,23.48100251,22.32066855,23.31146572
390,31,0.23625,23.10856986,22.07238011,22.95562787
390,32,0.24375,22.74377147,21.82918115,22.60771845
390,33,0.25125,22.38578674,21.59052465,22.26675839
390,34,0.25875,22.03378517,21.35585691,21.93182169
390,35,0.26625,21.68692789,21.12461871,21.60201749
390,36,0.27375,21.34436861,20.89624583,21.27647591
390,37,0.28125,21.00525507,20.67017012,20.95433923
390,38,0.28875,20.66873007,20.44582009,20.63475626
390,39,0.29625,20.16696639,20.11131094,20.15834221
395,0,0.00375,41.68864479,34.45909431,40.62406776
395,1,0.01125,40.79966893,33.86644376,40.03744031
395,2,0.01875,39.93283234,33.28855275,39.43767727
395,3,0.02625,39.08807818,32.7253834,38.82631839
395,4,0.03375,38.26529825,32.17686356,38.20031575
395,5,0.04125,37.46437118,31.64291233,37.55769863
395,6,0.04875,36.68514079,31.12342558,36.89816909
395,7,0.05625,35.92741599,30.61827593,36.22289903
395,8,0.06375,35.19097216,30.12731362,35.53430773
395,9,0.07125,34.47555109,29.65036654,34.83583999
395,10,0.07875,33.78086178,29.18724066,34.13172054
395,11,0.08625,33.10658066,28.7377203,33.42667594
395,12,0.09375,32.45235234,28.30156849,32.72563504
395,13,0.10125,31.81778999,27.87852724,32.03343102
395,14,0.10875,31.20247635,27.46831825,31.35453165
395,15,0.11625,30.60596479,27.0706438,30.69281999
395,16,0.12375,30.02778015,26.68518732,30.05143952
395,17,0.13125,29.46741905,26.31161329,29.4327091
395,18,0.13875,28.92435027,25.94956745,28.83810588
395,19,0.14625,28.39801642,25.59867813,28.26830816
395,20,0.15375,27.88783538,25.2585574,27.72328345
395,21,0.16125,27.39320037,24.92880074,27.20240509
395,22,0.16875,26.91348082,24.60898765,26.70458478
395,23,0.17625,26.44802453,24.29868341,26.22840751
395,24,0.18375,25.99615796,23.99743904,25.77225511
395,25,0.19125,25.55718693,23.70479162,25.33441302
395,26,0.19875,25.13039893,23.42026626,24.91315695
395,27,0.20625,24.71506321,23.14337579,24.50681439
395,28,0.21375,24.31043203,22.8736216,24.11380515
395,29,0.22125,23.9157427,22.6104954,23.73266339
395,30,0.22875,23.53021731,22.35347842,23.36204173
395,31,0.23625,23.15306546,22.10204384,23.00070706
395,32,0.24375,22.78348409,21.85565623,22.64752617
395,33,0.25125,22.42065965,21.61377325,22.30144987
395,34,0.25875,22.06376865,21.3758459,21.96149474
395,35,0.26625,21.71197932,21.14131966,21.62672704
395,36,0.27375,21.36445243,20.90963504,21.29624809
395,37,0.28125,21.02034284,20.68022863,20.96918268
395,38,0.28875,20.67880045,20.45253368,20.64466977
395,39,0.29625,20.16948577,20.11299052,20.16090336
400,0,0.00375,41.81746962,34.54497753,40.6551414
400,1,0.01125,40.92847445,33.95231411,40.04390486
400,2,0.01875,40.06136843,33.37424347,39.43094985
400,3,0.02625,39.21610277,32.81073312,38.80880277
400,4,0.03375,38.39261134,32.26173895,38.17585816
400,5,0.04125,37.59077254,31.7271799,37.53128958
400,6,0.04875,36.81043101,31.20695239,36.87491201
400,7,0.05625,36.05139807,30.70093065,36.20744633
400,8,0.06375,35.31345143,30.20896647,35.5305645
400,9,0.07125,34.59633571,29.73088961,34.84678647
400,10,0.07875,33.899763,29.26650814,34.15930073
400,11,0.08625,33.22341319,28.81560865,33.47174901
400,12,0.09375,32.56693463,28.37795668,32.78799965
400,13,0.10125,31.92994459,27.95329696,32.11192531
400,14,0.10875,31.31203011,27.54135408,31.44719933
400,15,0.11625,30.71274918,27.1418334,30.79712229
400,16,0.12375,30.13163152,26.75442157,30.16448784
400,17,0.13125,29.56817886,26.37878649,29.55149336
400,18,0.13875,29.02186529,26.01457746,28.95969759
400,19,0.14625,28.49213895,25.66142648,28.39002368
400,20,0.15375,27.97842346,25.31894945,27.84279952
400,21,0.16125,27.48011794,24.98674579,27.31782556
400,22,0.16875,26.99659787,24.66439901,26.81446224
400,23,0.17625,26.52721727,24.35147856,26.33172743
400,24,0.18375,26.07130891,24.04753967,25.868392
400,25,0.19125,25.62818508,23.75212372,25.42306844
400,26,0.19875,25.19713983,23.4647602,24.99428892
400,27,0.20625,24.77744904,23.18496634,24.58056595
400,28,0.21375,24.3683717,22.91224804,24.18043833
400,29,0.22125,23.96915192,22.64610155,23.79250268
400,30,0.22875,23.57901866,22.38601264,23.41542933
400,31,0.23625,23.1971884,22.13145914,23.04797043
400,32,0.24375,22.82286506,21.88191021,22.68895729
400,33,0.25125,22.45524205,21.63682819,22.33729447
400,34,0.25875,22.09350293,21.39566874,21.99194939
400,35,0.26625,21.73682293,21.15788207,21.65194156
400,36,0.27375,21.38436992,20.92291337,21.31633136
400,37,0.28125,21.03530581,20.69020394,20.98421064
400,38,0.28875,20.6887876,20.45919178,20.65469464
400,39,0.29625,20.17198433,20.11465623,20.16343956
405,0,0.00375,41.94533527,34.6302213,40.74485445
405,1,0.01125,41.05616027,34.03743798,40.16068878
405,2,0.01875,40.18871626,33.45914202,39.55757008
405,3,0.02625,39.34294976,32.89529778,38.94110685
405,4,0.03375,38.51875544,32.34583501,38.31107353
405,5,0.04125,37.71601441,31.81067448,37.66731806
405,6,0.04875,36.93457388,31.2897143,37.0103483
405,7,0.05625,36.17424685,30.78282983,36.34138114
405,8,0.06375,35.43481353,30.28987453,35.66238947
405,9,0.07125,34.71602121,29.81067994,34.97608054
405,10,0.07875,34.01758505,29.34505617,34.28578446
405,11,0.08625,33.33918832,28.89279207,33.59527034
405,12,0.09375,32.68048305,28.45365562,32.90852181
405,13,0.10125,32.04109047,28.02739421,32.2295032
405,14,0.10875,31.42060188,27.61373526,31.56194323
405,15,0.11625,30.81857981,27.21238715,30.90915474
405,16,0.12375,30.23455875,26.82303971,30.27390177
405,17,0.13125,29.66804542,26.4453642,29.65831826
405,18,0.13875,29.11851919,26.07901339,29.06387836
405,19,0.14625,28.58543361,25.72362292,28.49141371
405,20,0.15375,28.06821795,25.37881244,27.94116732
405,21,0.16125,27.56627713,25.04418525,27.41287204
405,22,0.16875,27.07899261,24.71932884,26.9058451
405,23,0.17625,26.60572454,24.40381674,26.41908838
405,24,0.18375,26.14581194,24.09720836,25.95138304
405,25,0.19125,25.69857347,23.79904931,25.5013743
405,26,0.19875,25.26330966,23.50887342,25.06764349
405,27,0.20625,24.83930299,23.22620231,24.64876192
405,28,0.21375,24.42581911,22.95054631,24.24333002
405,29,0.22125,24.02210887,22.68140617,23.85000308
405,30,0.22875,23.62740802,22.41827222,23.46750263
405,31,0.23625,23.24093992,22.16062682,23.09462179
405,32,0.24375,22.86191538,21.90794376,22.7302214
405,33,0.25125,22.48953479,21.65969001,22.37322429
405,34,0.25875,22.12298866,21.4153259,22.02260612
405,35,0.26625,21.76145925,21.17430628,21.67738639
405,36,0.27375,21.40412147,20.93608106,21.3366191
405,37,0.28125,21.05014427,20.70009625,20.99938408
405,38,0.28875,20.69869172,20.46579452,20.66477813
405,39,0.29625,20.17446213,20.1163081,20.16591619
410,0,0.00375,42.07180708,34.71453583,40.97824399
410,1,0.01125,41.18260781,34.12173634,40.38340927
410,2,0.01875,40.31489968,33.5432643,39.78593198
410,3,0.02625,39.46863297,32.97908657,39.17434782
410,4,0.03375,38.64374246,32.42915969,38.545471
410,5,0.04125,37.84010925,31.89340437,37.89804907
410,6,0.04875,37.05758135,31.37171928,37.23219541
410,7,0.05625,36.29597405,30.86398129,36.54934508
410,8,0.06375,35.55506979,30.37004537,35.85214114
410,9,0.07125,34.83461856,29.88974484,35.14426319
410,10,0.07875,34.13433849,29.4228918,34.43020201
410,11,0.08625,33.45391616,28.9692773,33.7149822
410,12,0.09375,32.79300722,28.52867173,33.00384931
410,13,0.10125,32.15123677,28.10082508,32.30194745
410,14,0.10875,31.52820032,27.68546755,31.61401876
410,15,0.11625,30.92346481,27.28231048,30.94415232
410,16,0.12375,30.33656943,26.89104683,30.29560265
410,17,0.13125,29.76702584,26.51135115,29.67068844
410,18,0.13875,29.21431854,26.14287962,29.07077288
410,19,0.14625,28.67790645,25.78527148,28.49631855
410,20,0.15375,28.15722439,25.43815006,27.94700027
410,21,0.16125,27.65168299,25.10112248,27.42185546
410,22,0.16875,27.16066963,24.77378018,26.91945402
410,23,0.17625,26.68355047,24.45570069,26.43806872
410,24,0.18375,26.21967073,24.14644755,25.97582749
410,25,0.19125,25.76835537,23.84557058,25.53083887
410,26,0.19875,25.32891134,23.55260787,25.10128599
410,27,0.20625,24.90062763,23.2670854,24.68548463
410,28,0.21375,24.48277649,22.9885179,24.28191168
410,29,0.22125,24.07461546,22.71641056,23.88920971
410,30,0.22875,23.67538704,22.45025823,23.50617151
410,31,0.23625,23.28432141,22.1895478,23.13171717
410,32,0.24375,22.90063624,21.93375766,22.76486404
410,33,0.25125,22.52353882,21.68235937,22.40469947
410,34,0.25875,22.15222663,21.43481788,22.05035549
410,35,0.26625,21.78588891,21.19059272,21.70098964
410,36,0.27375,21.42370755,20.94913845,21.35577051
410,37,0.28125,21.06485855,20.70990576,21.01386925
410,38,0.28875,20.70851301,20.47234205,20.67445597
410,39,0.29625,20.17691922,20.11794616,20.16821914
415,0,0.00375,42.19732925,34.79821728,41.10664793
415,1,0.01125,41.30795911,34.20530387,40.51330079
415,2,0.01875,40.43992074,33.62661167,39.90650261
415,3,0.02625,39.59316362,33.06210701,39.28905251
415,4,0.03375,38.76758517,32.51172149,38.6579825
415,5,0.04125,37.96306891,31.97537747,38.01129855
415,6,0.04875,37.17946524,31.4529752,37.34849856
415,7,0.05625,36.41659112,30.94439268,36.67047649
415,8,0.06375,35.67423137,30.44948642,35.97938045
415,9,0.07125,34.95213854,29.96809149,35.27840865
415,10,0.07875,34.25003371,29.50002194,34.57155277
415,11,0.08625,33.56760669,29.04507098,33.86330971
415,12,0.09375,32.90451666,28.60301136,33.15838436
415,13,0.10125,32.26039257,28.1735956,32.46140432
415,14,0.10875,31.634834,27.75655667,31.77666628
415,15,0.11625,31.02741227,27.35160878,31.10792995
415,16,0.12375,30.43767117,26.95844799,30.45827008
415,17,0.13125,29.86512721,26.57675206,29.82999106
415,18,0.13875,29.30926995,26.20618056,29.22460356
415,19,0.14625,28.76956358,25.84637623,28.64285701
415,20,0.15375,28.2454484,25.49696607,28.08481551
415,21,0.16125,27.73634068,25.15756095,27.54996254
415,22,0.16875,27.24163361,24.82775617,27.03732307
415,23,0.17625,26.76069931,24.50713326,26.54559065
415,24,0.18375,26.29288912,24.19525981,26.07324587
415,25,0.19125,25.83753423,23.89168981,25.61866057
415,26,0.19875,25.39394792,23.59596558,25.18018426
415,27,0.20625,24.96142565,23.3076174,24.7562066
415,28,0.21375,24.5392462,23.02616437,24.34519996
415,29,0.22125,24.12667375,22.75111609,23.94574362
415,30,0.22875,23.7229575,22.48197187,23.55652982
415,31,0.23625,23.32733439,22.21822312,23.17636113
415,32,0.24375,22.93902891,21.95935277,22.80413705
415,33,0.25125,22.55725524,21.70483698,22.43883872
415,34,0.25875,22.18121774,21.45414528,22.07951082
415,35,0.26625,21.81011261,21.20674185,21.72524568
415,36,0.27375,21.44312872,20.96208589,21.37516925
415,37,0.28125,21.07944906,20.71963277,21.02843082
415,38,0.28875,20.71825175,20.47883454,20.68419516
415,39,0.29625,20.17935567,20.11957046,20.17080768
420,0,0.00375,42.32149783,34.88099632,41.21726715
420,1,0.01125,41.43209905,34.28806383,40.62051009
420,2,0.01875,40.56380156,33.70919888,40.01741329
420,3,0.02625,39.71655502,33.14436794,39.40111269
420,4,0.03375,38.89029504,32.59352807,38.77081288
420,5,0.04125,38.08490531,32.05660174,38.12604911
420,6,0.04875,37.30023704,31.53348973,37.46687173
420,7,0.05625,36.53610935,31.02407149,36.79419231
420,8,0.06375,35.7923092,30.52820497,36.10987023
420,9,0.07125,35.06859175,30.04572696,35.41664111
420,10,0.07875,34.36468093,29.57645341,34.71794628
420,11,0.08625,33.68026972,29.12017967,34.01770276
420,12,0.09375,33.01502079,28.67668078,33.32004872
420,13,0.10125,32.36856682,28.24571177,32.62909353
420,14,0.10875,31.74051144,27.82700829,31.94869594
420,15,0.11625,31.13043024,27.42028743,31.28228559
420,16,0.12375,30.53787155,27.02524824,30.63273571
420,17,0.13125,29.96235663,26.64157167,30.00228862
420,18,0.13875,29.40338004,26.26892061,29.39253119
420,19,0.14625,28.86041116,25.90694128,28.80441401
420,20,0.15375,28.33289567,25.55526425,28.23830334
420,21,0.16125,27.82025543,25.21350411,27.69405426
420,22,0.16875,27.32188934,24.88125999,27.17109748
420,23,0.17625,26.83717543,24.55811733,26.6685316
420,24,0.18375,26.36547106,24.24364776,26.18521076
420,25,0.19125,25.90611359,23.93740939,25.7198251
420,26,0.19875,25.45842258,23.63894869,25.27097187
420,27,0.20625,25.02169988,23.34780022,24.83721176
420,28,0.21375,24.59523075,23.0634874,24.41711326
420,29,0.22125,24.17828594,22.78552422,24.0092854
420,30,0.22875,23.77012132,22.51341441,23.61239669
420,31,0.23625,23.36998052,22.24665388,23.2251875
420,32,0.24375,22.97709482,21.98473005,22.84647183
420,33,0.25125,22.59068522,21.72712363,22.47513553
420,34,0.25875,22.20996296,21.47330877,22.11012914
420,35,0.26625,21.83413115,21.22275421,21.75045945
420,36,0.27375,21.46238559,20.97492381,21.39517919
420,37,0.28125,21.09391625,20.72927757,21.04337707
420,38,0.28875,20.72790824,20.4852722,20.69416769
420,39,0.29625,20.18177154,20.12118104,20.17335043
425,0,0.00375,42.44472648,34.96314876,41.31425581
425,1,0.01125,41.55516506,34.37010783,40.71605133
425,2,0.01875,40.68654483,33.79102772,40.10534719
425,3,0.02625,39.83881788,33.2258765,39.48301902
425,4,0.03375,39.01188428,32.67458756,38.84614945
425,5,0.04125,38.20562987,32.13708476,38.1934179
425,6,0.04875,37.41990811,31.61327044,37.52487177
425,7,0.05625,36.65453977,31.1030251,36.84166862
425,8,0.06375,35.90931407,30.60620821,36.14598251
425,9,0.07125,35.18398864,30.12265821,35.44090455
425,10,0.07875,34.47829024,29.65219295,34.73028428
425,11,0.08625,33.79191498,29.19460983,34.01850877
425,12,0.09375,33.12452892,28.74968619,33.31023743
425,13,0.10125,32.47576844,28.31717951,32.61011823
425,14,0.10875,31.8452411,27.89682806,31.92251431
425,15,0.11625,31.23252674,27.48835175,31.25126653
425,16,0.12375,30.63717812,27.09145262,30.59951174
425,17,0.13125,30.0587212,26.70581471,29.96956889
425,18,0.13875,29.49665545,26.33110422,29.3628978
425,19,0.14625,28.95045538,25.96697076,28.7801275
425,20,0.15375,28.41957195,25.61304844,28.2211416
425,21,0.16125,27.90343254,25.26895551,27.68520347
425,22,0.16875,27.4014417,24.93429489,27.17110553
425,23,0.17625,26.91298328,24.60865589,26.67732464
425,24,0.18375,26.43742061,24.29161413,26.20216503
425,25,0.19125,25.97409712,23.98273174,25.74387939
425,26,0.19875,25.52233862,23.68155939,25.30076252
425,27,0.20625,25.08145327,23.38763582,24.87121173
425,28,0.21375,24.65073277,23.10048875,24.45375962
425,29,0.22125,24.22945437,22.8196365,24.04708364
425,30,0.22875,23.81688053,22.54458722,23.64999597
425,31,0.23625,23.41226157,22.27484124,23.26142553
425,32,0.24375,23.01483549,22.00989049,22.88039244
425,33,0.25125,22.62383006,21.74922019,22.5059842
425,34,0.25875,22.23846338,21.49230904,22.13733298
425,35,0.26625,21.8579454,21.23863037,21.77359799
425,36,0.27375,21.48147886,20.98765265,21.41395137
425,37,0.28125,21.10826063,20.73884049,21.05756872
425,38,0.28875,20.7374828,20.49165524,20.70362193
425,39,0.29625,20.18416693,20.12277796,20.17549711
430,0,0.00375,42.56663956,35.04442413,41.3995791
430,1,0.01125,41.67704565,34.45136155,40.80259834
430,2,0.01875,40.80817105,33.87211186,40.19489214
430,3,0.02625,39.95996502,33.30664126,39.57220826
430,4,0.03375,39.13236394,32.75490733,38.93431602
430,5,0.04125,38.32525403,32.21683421,38.28082709
430,6,0.04875,37.53848953,31.69232472,37.61194442
430,7,0.05625,36.77189327,31.18126076,36.92884454
430,8,0.06375,36.02525655,30.68350319,36.23370595
430,9,0.07125,35.29833948,30.1988921,35.52959732
430,10,0.07875,34.59087159,29.72724718,34.82029387
430,11,0.08625,33.90255204,29.26836787,34.1100471
430,12,0.09375,33.23305024,28.82203373,33.4033285
430,13,0.10125,32.5820062,28.38800468,32.70456785
430,14,0.10875,31.94903137,27.96602157,32.01790864
430,15,0.11625,31.33370972,27.55580707,31.34699966
430,16,0.12375,30.73559841,27.15706614,30.69483748
430,17,0.13125,30.15422802,26.76948593,30.0636683
430,18,0.13875,29.58910285,26.39273582,29.45495199
430,19,0.14625,29.03970245,26.0264688,28.86938505
430,20,0.15375,28.50548303,25.67032248,28.30697168
430,21,0.16125,27.98587736,25.32391873,27.7671287
430,22,0.16875,27.48029562,24.98686417,27.24881205
430,23,0.17625,26.98812739,24.65875197,26.75065113
430,24,0.18375,26.5087419,24.33916165,26.27107526
430,25,0.19125,26.04148861,24.02765939,25.80842476
430,26,0.19875,25.58569947,23.72379995,25.36104184
430,27,0.20625,25.14068891,23.42712624,24.92733458
430,28,0.21375,24.705755,23.13717023,24.50581759
430,29,0.22125,24.28018146,22.85345456,24.09513211
430,30,0.22875,23.86323729,22.57549172,23.69404614
430,31,0.23625,23.45417941,22.30278647,23.30144552
430,32,0.24375,23.05225252,22.03483518,22.91631449
430,33,0.25125,22.65669113,21.77112757,22.53771546
430,34,0.25875,22.26672013,21.51114688,22.16476742
430,35,0.26625,21.8815563,21.25437098,21.79662791
430,36,0.27375,21.50040925,21.00027291,21.4324785
430,37,0.28125,21.12248275,20.7483219,21.07151586
430,38,0.28875,20.7469758,20.49798391,20.71294877
430,39,0.29625,20.18654192,20.12436129,20.17795019
435,0,0.00375,42.68762258,35.12507948,41.53532701
435,1,0.01125,41.79787361,34.53191352,40.94358479
435,2,0.01875,40.92868351,33.9524535,40.33962553
435,3,0.02625,40.08000666,33.38666902,39.7225406
435,4,0.03375,39.25174576,32.8344952,39.08960401
435,5,0.04125,38.44378881,32.29585738,38.43997349
435,6,0.04875,37.65599226,31.77065987,37.77402695
435,7,0.05625,36.88818052,31.25878559,37.09312306
435,8,0.06375,36.14014706,30.76009687,36.39955165
435,9,0.07125,35.4116544,30.27443538,35.69644057
435,10,0.07875,34.70243477,29.80162263,34.98758507
435,11,0.08625,34.01219036,29.34146008,34.27721924
435,12,0.09375,33.34059385,28.89372947,33.56975946
435,13,0.10125,32.68728883,28.4581931,32.86954816
435,14,0.10875,32.05189057,28.03459437,32.18062265
435,15,0.11625,31.43398711,27.62265866,31.50652691
435,16,0.12375,30.83313994,27.22209382,30.85017681
435,17,0.13125,30.24888418,26.83259002,30.21378284
435,18,0.13875,29.68072889,26.45381985,29.59882882
435,19,0.14625,29.12815861,26.08543957,29.00610064
435,20,0.15375,28.59063471,25.72709027,28.4357531
435,21,0.16125,28.06759532,25.37839736,27.88740165
435,22,0.16875,27.55845613,25.03897117,27.36022942
435,23,0.17625,27.06261239,24.70840863,26.85309884
435,24,0.18375,26.57943917,24.38629316,26.36465604
435,25,0.19125,26.10829189,24.07219492,25.89342377
435,26,0.19875,25.64850861,23.76567271,25.43787992
435,27,0.20625,25.19940995,23.4662736,24.99651607
435,28,0.21375,24.76030029,23.17353376,24.56787946
435,29,0.22125,24.33046975,22.88698008,24.15059959
435,30,0.22875,23.90919382,22.60612941,23.7433988
435,31,0.23625,23.49573601,22.33049087,23.34509504
435,32,0.24375,23.08934763,22.05956525,22.95459439
435,33,0.25125,22.68926991,21.79284675,22.57088096
435,34,0.25875,22.29473445,21.52982309,22.19300326
435,35,0.26625,21.90496486,21.26997668,21.8200613
435,36,0.27375,21.51917755,21.01278512,21.45119405
435,37,0.28125,21.13658318,20.75772219,21.08556843
435,38,0.28875,20.75638762,20.50425845,20.72236735
435,39,0.29625,20.1888966,20.12593108,20.18037281
440,0,0.00375,42.80732603,35.20488177,41.67402927
440,1,0.01125,41.91754116,34.61169189,41.07790715
440,2,0.01875,41.04810122,34.0320653,40.47360708
440,3,0.02625,40.19895525,33.46596808,39.85609341
440,4,0.03375,39.37004038,32.91335828,39.22369668
440,5,0.04125,38.56124524,32.37416167,38.57511868
440,6,0.04875,37.772427,31.84828303,37.9101757
440,7,0.05625,37.00341204,31.33560661,37.22992839
440,8,0.06375,36.25399587,30.83599607,36.53654691
440,9,0.07125,35.52394337,30.34929469,35.83312072
440,10,0.07875,34.81298947,29.87532576,35.12343893
440,11,0.08625,34.12083929,29.41389269,34.41174318
440,12,0.09375,33.44716876,28.96477941,33.70246529
440,13,0.10125,32.79162496,28.52775052,32.99996877
440,14,0.10875,32.15382696,28.10255195,32.30831585
440,15,0.11625,31.53336677,27.68891177,31.63107721
440,16,0.12375,30.92981016,27.28654063,30.97119558
440,17,0.13125,30.34269673,26.89513172,30.33090753
440,18,0.13875,29.77154024,26.51436074,29.71172241
440,19,0.14625,29.21583012,26.14388724,29.11445218
440,20,0.15375,28.67503286,25.7833557,28.53928003
440,21,0.16125,28.14859186,25.43239505,27.98585395
440,22,0.16875,27.63592826,25.09061925,27.4533949
440,23,0.17625,27.13644294,24.757629,26.94080877
440,24,0.18375,26.64951671,24.43301153,26.44678981
440,25,0.19125,26.17451093,24.11634094,25.96991129
440,26,0.19875,25.71076965,23.80718006,25.50870108
440,27,0.20625,25.25761965,23.50508006,25.06169678
440,28,0.21375,24.81437155,23.20958127,24.62748461
440,29,0.22125,24.38032186,22.92021482,24.20472366
440,30,0.22875,23.95475247,22.63650184,23.79215523
440,31,0.23625,23.53693341,22.3579558,23.38860573
440,32,0.24375,23.1261226,22.0840819,22.9929802
440,33,0.25125,22.72156789,21.81437874,22.60425414
440,34,0.25875,22.32250762,21.54833854,22.22146183
440,35,0.26625,21.92817212,21.28544819,21.84368503
440,36,0.27375,21.53778461,21.02518982,21.4700413
440,37,0.28125,21.15056255,20.76704176,21.0996739
440,38,0.28875,20.76571867,20.51047916,20.73174442
440,39,0.29625,20.19123109,20.1274874,20.18268419
445,0,0.00375,42.92610944,35.28407071,41.77980237
445,1,0.01125,42.03617652,34.69078212,41.18444577
445,2,0.01875,41.16642808,34.11094988,40.57785793
445,3,0.02625,40.31682056,33.54454495,39.95932581
445,4,0.03375,39.48725914,32.99150411,39.32647707
445,5,0.04125,38.67763395,32.45175414,38.67833679
445,6,0.04875,37.88780433,31.92520124,38.01488885
445,7,0.05625,37.11759817,31.41173068,37.33707035
445,8,0.06375,36.36681306,30.91120753,36.64679665
445,9,0.07125,35.63521623,30.42347659,35.94686681
445,10,0.07875,34.92254522,29.94836292,35.24077785
445,11,0.08625,34.22850805,29.48567187,34.53248923
445,12,0.09375,33.55278386,29.03518947,33.82616953
445,13,0.10125,32.89502316,28.59668264,33.1259493
445,14,0.10875,32.25484871,28.16989979,32.43570016
445,15,0.11625,31.63185652,27.7545716,31.75885489
445,16,0.12375,31.02561652,27.35041154,31.09827746
445,17,0.13125,30.43567273,26.95711572,30.45618628
445,18,0.13875,29.86154355,26.57436295,29.83412951
445,19,0.14625,29.30272325,26.201816,29.233007
445,20,0.15375,28.75868335,25.83912269,28.6531277
445,21,0.16125,28.22887247,25.48591546,28.09429035
445,22,0.16875,27.71271713,25.14181184,27.55587852
445,23,0.17625,27.20962378,24.80641622,27.03696027
445,24,0.18375,26.71897891,24.47931966,26.53638133
445,25,0.19125,26.24014972,24.16010013,26.05284818
445,26,0.19875,25.77248623,23.84832445,25.58499872
445,27,0.20625,25.31532132,23.54354784,25.13145533
445,28,0.21375,24.86797182,23.24531477,24.69086394
445,29,0.22125,24.42974048,22.95316057,24.26192036
445,30,0.22875,23.99991563,22.66661062,23.84338272
445,31,0.23625,23.57777374,22.38518269,23.43407822
445,32,0.24375,23.16257928,22.10838635,23.03290054
445,33,0.25125,22.7535867,21.83572461,22.63880529
445,34,0.25875,22.35004099,21.56669411,22.25080167
445,35,0.26625,21.9511792,21.30078624,21.8679443
445,36,0.27375,21.55623128,21.0374876,21.48932484
445,37,0.28125,21.1644215,20.77628107,21.11406526
445,38,0.28875,20.77496938,20.51664629,20.74131109
445,39,0.29625,20.19354548,20.12903033,20.18509023
450,0,0.00375,43.04364745,35.36242938,41.87469644
450,1,0.01125,42.15367565,34.76911487,41.27807774
450,2,0.01875,41.28368171,34.18911896,40.67292351
450,3,0.02625,40.43361466,33.62240767,40.0555181
450,4,0.03375,39.60341231,33.06893956,39.42476052
450,5,0.04125,38.79296562,32.52864192,38.77978103
450,6,0.04875,38.00213461,32.00142143,38.12057809
450,7,0.05625,37.2307491,31.48716463,37.44808484
450,8,0.06375,36.47860861,30.98573789,36.76408712
450,9,0.07125,35.74548268,30.49698756,36.07111395
450,10,0.07875,35.03111144,30.0207404,35.37228858
450,11,0.08625,34.33520578,29.55680368,34.6711394
450,12,0.09375,33.65744795,29.10496553,33.97138934
450,13,0.10125,32.99749188,28.66499513,33.27674582
450,14,0.10875,32.35496398,28.23664329,32.59071209
450,15,0.11625,31.72946413,27.81964333,31.91643384
450,16,0.12375,31.12056641,27.41371146,31.25658843
450,17,0.13125,30.52781921,27.0185467,30.61331845
450,18,0.13875,29.95074548,26.63383089,29.98820736
450,19,0.14625,29.38884427,26.25923,29.38229178
450,20,0.15375,28.84159207,25.89439517,28.79610104
450,21,0.16125,28.30844266,25.53896225,28.22971376
450,22,0.16875,27.78882789,25.19255234,27.68282588
450,23,0.17625,27.28215968,24.85477348,27.15482348
450,24,0.18375,26.78783017,24.52522049,26.64485226
450,25,0.19125,26.30521233,24.2034752,26.15188193
450,26,0.19875,25.83366211,23.88910837,25.67476467
450,27,0.20625,25.37251839,23.58167922,25.21228249
450,28,0.21375,24.92110415,23.28073633,24.76318651
450,29,0.22125,24.4787284,22.98581918,24.32622822
450,30,0.22875,24.04468579,22.69645738,23.90017993
450,31,0.23625,23.6182592,22.41217299,23.48385112
450,32,0.24375,23.19871959,22.13247988,23.07609562
450,33,0.25125,22.78532797,21.85688546,22.67581611
450,34,0.25875,22.37733595,21.58489076,22.28196329
450,35,0.26625,21.97398724,21.3159916,21.89353324
450,36,0.27375,21.5745185,21.04967908,21.50956206
450,37,0.28125,21.17816072,20.78544054,21.12911936
450,38,0.28875,20.7841402,20.52276018,20.75130063
450,39,0.29625,20.19583989,20.13055993,20.18762435
455,0,0.00375,40.20422781,33.46948296,40.03262848
455,1,0.01125,40.60937819,33.73958322,40.30014655
455,2,0.01875,40.46674823,33.64449664,40.17706869
455,3,0.02625,40.02508024,33.3500514,39.8276742
455,4,0.03375,39.42395287,32.94929993,39.34256872
455,5,0.04125,38.7417543,32.49450103,38.77301689
455,6,0.04875,38.02244457,32.0149614,38.14840406
455,7,0.05625,37.2906324,31.52708683,37.48633052
455,8,0.06375,36.56004004,31.04002551,36.79827148
455,9,0.07125,35.83826086,30.55883967,36.09264516
455,10,0.07875,35.12943177,30.08628728,35.37640249
455,11,0.08625,34.43573564,29.62382358,34.65577601
455,12,0.09375,33.75824487,29.17216347,33.93655112
455,13,0.10125,33.0973962,28.73159799,33.22407802
455,14,0.10875,32.45325751,28.30217231,32.52315903
455,15,0.11625,31.82567854,27.88378627,31.83789859
455,16,0.12375,31.21437574,27.47625102,31.1715705
455,17,0.13125,30.61897942,27.07932017,30.52653438
455,18,0.13875,30.03906064,26.69270767,29.90421758
455,19,0.14625,29.47414775,26.31609899,29.30516486
455,20,0.15375,28.9237359,25.94915772,28.72914481
455,21,0.16125,28.38729168,25.59152826,28.17529631
455,22,0.16875,27.86425656,25.24283812,27.64229732
455,23,0.17625,27.35405032,24.90270058,27.12853648
455,24,0.18375,26.8560721,24.57071511,26.63226759
455,25,0.19125,26.36970133,24.24646787,26.15173643
455,26,0.19875,25.89430017,23.92953374,25.68527439
455,27,0.20625,25.42921375,23.61947613,25.23135416
455,28,0.21375,24.97377134,23.31584778,24.78861373
455,29,0.22125,24.5272882,23.01819238,24.35585529
455,30,0.22875,24.08906531,22.72604373,23.93202395
455,31,0.23625,23.65839193,22.43892814,23.51617977
455,32,0.24375,23.23454545,22.15636379,23.10746415
455,33,0.25125,22.81679339,21.8778624,22.70507048
455,34,0.25875,22.40439394,21.60292941,22.30821865
455,35,0.26625,21.99659743,21.33106506,21.91613672
455,36,0.27375,21.59264718,21.06176487,21.52804832
455,37,0.28125,21.1917809,20.79452066,21.14316601
455,38,0.28875,20.79323159,20.52882111,20.76068808
455,39,0.29625,20.19811443,20.13207629,20.18971743
460,0,0.00375,40.08805625,33.39203525,39.79088983
460,1,0.01125,39.66270084,33.108465,39.48564485
460,2,0.01875,39.46170124,32.97446531,39.30958944
460,3,0.02625,39.21625648,32.81083556,39.081358
460,4,0.03375,38.85388387,32.56925393,38.75229121
460,5,0.04125,38.37778202,32.25185285,38.32425632
460,6,0.04875,37.81442006,31.87627839,37.81525357
460,7,0.05625,37.1924787,31.46165103,37.24539805
460,8,0.06375,36.53577981,31.02385202,36.63215159
460,9,0.07125,35.86197992,30.57465237,35.98939303
460,10,0.07875,35.18333697,30.12222407,35.32784534
460,11,0.08625,34.50798275,29.67198831,34.65581271
460,12,0.09375,33.84111213,29.2274083,33.97984488
460,13,0.10125,33.18591665,28.79061162,33.30522464
460,14,0.10875,32.54425942,28.36284025,32.63628602
460,15,0.11625,31.91713873,27.94475972,31.97660302
460,16,0.12375,31.3049956,27.53666425,31.32909258
460,17,0.13125,30.70791314,27.13860932,30.69606838
460,18,0.13875,30.12574338,26.75049616,30.07927304
460,19,0.14625,29.55818829,26.37212602,29.47990756
460,20,0.15375,29.00485066,26.00323423,28.89866678
460,21,0.16125,28.46526417,25.64350992,28.33578393
460,22,0.16875,27.93891278,25.29260893,27.79108708
460,23,0.17625,27.425244,24.95016303,27.26406564
460,24,0.18375,26.92367574,24.61578421,26.75393968
460,25,0.19125,26.43360101,24.28906766,26.25973021
460,26,0.19875,25.95439257,23.96959534,25.78032705
460,27,0.20625,25.48540419,23.65693642,25.31454667
460,28,0.21375,25.02597273,23.35064871,24.86118088
460,29,0.22125,24.57542059,23.05028064,24.41903469
460,30,0.22875,24.13305552,22.75537053,23.98694962
460,31,0.23625,23.69817347,22.46544916,23.56381942
460,32,0.24375,23.2700584,22.18003908,23.14859354
460,33,0.25125,22.84798441,21.89865641,22.7402762
460,34,0.25875,22.43121626,21.62081095,22.33791946
460,35,0.26625,22.01901089,21.34600736,21.94061537
460,36,0.27375,21.61061826,21.07374558,21.54748748
460,37,0.28125,21.20528274,20.80352188,21.15768451
460,38,0.28875,20.80224403,20.53482939,20.77037724
460,39,0.29625,20.20036922,20.13357949,20.19243112
465,0,0.00375,38.92867454,32.61911412,38.8735509
465,1,0.01125,39.15630223,32.77086593,39.02142688
465,2,0.01875,38.98644201,32.65762583,38.87461398
465,3,0.02625,38.69864384,32.46576047,38.62381649
465,4,0.03375,38.35088564,32.23392178,38.30933039
465,5,0.04125,37.94496875,31.96331067,37.93376928
465,6,0.04875,37.47840954,31.65227137,37.49670131
465,7,0.05625,36.95560888,31.30373781,37.00237697
465,8,0.06375,36.38662415,30.92441491,36.45906967
465,9,0.07125,35.78377291,30.52251436,35.87685174
465,10,0.07875,35.15904166,30.10602719,35.26584642
465,11,0.08625,34.52272112,29.68181388,34.6352636
465,12,0.09375,33.88295447,29.25530318,33.99302359
465,13,0.10125,33.24581128,28.83054136,33.34572084
465,14,0.10875,32.61559639,28.41039821,32.6987427
465,15,0.11625,31.99522152,27.99681491,32.05643548
465,16,0.12375,31.38655172,27.59103499,31.42226413
465,17,0.13125,30.79069125,27.19379472,30.79894518
465,18,0.13875,30.20820489,26.8054705,30.18855245
465,19,0.14625,29.63928202,26.4261885,29.59260116
465,20,0.15375,29.08385323,26.05590261,29.01211615
465,21,0.16125,28.54167033,25.69444736,28.44768968
465,22,0.16875,28.0123613,25.34157461,27.89953554
465,23,0.17625,27.49546844,24.99697932,27.36754243
465,24,0.18375,26.99047241,24.66031532,26.85132497
465,25,0.19125,26.49680809,24.33120572,26.35027408
465,26,0.19875,26.01387669,24.00925142,25.86360727
465,27,0.20625,25.54105217,23.69403507,25.39041385
465,28,0.21375,25.07768631,23.38512443,24.92969655
465,29,0.22125,24.62311303,23.08207559,24.4804083
465,30,0.22875,24.17664969,22.78443331,24.04148027
465,31,0.23625,23.73760051,22.49173386,23.61184604
465,32,0.24375,23.30525712,22.20350489,23.19045641
465,33,0.25125,22.87890078,21.91926732,22.77629032
465,34,0.25875,22.45780319,21.63853557,22.36835935
465,35,0.26625,22.04122812,21.36081884,21.96570906
465,36,0.27375,21.62843226,21.08562158,21.56741656
465,37,0.28125,21.21866671,20.81244453,21.17258587
465,38,0.28875,20.81117785,20.54078527,20.78033869
465,39,0.29625,20.20260435,20.13506957,20.19490636
470,0,0.00375,38.7458995,32.49726408,38.6610981
470,1,0.01125,38.48667621,32.32444858,38.47391055
470,2,0.01875,38.39620681,32.26413569,38.38157794
470,3,0.02625,38.2219647,32.14797437,38.21104632
470,4,0.03375,37.94480028,31.96319821,37.94898246
470,5,0.04125,37.58702888,31.72468409,37.61069829
470,6,0.04875,37.16758516,31.44505513,37.20993642
470,7,0.05625,36.69816787,31.13211047,36.75600399
470,8,0.06375,36.18696206,30.79130684,36.25613884
470,9,0.07125,35.64139476,30.42759559,35.71731381
470,10,0.07875,35.06905496,30.04603605,35.14682032
470,11,0.08625,34.47755528,29.65170332,34.55212769
470,12,0.09375,33.87406858,29.24937924,33.94050732
470,13,0.10125,33.26492216,28.84328194,33.31868354
470,14,0.10875,32.6553775,28.43691894,32.69260425
470,15,0.11625,32.04958628,28.03305808,32.06733328
470,16,0.12375,31.45066783,27.63377906,31.44703427
470,17,0.13125,30.8608506,27.24056762,30.8350128
470,18,0.13875,30.28163412,26.85442332,30.23379074
470,19,0.14625,29.71394589,26.47596441,29.64519672
470,20,0.15375,29.15827797,26.1055191,29.07046071
470,21,0.16125,28.61479691,25.74319841,28.51030527
470,22,0.16875,28.08343029,25.38895394,27.96503276
470,23,0.17625,27.56393319,25.04262249,27.43460642
470,24,0.18375,27.0559353,24.70395724,26.91872124
470,25,0.19125,26.55897515,24.37265042,26.41686587
470,26,0.19875,26.07252593,24.04835091,25.92837674
470,27,0.20625,25.59601148,23.73067461,25.45248036
470,28,0.21375,25.12881862,23.41921264,24.98832822
470,29,0.22125,24.67030647,23.11353788,24.53502466
470,30,0.22875,24.21981085,22.81320741,24.09164561
470,31,0.23625,23.7766503,22.51776705,23.65725512
470,32,0.24375,23.34012782,22.22675203,23.23091436
470,33,0.25125,22.90953435,21.9396897,22.8116896
470,34,0.25875,22.48415008,21.65610016,22.39865559
470,35,0.26625,22.06324656,21.37549781,21.99089764
470,36,0.27375,21.64608787,21.09739199,21.5875109
470,37,0.28125,21.23193217,20.82128817,21.18759873
470,38,0.28875,20.82003278,20.54668856,20.79027133
470,39,0.29625,20.20481977,20.13654652,20.19729849
475,0,0.00375,38.01151113,32.00767185,37.9975631
475,1,0.01125,38.14561987,32.09707769,38.07341765
475,2,0.01875,37.99433388,31.99622041,37.93404472
475,3,0.02625,37.78950292,31.85966652,37.73842802
475,4,0.03375,37.53980647,31.69320233,37.49308547
475,5,0.04125,37.23232211,31.48821291,37.18997811
475,6,0.04875,36.86530032,31.24353189,36.82869468
475,7,0.05625,36.44495628,30.96330274,36.41447469
475,8,0.06375,35.97987404,30.65324815,35.95446145
475,9,0.07125,35.47838784,30.3189243,35.45588762
475,10,0.07875,34.94797209,29.96531413,34.92560649
475,11,0.08625,34.39534052,29.59689347,34.3701054
475,12,0.09375,33.82660212,29.21773493,33.79555712
475,13,0.10125,33.2473032,28.83153596,33.20779072
475,14,0.10875,32.66238114,28.44158803,32.61219804
475,15,0.11625,32.07609833,28.05073277,32.01362498
475,16,0.12375,31.49200281,27.66133571,31.41628343
475,17,0.13125,30.91293191,27.27528849,30.82370038
475,18,0.13875,30.34105756,26.89403894,30.23870865
475,19,0.14625,29.77796072,26.51864097,29.6634745
475,20,0.15375,29.22471905,26.14981315,29.099552
475,21,0.16125,28.68199514,25.78799724,28.54795421
475,22,0.16875,28.15011932,25.43341329,28.00923458
475,23,0.17625,27.62916298,25.08610902,27.48357163
475,24,0.18375,27.11899806,24.74599909,26.97084797
475,25,0.19125,26.61934472,24.4128968,26.47072158
475,26,0.19875,26.12981006,24.08654033,25.98268768
475,27,0.20625,25.64991581,23.76661083,25.50612673
475,28,0.21375,25.17911972,23.4527467,25.04034153
475,29,0.22125,24.71683219,23.14455503,24.58458459
475,30,0.22875,24.26242644,22.84161781,24.1380747
475,31,0.23625,23.81524842,22.54349913,23.70000966
475,32,0.24375,23.37462186,22.24974805,23.26957188
475,33,0.25125,22.93985363,21.95990256,22.84593309
475,34,0.25875,22.51023677,21.67349129,22.42825613
475,35,0.26625,22.08505352,21.39003577,22.01569725
475,36,0.27375,21.66357721,21.10905155,21.60740796
475,37,0.28125,21.2450744,20.83004966,21.20253866
475,38,0.28875,20.82880617,20.55253749,20.80024192
475,39,0.29625,20.2070149,20.13800994,20.1997921
480,0,0.00375,37.80418415,31.86945386,37.71979436
480,1,0.01125,37.63429518,31.75619457,37.5985749
480,2,0.01875,37.57516757,31.7167762,37.53178736
480,3,0.02625,37.42634013,31.61755799,37.38438851
480,4,0.03375,37.19828352,31.46552037,37.16508556
480,5,0.04125,36.91130955,31.27420453,36.88900359
480,6,0.04875,36.57417628,31.0494492,36.5633735
480,7,0.05625,36.19088227,30.79392006,36.19209452
480,8,0.06375,35.76550466,30.51033523,35.77904692
480,9,0.07125,35.30327726,30.20218391,35.32887025
480,10,0.07875,34.81014135,29.87342697,34.84668354
480,11,0.08625,34.29212245,29.52808142,34.33767185
480,12,0.09375,33.75493923,29.16995966,33.80682676
480,13,0.10125,33.20382777,28.80255233,33.25883546
480,14,0.10875,32.64348227,28.42898878,32.69805161
480,15,0.11625,32.07803874,28.05202638,32.12849448
480,16,0.12375,31.5110713,27.67404803,31.55385101
480,17,0.13125,30.94559615,27.29706465,30.97747278
480,18,0.13875,30.38408657,26.92272494,30.40236826
480,19,0.14625,29.82850296,26.55233579,29.8311931
480,20,0.15375,29.28033585,26.18689101,29.26623933
480,21,0.16125,28.74065676,25.82710498,28.709424
480,22,0.16875,28.21017502,25.47345043,28.16228265
480,23,0.17625,27.68929612,25.12619778,27.62597041
480,24,0.18375,27.17817482,24.78545026,27.10127011
480,25,0.19125,26.67676336,24.45117589,26.58861119
480,26,0.19875,26.18485447,24.12323661,26.0881007
480,27,0.20625,25.70211502,23.80141031,25.5995609
480,28,0.21375,25.2281145,23.48540989,25.12257447
480,29,0.22125,24.7623483,23.17489911,24.65653326
480,30,0.22875,24.30425364,22.8695026,24.20068381
480,31,0.23625,23.85322466,22.56881662,23.75417228
480,32,0.24375,23.40862123,22.2724143,23.31608006
480,33,0.25125,22.96977778,21.97985199,22.88545457
480,34,0.25875,22.53600852,21.69067245,22.46133073
480,35,0.26625,22.10661239,21.40440836,22.04274651
480,36,0.27375,21.68087632,21.12058429,21.6287513
480,37,0.28125,21.25807823,20.83871888,21.21840928
480,38,0.28875,20.83748917,20.55832615,20.81079747
480,39,0.29625,20.20918769,20.13945846,20.20259933
485,0,0.00375,37.27311927,31.51541061,37.29332087
485,1,0.01125,37.35261806,31.56840982,37.33793436
485,2,0.01875,37.22500495,31.48333446,37.22533921
485,3,0.02625,37.06743979,31.3782911,37.07449542
485,4,0.03375,36.86645706,31.24430272,36.87566777
485,5,0.04125,36.61100078,31.07399869,36.62166882
485,6,0.04875,36.30308315,30.86872044,36.31462435
485,7,0.05625,35.94868884,30.63245778,35.9597018
485,8,0.06375,35.55361616,30.36907622,35.56219737
485,9,0.07125,35.12298712,30.08199048,35.12713538
485,10,0.07875,34.66165834,29.77443829,34.65950297
485,11,0.08625,34.17447357,29.44964882,34.16438179
485,12,0.09375,33.66625056,29.11083387,33.64689216
485,13,0.10125,33.14164893,28.76109976,33.11204815
485,14,0.10875,32.60503278,28.40335579,32.56460558
485,15,0.11625,32.060375,28.04025054,32.00894101
485,16,0.12375,31.51120535,27.6741374,31.44896917
485,17,0.13125,30.96059002,27.30706055,30.88809465
485,18,0.13875,30.41113289,26.94075582,30.3291942
485,19,0.14625,29.86499168,26.5766616,29.7746253
485,20,0.15375,29.32390328,26.21593597,29.22625494
485,21,0.16125,28.78921515,25.85947724,28.68550269
485,22,0.16875,28.26192267,25.50794886,28.15339417
485,23,0.17625,27.74271066,25.16180747,27.63061963
485,24,0.18375,27.23199422,24.82132986,27.11758917
485,25,0.19125,26.72995869,24.48663945,26.61448278
485,26,0.19875,26.23659865,24.15773273,26.12129403
485,27,0.20625,25.7517513,23.83450116,25.63786296
485,28,0.21375,25.27512634,23.51675112,25.16390205
485,29,0.22125,24.80633234,23.2042218,24.69901655
485,30,0.22875,24.34489658,22.89659791,24.24271805
485,31,0.23625,23.8902839,22.59352278,23.7944382
485,32,0.24375,23.44190933,22.29460636,23.3535384
485,33,0.25125,22.99915005,21.9994335,22.91932084
485,34,0.25875,22.56135355,21.70756914,22.49103778
485,35,0.26625,22.12784485,21.41856332,22.06790102
485,36,0.27375,21.69793155,21.13195443,21.64908975
485,37,0.28125,21.2709084,20.84727232,21.23375798
485,38,0.28875,20.8460605,20.56404037,20.82104081
485,39,0.29625,20.21133315,20.14088877,20.20494753
490,0,0.00375,37.05937154,31.37291212,37.03638599
490,1,0.01125,36.94301486,31.29534102,36.94964956
490,2,0.01875,36.89389441,31.2625941,36.8910632
490,3,0.02625,36.76157496,31.17438121,36.75976231
490,4,0.03375,36.5681553,31.04543489,36.57149899
490,5,0.04125,36.32727304,30.88484686,36.33596389
490,6,0.04875,36.04189656,30.69459604,36.05574836
490,7,0.05625,35.7137443,30.47582808,35.73275463
490,8,0.06375,35.34598564,30.23065588,35.37001196
490,9,0.07125,34.94283231,29.96188727,34.9713645
490,10,0.07875,34.50881678,29.67254391,34.54093962
490,11,0.08625,34.04842878,29.36561895,34.08286865
490,12,0.09375,33.56600735,29.04400506,33.60119558
490,13,0.10125,33.0657092,28.71047327,33.09984922
490,14,0.10875,32.55147458,28.36765031,32.58262044
490,15,0.11625,32.02697894,28.0179865,32.05313151
490,16,0.12375,31.4955833,27.66372269,31.51480215
490,17,0.13125,30.96029576,27.30686438,30.97081786
490,18,0.13875,30.42374952,26.9491669,30.42410288
490,19,0.14625,29.88819831,26.59213269,29.87729853
490,20,0.15375,29.35552486,26.23701702,29.33274488
490,21,0.16125,28.82725731,25.88483868,28.79246425
490,22,0.16875,28.3045935,25.53639608,28.25815045
490,23,0.17625,27.78843082,25.19228758,27.73116568
490,24,0.18375,27.27939645,24.85293135,27.21254327
490,25,0.19125,26.77787906,24.51858636,26.70299969
490,26,0.19875,26.2840617,24.18937476,26.20295668
490,27,0.20625,25.79795086,23.86530086,25.71256822
490,28,0.21375,25.31940455,23.54626992,25.23175388
490,29,0.22125,24.84815845,23.23210587,24.76023556
490,30,0.22875,24.3838465,22.92256451,24.29757186
490,31,0.23625,23.92602169,22.61734797,23.84319354
490,32,0.24375,23.47417087,22.31611406,23.39643225
490,33,0.25125,23.02772925,22.0184863,22.95654702
490,34,0.25875,22.58609083,21.72406066,22.52274429
490,35,0.26625,22.14861786,21.432412,22.09419456
490,36,0.27375,21.71464795,21.14309871,21.67004453
490,37,0.28125,21.28350025,20.85566689,21.24942691
490,38,0.28875,20.85448014,20.56965346,20.83146769
490,39,0.29625,20.21344173,20.14229449,20.20771453
495,0,0.00375,36.64639149,31.09759209,36.61899681
495,1,0.01125,36.69251234,31.12833934,36.63761404
495,2,0.01875,36.58570504,31.05713452,36.53833526
495,3,0.02625,36.45678585,30.97118847,36.40966146
495,4,0.03375,36.28481359,30.85654041,36.23780978
495,5,0.04125,36.06348135,30.70898573,36.01927707
495,6,0.04875,35.79650108,30.53099905,35.75730365
495,7,0.05625,35.48844034,30.32562543,35.45566489
495,8,0.06375,35.14299541,30.09532905,35.11751681
495,9,0.07125,34.76357972,29.84238553,34.7458139
495,10,0.07875,34.35377252,29.56918106,34.34363422
495,11,0.08625,33.91735662,29.27823751,33.91422242
495,12,0.09375,33.45818451,28.97212316,33.46091303
495,13,0.10125,32.98004364,28.65336289,32.98705052
495,14,0.10875,32.48656472,28.32437706,32.49593543
495,15,0.11625,31.98116502,27.98744388,31.99078924
495,16,0.12375,31.46701002,27.64467383,31.47472476
495,17,0.13125,30.94698361,27.29798961,30.95071435
495,18,0.13875,30.42366691,26.94911183,30.42155652
495,19,0.14625,29.89932655,26.59955151,29.88984351
495,20,0.15375,29.37591156,26.25060815,29.35793074
495,21,0.16125,28.85505766,25.90337224,28.82790966
495,22,0.16875,28.33809958,25.55873346,28.30158797
495,23,0.17625,27.8260902,25.21739383,27.78047851
495,24,0.18375,27.31982187,24.87988163,27.26579477
495,25,0.19125,26.81985034,24.54656721,26.75845494
495,26,0.19875,26.3265214,24.21768123,26.25909541
495,27,0.20625,25.83999542,23.89333058,25.76808887
495,28,0.21375,25.36027201,23.5735149,25.28556875
495,29,0.22125,24.88721405,23.25814294,24.81145796
495,30,0.22875,24.42056761,22.94704526,24.34549719
495,31,0.23625,23.95998264,22.63998861,23.88727609
495,32,0.24375,23.5050286,22.33668588,23.43626042
495,33,0.25125,23.05521016,22.03680691,22.99181875
495,34,0.25875,22.60997919,21.73998623,22.55324467
495,35,0.26625,22.16874594,21.44583072,22.11977641
495,36,0.27375,21.73088771,21.15392521,21.69061199
495,37,0.28125,21.29575676,20.8638379,21.26492155
495,38,0.28875,20.86268647,20.57512435,20.84185543
495,39,0.29625,20.21549849,20.14366567,20.21027935
500,0,0.00375,36.43500096,30.95666506,36.41477181
500,1,0.01125,36.35244813,30.90162986,36.35732258
500,2,0.01875,36.30670305,30.87113319,36.30646956
500,3,0.02625,36.18772704,30.79181593,36.18927535
500,4,0.03375,36.01986177,30.67990586,36.02309866
500,5,0.04125,35.81081687,30.54054274,35.81372942
500,6,0.04875,35.56107961,30.3740514,35.56218393
500,7,0.05625,35.27197498,30.18131519,35.27018215
500,8,0.06375,34.94628442,29.96418839,34.94056946
500,9,0.07125,34.58734496,29.72489569,34.57670028
500,10,0.07875,34.19857456,29.46571575,34.18209884
500,11,0.08625,33.7833791,29.18891916,33.76036938
500,12,0.09375,33.34515738,28.89677174,33.31516446
500,13,0.10125,32.88728049,28.59152079,32.85012977
500,14,0.10875,32.41304172,28.27536172,32.36882669
500,15,0.11625,31.92559863,27.95039962,31.87465272
500,16,0.12375,31.4279229,27.61861575,31.37077387
500,17,0.13125,30.92276246,27.28184217,30.86007567
500,18,0.13875,30.41261549,26.94174421,30.34513357
500,19,0.14625,29.89971527,26.59981065,29.82820264
500,20,0.15375,29.38602289,26.25734903,29.31122198
500,21,0.16125,28.87322511,25.91548387,28.79582901
500,22,0.16875,28.36273932,25.57515996,28.28338245
500,23,0.17625,27.85572487,25.23715028,27.77499019
500,24,0.18375,27.35309653,24.90206474,27.2715354
500,25,0.19125,26.85554163,24.5703614,26.77370082
500,26,0.19875,26.36354078,24.24236082,26.28199064
500,27,0.20625,25.87738739,23.91825856,25.79674585
500,28,0.21375,25.39720866,23.59813933,25.31815694
500,29,0.22125,24.92298692,23.28199152,24.84627468
500,30,0.22875,24.45457756,22.96971855,24.38101707
500,31,0.23625,23.9917289,22.66115278,23.92217939
500,32,0.24375,23.53409744,22.35606511,23.4694419
500,33,0.25125,23.08126388,22.05417606,23.02238112
500,34,0.25875,22.63274583,21.755164,22.58048048
500,35,0.26625,22.18800993,21.45867338,22.1431427
500,36,0.27375,21.74648182,21.16432128,21.70970155
500,37,0.28125,21.30755528,20.87170358,21.27943345
500,38,0.28875,20.87059984,20.58039993,20.85156772
500,39,0.29625,20.21748385,20.14498924,20.21259946
505,0,0.00375,36.0977115,30.73180543,36.1148818
505,1,0.01125,36.12293706,30.74862249,36.12242879
505,2,0.01875,36.03284543,30.68856144,36.04140971
505,3,0.02625,35.92240432,30.61493411,35.93374323
505,4,0.03375,35.77018719,30.51345614,35.78430557
505,5,0.04125,35.57383158,30.38255254,35.59171018
505,6,0.04875,35.33718616,30.2247891,35.35902977
505,7,0.05625,35.06339948,30.04226485,35.08900942
505,8,0.06375,34.75492462,29.83661518,34.78400837
505,9,0.07125,34.41430758,29.60953744,34.44649413
505,10,0.07875,34.04439164,29.36292713,34.07915704
505,11,0.08625,33.64821388,29.09880901,33.68482693
505,12,0.09375,33.22887402,28.81924949,33.26638009
505,13,0.10125,32.78945267,28.52630223,32.82668737
505,14,0.10875,32.33296253,28.2219756,32.36858954
505,15,0.11625,31.86231122,27.90820801,31.89488191
505,16,0.12375,31.38026616,27.58684459,31.40829814
505,17,0.13125,30.88942128,27.25961471,30.91148974
505,18,0.13875,30.39216959,26.92811361,30.40700245
505,19,0.14625,29.89068395,26.59378977,29.8972504
505,20,0.15375,29.38690466,26.25793689,29.38448744
505,21,0.16125,28.88253254,25.92168883,28.87077646
505,22,0.16875,28.3790286,25.58601947,28.3579613
505,23,0.17625,27.87761983,25.25174692,27.84764427
505,24,0.18375,27.3793073,24.91953858,27.34116915
505,25,0.19125,26.88487771,24.58991879,26.83961326
505,26,0.19875,26.39491901,24.26327964,26.34379086
505,27,0.20625,25.90983559,23.93989069,25.8542633
505,28,0.21375,25.42986536,23.61991046,25.37135769
505,29,0.22125,24.95509805,23.30339894,24.89519157
505,30,0.22875,24.48549098,22.99032751,24.42569803
505,31,0.23625,24.02088723,22.68059167,23.9626544
505,32,0.24375,23.56103009,22.37402021,23.5057068
505,33,0.25125,23.10557858,22.07038585,23.05439448
505,34,0.25875,22.65412029,21.76941363,22.60816973
505,35,0.26625,22.20618398,21.47078941,22.16641598
505,36,0.27375,21.76125025,21.1741669,21.72846301
505,37,0.28125,21.31876164,20.87917448,21.29360182
505,38,0.28875,20.87813135,20.58542094,20.86109974
505,39,0.29625,20.21937569,20.14625047,20.21516814
510,0,0.00375,35.89296004,30.59530445,35.91834128
510,1,0.01125,35.83246114,30.55497187,35.87594275
510,2,0.01875,35.78809411,30.52539389,35.828809
510,3,0.02625,35.68043917,30.45362401,35.72552362
510,4,0.03375,35.53187526,30.35458152,35.58179017
510,5,0.04125,35.34601396,30.23067412,35.40016765
510,6,0.04875,35.12259288,30.08172691,35.18071466
510,7,0.05625,34.86298266,29.90865364,34.92475279
510,8,0.06375,34.56957458,29.71304849,34.63443251
510,9,0.07125,34.24497124,29.49664653,34.31215257
510,10,0.07875,33.89180165,29.26120047,33.96040215
510,11,0.08625,33.5127513,29.00850062,33.58175508
510,12,0.09375,33.11057307,28.74038219,33.17885923
510,13,0.10125,32.68805021,28.4587006,32.75440095
510,14,0.10875,32.24794394,28.16529653,32.31106543
510,15,0.11625,31.79294545,27.86196415,31.85150468
510,16,0.12375,31.32563719,27.55042527,31.37831312
510,17,0.13125,30.84846166,27.2323083,30.89400709
510,18,0.13875,30.36369622,26.90913136,30.40100508
510,19,0.14625,29.87343438,26.58229006,29.90160775
510,20,0.15375,29.37957203,26.25304846,29.39797599
510,21,0.16125,28.88379725,25.92253196,28.89210631
510,22,0.16875,28.3875861,25.59172447,28.38580763
510,23,0.17625,27.89220418,25.26146982,27.88068166
510,24,0.18375,27.39871021,24.93247385,27.37810562
510,25,0.19125,26.90796328,24.60530917,26.87922128
510,26,0.19875,26.42063451,24.2804233,26.38493265
510,27,0.20625,25.93721812,23.95814571,25.89590857
510,28,0.21375,25.45804536,23.63869713,25.41259331
510,29,0.22125,24.98329983,23.32220013,24.9352236
510,30,0.22875,24.51303079,23.00868737,24.46384732
510,31,0.23625,24.04716962,22.69811327,23.99834785
510,32,0.24375,23.5855429,22.39036208,23.53846619
510,33,0.25125,23.12788717,22.08525825,23.08382486
510,34,0.25875,22.67386144,21.7825744,22.63394876
510,35,0.26625,22.22305973,21.48203991,22.18828473
510,36,0.27375,21.77502216,21.18334818,21.74621762
510,37,0.28125,21.32924563,20.88616381,21.30708282
510,38,0.28875,20.88519336,20.59012894,20.87017208
510,39,0.29625,20.22115198,20.14743466,20.21738689
515,0,0.00375,35.60735349,30.40490008,35.57794065
515,1,0.01125,35.61933143,30.41288539,35.56655831
515,2,0.01875,35.54227683,30.3615157,35.48675989
515,3,0.02625,35.44451045,30.2963382,35.38236059
515,4,0.03375,35.30703313,30.20468676,35.24033007
515,5,0.04125,35.13002054,30.08667851,35.06115842
515,6,0.04875,34.91675881,29.9445042,34.84743045
515,7,0.05625,34.66934886,29.77956443,34.60089881
515,8,0.06375,34.38956855,29.59304446,34.32309079
515,9,0.07125,34.07947225,29.38631387,34.01574211
515,10,0.07875,33.74138835,29.16092493,33.68082155
515,11,0.08625,33.37778645,28.91852405,33.32046145
515,12,0.09375,32.99119252,28.66079516,32.93691276
515,13,0.10125,32.58414817,28.38943256,32.53252013
515,14,0.10875,32.15918086,28.10612114,32.10969386
515,15,0.11625,31.7187728,27.81251572,31.67087111
515,16,0.12375,31.26532838,27.51021939,31.21846916
515,17,0.13125,30.80114321,27.20076266,30.75483644
515,18,0.13875,30.32837829,26.88558607,30.28220857
515,19,0.14625,29.84904048,26.56602745,29.80267387
515,20,0.15375,29.36496766,26.24331222,29.31814897
515,21,0.16125,28.87781711,25.91854521,28.83036374
515,22,0.16875,28.38905903,25.59270642,28.34085644
515,23,0.17625,27.89997518,25.26665049,27.85097706
515,24,0.18375,27.41165932,24.9411066,27.36189312
515,25,0.19125,26.92502101,24.61668099,26.87459752
515,26,0.19875,26.44079376,24.2938628,26.3899177
515,27,0.20625,25.95954311,23.97302904,25.90852144
515,28,0.21375,25.4816774,23.65445183,25.43092224
515,29,0.22125,25.00746049,23.33830723,24.95748483
515,30,0.22875,24.53702289,23.02468211,24.48842824
515,31,0.23625,24.0703763,22.71358438,24.02383309
515,32,0.24375,23.60742529,22.40495034,23.56364748
515,33,0.25125,23.14798104,22.09865416,23.10769723
515,34,0.25875,22.69177321,21.79451558,22.6556962
515,35,0.26625,22.23846223,21.49230825,22.20725905
515,36,0.27375,21.7876504,21.191767,21.76191413
515,37,0.28125,21.33889289,20.89259531,21.31911832
515,38,0.28875,20.89170776,20.59447188,20.87827545
515,39,0.29625,20.22279292,20.14852862,20.21932902
520,0,0.00375,35.41116945,30.27411071,35.39978224
520,1,0.01125,35.36540595,30.24360174,35.37777964
520,2,0.01875,35.32196847,30.21464346,35.3368684
520,3,0.02625,35.22395926,30.14930406,35.24394466
520,4,0.03375,35.09029298,30.06019332,35.11371051
520,5,0.04125,34.92209789,29.94806341,34.94782939
520,6,0.04875,34.71910095,29.81273228,34.74679851
520,7,0.05625,34.48270897,29.65513784,34.51217979
520,8,0.06375,34.21490912,29.47660484,34.24591213
520,9,0.07125,33.91774101,29.27849304,33.94997768
520,10,0.07875,33.59329415,29.06219547,33.62640648
520,11,0.08625,33.24375901,28.82917242,33.27730943
520,12,0.09375,32.87141632,28.58094435,32.90486713
520,13,0.10125,32.47859379,28.31906298,32.51129793
520,14,0.10875,32.0676232,28.04508269,32.09882972
520,15,0.11625,31.64080541,27.76053746,31.66968054
520,16,0.12375,31.20038111,27.46692121,31.22604434
520,17,0.13125,30.74850447,27.16567017,30.77007747
520,18,0.13875,30.28721987,26.85814712,30.30388358
520,19,0.14625,29.81844304,26.54562916,29.82949657
520,20,0.15375,29.34394584,26.22929766,29.34885978
520,21,0.16125,28.86534322,25.91022927,28.8638013
520,22,0.16875,28.38408518,25.58939052,28.37600941
520,23,0.17625,27.90145338,25.26763595,27.88701095
520,24,0.18375,27.41855915,24.94570648,27.39815182
520,25,0.19125,26.93634481,24.6242302,26.91058344
520,26,0.19875,26.45558923,24.30372645,26.4252579
520,27,0.20625,25.97691313,23.98460905,25.94292741
520,28,0.21375,25.50078745,23.66719186,25.46415122
520,29,0.22125,25.02754375,23.35169608,24.98930806
520,30,0.22875,24.55738322,23.03825566,24.51860937
520,31,0.23625,24.09038952,22.72692653,24.05211754
520,32,0.24375,23.626539,22.41769282,23.5897615
520,33,0.25125,23.16571338,22.11047572,23.1313545
520,34,0.25875,22.70771077,21.80514062,22.67660937
520,35,0.26625,22.25225756,21.50150513,22.22515439
520,36,0.27375,21.79901928,21.19934626,21.77654793
520,37,0.28125,21.34761172,20.89840787,21.33029325
520,38,0.28875,20.89761114,20.59840746,20.88584973
520,39,0.29625,20.22428232,20.14952155,20.22136275
525,0,0.00375,35.16253209,30.10835247,35.16809591
525,1,0.01125,35.16606772,30.11070958,35.15535712
525,2,0.01875,35.0991008,30.06606501,35.09503642
525,3,0.02625,35.0105471,30.00702929,35.01316096
525,4,0.03375,34.88472532,29.92314822,34.89747671
525,5,0.04125,34.72318593,29.81545542,34.74895317
525,6,0.04875,34.52847652,29.68564933,34.56956896
525,7,0.05625,34.30202225,29.53468002,34.360543
525,8,0.06375,34.04523193,29.36348671,34.12294921
525,9,0.07125,33.75982819,29.17321782,33.85789595
525,10,0.07875,33.44774166,28.96516047,33.56646353
525,11,0.08625,33.1110057,28.74067021,33.24967742
525,12,0.09375,32.75171309,28.50114219,32.90854869
525,13,0.10125,32.37199498,28.24799709,32.54414447
525,14,0.10875,31.97399701,27.98266523,32.15766101
525,15,0.11625,31.55985141,27.70656812,31.75048708
525,16,0.12375,31.13164887,27.42109972,31.32424916
525,17,0.13125,30.69141218,27.12760864,30.88083066
525,18,0.13875,30.24107386,26.82738311,30.42236156
525,19,0.14625,29.7824583,26.52163933,29.95117779
525,20,0.15375,29.31726677,26.21151162,29.46975262
525,21,0.16125,28.84706432,25.89804334,28.98060653
525,22,0.16875,28.37327064,25.58218083,28.48620845
525,23,0.17625,27.89715533,25.26477058,27.98888028
525,24,0.18375,27.41983413,24.94655647,27.49071195
525,25,0.19125,26.94226837,24.62817923,26.99349758
525,26,0.19875,26.4652683,24.31017916,26.49869818
525,27,0.20625,25.98949646,23.99299793,26.00742805
525,28,0.21375,25.51547384,23.67698279,25.52046529
525,29,0.22125,25.04358838,23.36239249,25.03828133
525,30,0.22875,24.57410215,23.04940162,24.5610799
525,31,0.23625,24.1071626,22.73810859,24.08884463
525,32,0.24375,23.64281142,22.4285411,23.62138388
525,33,0.25125,23.18099608,22.12066419,23.15837393
525,34,0.25875,22.72158006,21.81438682,22.69939442
525,35,0.26625,22.26435414,21.50956953,22.24395741
525,36,0.27375,21.80904688,21.20603132,21.79152826
525,37,0.28125,21.35533559,20.90355712,21.34154047
525,38,0.28875,20.90285669,20.6019045,20.89340656
525,39,0.29625,20.22560811,20.15040541,20.22340493
530,0,0.00375,34.97556962,29.98371083,34.98155893
530,1,0.01125,34.9398469,29.9598957,34.95975033
530,2,0.01875,34.89737624,29.93158197,34.9153206
530,3,0.02625,34.80756047,29.87170487,34.82818603
530,4,0.03375,34.68564668,29.79042911,34.70982501
530,5,0.04125,34.53142192,29.68761275,34.55994505
530,6,0.04875,34.34483789,29.56322357,34.37832068
530,7,0.05625,34.12724611,29.41816259,34.16583475
530,8,0.06375,33.88026621,29.25350956,33.92372387
530,9,0.07125,33.60552803,29.07035104,33.6533742
530,10,0.07875,33.30474562,28.86982977,33.35634047
530,11,0.08625,32.9797485,28.6531654,33.03434237
530,12,0.09375,32.63245507,28.42163684,32.68922676
530,13,0.10125,32.26483394,28.1765564,32.32292337
530,14,0.10875,31.87887262,27.91924897,31.93740623
530,15,0.11625,31.47655214,27.65103527,31.53465955
530,16,0.12375,31.0598237,27.37321626,31.11664679
530,17,0.13125,30.63058601,27.08705785,30.6852833
530,18,0.13875,30.1906644,26.7937768,30.24241504
530,19,0.14625,29.74179365,26.49452956,29.78980526
530,20,0.15375,29.2856033,26.19040263,29.32912712
530,21,0.16125,28.82360426,25.8824033,28.86195916
530,22,0.16875,28.3571793,25.57145327,28.38978368
530,23,0.17625,27.88757739,25.25838529,27.91398575
530,24,0.18375,27.4159088,24.94393958,27.43584797
530,25,0.19125,26.94314305,24.62876235,26.95654234
530,26,0.19875,26.47011075,24.31340747,26.47712093
530,27,0.20625,25.99750518,23.99833708,25.99850253
530,28,0.21375,25.52588678,23.68392475,25.52146103
530,29,0.22125,25.05569006,23.37046028,25.04661689
530,30,0.22875,24.58722912,23.05815293,24.57443052
530,31,0.23625,24.12070757,22.74713856,24.10520407
530,32,0.24375,23.65622609,22.43748421,23.63908565
530,33,0.25125,23.19379296,22.12919544,23.17608093
530,34,0.25875,22.73333339,21.82222237,22.7160667
530,35,0.26625,22.27470015,21.51646686,22.25880769
530,36,0.27375,21.81768365,21.21178918,21.8039736
530,37,0.28125,21.36202259,20.90801512,21.35115623
530,38,0.28875,20.90741421,20.60494284,20.89988314
530,39,0.29625,20.22676239,20.15117493,20.22472389
535,0,0.00375,34.75437826,29.83624991,34.79867363
535,1,0.01125,34.75254039,29.83502469,34.78790124
535,2,0.01875,34.69339638,29.79559539,34.73458271
535,3,0.02625,34.61189214,29.74125931,34.65538916
535,4,0.03375,34.49562439,29.66374759,34.54138262
535,5,0.04125,34.34673319,29.56448693,34.39443975
535,6,0.04875,34.16708975,29.44472481,34.21619406
535,7,0.05625,33.95771427,29.30514136,34.00763926
535,8,0.06375,33.71979485,29.14652864,33.76991024
535,9,0.07125,33.45479782,28.96986424,33.50441609
535,10,0.07875,33.16433793,28.77622464,33.21277003
535,11,0.08625,32.85011311,28.5667418,32.89673541
535,12,0.09375,32.51388583,28.34259068,32.55818856
535,13,0.10125,32.15746842,28.10497938,32.19907886
535,14,0.10875,31.78270126,27.85513473,31.82138411
535,15,0.11625,31.3914287,27.59428631,31.42706818
535,16,0.12375,30.98547585,27.32365102,31.01804496
535,17,0.13125,30.56662679,27.04441837,30.59615019
535,18,0.13875,30.13660547,26.75773751,30.16312245
535,19,0.14625,29.69705981,26.464707,29.72059339
535,20,0.15375,29.24954767,26.16636554,29.2700844
535,21,0.16125,28.7955237,25.86368293,28.81300692
535,22,0.16875,28.3363296,25.55755347,28.35066641
535,23,0.17625,27.87318783,25.24879225,27.88426826
535,24,0.18375,27.40719596,24.93813102,27.41492071
535,25,0.19125,26.93932354,24.62621601,26.94363585
535,26,0.19875,26.47041271,24.31360877,26.47132938
535,27,0.20625,26.00117854,24.00078599,25.99881545
535,28,0.21375,25.53221213,23.68814165,25.52680088
535,29,0.22125,25.06398606,23.37599095,25.05587951
535,30,0.22875,24.59685875,23.06457269,24.58652487
535,31,0.23625,24.13108302,22.75405553,24.11908798
535,32,0.24375,23.66681257,22.44454186,23.65379504
535,33,0.25125,23.20411152,22.13607448,23.19075082
535,34,0.25875,22.7429629,21.82864205,22.72994414
535,35,0.26625,22.28327864,21.52218586,22.27125765
535,36,0.27375,21.82490904,21.2166061,21.81448006
535,37,0.28125,21.36765312,20.9117688,21.35932161
535,38,0.28875,20.91126857,20.60751242,20.90543405
535,39,0.29625,20.22774108,20.15182739,20.22620147
540,0,0.00375,34.57660091,29.71773168,34.56519002
540,1,0.01125,34.54784242,29.69855937,34.53950763
540,2,0.01875,34.5064838,29.670987,34.49105771
540,3,0.02625,34.42361618,29.615742,34.40644665
540,4,0.03375,34.31117281,29.54077986,34.29389836
540,5,0.04125,34.16832277,29.44554665,34.15256768
540,6,0.04875,33.99525888,29.33017089,33.98258744
540,7,0.05625,33.79320933,29.19547139,33.7849283
540,8,0.06375,33.56348943,29.04232503,33.56063593
540,9,0.07125,33.30743481,28.87162223,33.31074515
540,10,0.07875,33.02648661,28.68432376,33.03634389
540,11,0.08625,32.72219725,28.48146456,32.7386023
540,12,0.09375,32.3961992,28.26413292,32.41877929
540,13,0.10125,32.05017503,28.03345046,32.07822541
540,14,0.10875,31.68583532,27.79055743,31.71838341
540,15,0.11625,31.30489909,27.5365999,31.34078247
540,16,0.12375,30.90907439,27.27271672,30.94702407
540,17,0.13125,30.50003867,27.00002629,30.53876053
540,18,0.13875,30.07942069,26.71961432,30.11766882
540,19,0.14625,29.6487854,26.43252406,29.68542316
540,20,0.15375,29.20962061,26.1397475,29.24366665
540,21,0.16125,28.7633242,25.84221659,28.79398295
540,22,0.16875,28.31119433,25.54079662,28.33787178
540,23,0.17625,27.85442305,25.2362824,27.87672972
540,24,0.18375,27.39409,24.92939371,27.41183384
540,25,0.19125,26.93115856,24.62077269,26.9443304
540,26,0.19875,26.46647563,24.31098405,26.47522983
540,27,0.20625,26.00077087,24.00051421,26.00540309
540,28,0.21375,25.53465871,23.6897727,25.53558246
540,29,0.22125,25.06864277,23.37909542,25.06636545
540,30,0.22875,24.603119,23.06874618,24.59821799
540,31,0.23625,24.13838323,22.75892234,24.13148221
540,32,0.24375,23.67463667,22.44975793,23.66638219
540,33,0.25125,23.21199449,22.1413298,23.20303323
540,34,0.25875,22.7504936,21.83366251,22.74145046
540,35,0.26625,22.29010183,21.52673465,22.28155974
540,36,0.27375,21.83072698,21.22048473,21.82320901
540,37,0.28125,21.37222662,20.9148178,21.36618107
540,38,0.28875,20.91441772,20.60961185,20.91020379
540,39,0.29625,20.2285434,20.15236227,20.22749216
545,0,0.00375,34.37643152,29.58428541,34.34668272
545,1,0.01125,34.37120067,29.5807982,34.33561768
545,2,0.01875,34.31817038,29.54544472,34.28436543
545,3,0.02625,34.24229622,29.49486203,34.2062924
545,4,0.03375,34.13403945,29.42269096,34.09631228
545,5,0.04125,33.99565926,29.33043764,33.95702627
545,6,0.04875,33.8284907,29.2189921,33.78985562
545,7,0.05625,33.6333201,29.08887857,33.5956186
545,8,0.06375,33.41118283,28.9407873,33.37524233
545,9,0.07125,33.16333446,28.77555533,33.12980711
545,10,0.07875,32.89113814,28.59409143,32.86049149
545,11,0.08625,32.59603215,28.39735449,32.56855891
545,12,0.09375,32.27952196,28.18634809,32.25535753
545,13,0.10125,31.94316657,27.96211148,31.92231302
545,14,0.10875,31.5885588,27.72570641,31.57091276
545,15,0.11625,31.21730531,27.47820404,31.20268532
545,16,0.12375,30.83100788,27.22067238,30.81917693
545,17,0.13125,30.43124526,26.95416401,30.4219267
545,18,0.13875,30.01955678,26.67970505,30.01244353
545,19,0.14625,29.59742846,26.39828609,29.59218755
545,20,0.15375,29.16628028,26.11085395,29.16255573
545,21,0.16125,28.72745389,25.81830305,28.72487082
545,22,0.16875,28.28220297,25.52146905,28.28037526
545,23,0.17625,27.83168669,25.22112482,27.83022932
545,24,0.18375,27.37696312,24.91797579,27.37550888
545,25,0.19125,26.91898499,24.61265698,26.91720389
545,26,0.19875,26.45859864,24.30573272,26.45621784
545,27,0.20625,25.99654259,23.99769536,25.99336412
545,28,0.21375,25.53344874,23.68896605,25.52936252
545,29,0.22125,25.06984571,23.37989738,25.0648364
545,30,0.22875,24.60616122,23.07077434,24.6003078
545,31,0.23625,24.14272865,22.76181929,24.13619697
545,32,0.24375,23.67979165,22.45319459,23.67282074
545,33,0.25125,23.21751197,22.14500812,23.21039552
545,34,0.25875,22.75597639,21.8373177,22.74904101
545,35,0.26625,22.29520535,21.530137,22.28878705
545,36,0.27375,21.83516132,21.22344095,21.82958128
545,37,0.28125,21.37575817,20.91717217,21.37129818
545,38,0.28875,20.91687035,20.61124694,20.91375016
545,39,0.29625,20.22917132,20.15278089,20.22832597
550,0,0.00375,34.20744009,29.47162446,34.1753847
550,1,0.01125,34.18359549,29.45572808,34.15692762
550,2,0.01875,34.14347531,29.42898133,34.11522826
550,3,0.02625,34.06650577,29.37766839,34.03982977
550,4,0.03375,33.96184612,29.3078954,33.93638727
550,5,0.04125,33.82846871,29.21897726,33.80419232
550,6,0.04875,33.66674761,29.11116337,33.64390313
550,7,0.05625,33.47775804,28.98517053,33.45670905
550,8,0.06375,33.26257679,28.8417166,33.24374541
550,9,0.07125,33.02232536,28.68154925,33.00612193
550,10,0.07875,32.75823669,28.50549047,32.74499226
550,11,0.08625,32.47164306,28.31442843,32.4615671
550,12,0.09375,32.16394763,28.10929853,32.15710891
550,13,0.10125,31.83660297,27.89106907,31.83292629
550,14,0.10875,31.49109477,27.66073039,31.49036895
550,15,0.11625,31.12892599,27.41928449,31.13082103
550,16,0.12375,30.7516003,27.16773399,30.75569184
550,17,0.13125,30.36060531,26.90707071,30.36640387
550,18,0.13875,29.95739706,26.63826524,29.96437933
550,19,0.14625,29.54338697,26.36225844,29.55102645
550,20,0.15375,29.11993003,26.07995378,29.1277246
550,21,0.16125,28.68831291,25.79220906,28.69580772
550,22,0.16875,28.24974469,25.49983019,28.25654937
550,23,0.17625,27.80535033,25.20356725,27.81115043
550,24,0.18375,27.35616402,24.90410972,27.360727
550,25,0.19125,26.90312444,24.60208328,26.90630118
550,26,0.19875,26.44707347,24.29804928,26.44879612
550,27,0.20625,25.98875401,23.99250297,25.98903121
550,28,0.21375,25.52881052,23.68587391,25.52772077
550,29,0.22125,25.06779175,23.37852808,25.06547521
550,30,0.22875,24.60615221,23.07076833,24.60280142
550,31,0.23625,24.14425801,22.76283886,24.14010743
550,32,0.24375,23.6823907,22.45492728,23.67770517
550,33,0.25125,23.22075437,22.14716972,23.21581647
550,34,0.25875,22.75948189,21.83965471,22.75457848
550,35,0.26625,22.29864286,21.53242867,22.29405127
550,36,0.27375,21.83825143,21.22550103,21.8342264
550,37,0.28125,21.37827515,20.91885016,21.37503858
550,38,0.28875,20.91864363,20.61242912,20.91637873
550,39,0.29625,20.22962897,20.15308599,20.22906242
555,0,0.00375,34.02381082,29.34920494,34.12362665
555,1,0.01125,34.01647322,29.34431323,34.12296997
555,2,0.01875,33.96827378,29.31218031,34.08486596
555,3,0.02625,33.8970505,29.2646982,34.01751418
555,4,0.03375,33.79561331,29.19707352,33.9160535
555,5,0.04125,33.66608872,29.11072394,33.78177787
555,6,0.04875,33.50941969,29.00627809,33.61531879
555,7,0.05625,33.32625735,28.88417006,33.41754897
555,8,0.06375,33.11751621,28.74500954,33.1899789
555,9,0.07125,32.88427553,28.58951603,32.93461227
555,10,0.07875,32.62769813,28.41846476,32.65378913
555,11,0.08625,32.34901852,28.23267873,32.35006754
555,12,0.09375,32.04953768,28.03302524,32.02610472
555,13,0.10125,31.73060954,27.82040678,31.6845329
555,14,0.10875,31.39362384,27.59574977,31.32784213
555,15,0.11625,31.03999008,27.35999388,30.95828307
555,16,0.12375,30.67112216,27.11408189,30.57779807
555,17,0.13125,30.28842322,26.85894932,30.18798458
555,18,0.13875,29.89327144,26.59551482,29.79009303
555,19,0.14625,29.48700803,26.32467247,29.38505645
555,20,0.15375,29.070926,26.04728442,28.97354393
555,21,0.16125,28.64625891,25.76417306,28.55602761
555,22,0.16875,28.21417185,25.47611496,28.13285568
555,23,0.17625,27.77575511,25.1838371,27.70432222
555,24,0.18375,27.33201747,24.88801202,27.27072315
555,25,0.19125,26.88388137,24.58925457,26.83239579
555,26,0.19875,26.43218119,24.28812108,26.38974109
555,27,0.20625,25.9776607,23.98510742,25.94322575
555,28,0.21375,25.52097311,23.68064896,25.49337053
555,29,0.22125,25.06268311,23.37512231,25.04072919
555,30,0.22875,24.6032678,23.06884539,24.58585962
555,31,0.23625,24.14312184,22.76208141,24.12929753
555,32,0.24375,23.68256058,22.45504054,23.67153035
555,33,0.25125,23.22182655,22.14788451,23.21297908
555,34,0.25875,22.76109501,21.84073012,22.75398565
555,35,0.26625,22.30048135,21.53365433,22.29480832
555,36,0.27375,21.84004829,21.22669893,21.83562254
555,37,0.28125,21.37981417,20.91987617,21.37652627
555,38,0.28875,20.9197612,20.61317417,20.91754682
555,39,0.29625,20.22992214,20.15328143,20.22922049
560,0,0.00375,33.86303102,29.24201841,33.93377913
560,1,0.01125,33.84271429,29.22847394,33.90488676
560,2,0.01875,33.8039073,29.20260266,33.85673705
560,3,0.02625,33.73196127,29.15463872,33.77928748
560,4,0.03375,33.63381331,29.08920685,33.67514617
560,5,0.04125,33.50846317,29.00564023,33.54281198
560,6,0.04875,33.35639397,28.90426094,33.38246903
560,7,0.05625,33.17852644,28.78568279,33.19491098
560,8,0.06375,32.97575544,28.65050236,32.98113851
560,9,0.07125,32.74904186,28.49936025,32.74239138
560,10,0.07875,32.49945338,28.33296825,32.48013981
560,11,0.08625,32.22814377,28.15209556,32.19602447
560,12,0.09375,31.9363303,27.95755364,31.89179162
560,13,0.10125,31.62527853,27.75018611,31.56923411
560,14,0.10875,31.2962896,27.53086027,31.23013727
560,15,0.11625,30.95068678,27.30045834,30.87622974
560,16,0.12375,30.5898015,27.05986812,30.5091409
560,17,0.13125,30.21495903,26.80997318,30.13036757
560,18,0.13875,29.82746516,26.55164396,29.74125255
560,19,0.14625,29.42859514,26.28573054,29.342977
560,20,0.15375,29.01958322,26.01305591,28.93656451
560,21,0.16125,28.60161194,25.73440841,28.5228938
560,22,0.16875,28.17580348,25.45053605,28.10272
560,23,0.17625,27.74321361,25.16214276,27.67670108
560,24,0.18375,27.30482497,24.86988369,27.24542316
560,25,0.19125,26.86154222,24.57436179,26.80942377
560,26,0.19875,26.41419007,24.27612701,26.36921195
560,27,0.20625,25.96351049,23.97567395,25.92527986
560,28,0.21375,25.51016229,23.67344175,25.47810895
560,29,0.22125,25.05472274,23.3698154,25.02817072
560,30,0.22875,24.59768792,23.06512547,24.57592024
560,31,0.23625,24.13947735,22.75965175,24.12178962
560,32,0.24375,23.68043654,22.45362451,23.66617712
560,33,0.25125,23.22084282,22.14722869,23.20943898
560,34,0.25875,22.76091041,21.84060705,22.75188151
560,35,0.26625,22.30079713,21.53386485,22.29375695
560,36,0.27375,21.84061112,21.22707415,21.83526239
560,37,0.28125,21.38041855,20.9202791,21.37654438
560,38,0.28875,20.92025137,20.61350096,20.91770974
560,39,0.29625,20.23005781,20.15337188,20.22942469
565,0,0.00375,33.6927235,29.12848006,33.67761276
565,1,0.01125,33.68411693,29.12274236,33.66922187
565,2,0.01875,33.6397844,29.09318739,33.62320911
565,3,0.02625,33.5725027,29.048333,33.55145426
565,4,0.03375,33.47693493,28.98462126,33.45337224
565,5,0.04125,33.35496076,28.90330529,33.33137725
565,6,0.04875,33.20725118,28.80483241,33.1862924
565,7,0.05625,33.03437516,28.68958194,33.01858951
565,8,0.06375,32.83714359,28.55809446,32.82873546
565,9,0.07125,32.61648853,28.41099136,32.61714312
565,10,0.07875,32.37341267,28.24894111,32.38417059
565,11,0.08625,32.10898776,28.07265822,32.13016513
565,12,0.09375,31.82434895,27.88289941,31.85551349
565,13,0.10125,31.5206818,27.68045495,31.56069174
565,14,0.10875,31.199208,27.46613921,31.24631288
565,15,0.11625,30.86117247,27.24078214,30.9131672
565,16,0.12375,30.50783068,27.0052209,30.56224765
565,17,0.13125,30.14043569,26.76029096,30.19475466
565,18,0.13875,29.76022594,26.50681781,29.81207888
565,19,0.14625,29.36841489,26.24561037,29.41576409
565,20,0.15375,28.96618127,25.9774546,29.00745283
565,21,0.16125,28.55465893,25.7031064,28.58882036
565,22,0.16875,28.1349286,25.42328613,28.16150729
565,23,0.17625,27.70801206,25.13867506,27.72705894
565,24,0.18375,27.27486563,24.84991079,27.2868748
565,25,0.19125,26.83637525,24.55758381,26.84217474
565,26,0.19875,26.39335446,24.2622366,26.39398455
565,27,0.20625,25.94654135,23.96436119,25.94313608
565,28,0.21375,25.49659785,23.66439879,25.490282
565,29,0.22125,25.04411098,23.36274089,25.03592064
565,30,0.22875,24.58959277,23.0597287,24.58042297
565,31,0.23625,24.13348438,22.75565644,24.12406303
565,32,0.24375,23.67615818,22.45077227,23.66704258
565,33,0.25125,23.21792303,22.14528216,23.2095134
565,34,0.25875,22.75902878,21.83935263,22.75159285
565,35,0.26625,22.29967251,21.5331151,22.29337572
565,36,0.27375,21.84000462,21.22666982,21.83494173
565,37,0.28125,21.3801361,20.92009079,21.37636008
565,38,0.28875,20.92014566,20.61343048,20.91768893
565,39,0.29625,20.23004382,20.15336256,20.22959816
570,0,0.00375,33.5395137,29.02634019,33.54856802
570,1,0.01125,33.52177581,29.01451494,33.53118449
570,2,0.01875,33.48430594,28.98953508,33.4933744
570,3,0.02625,33.41666028,28.94443805,33.42584854
570,4,0.03375,33.32404476,28.88269448,33.33103991
570,5,0.04125,33.2055907,28.80372525,33.20879256
570,6,0.04875,33.0618296,28.70788469,33.06014875
570,7,0.05625,32.89354179,28.59569301,32.8862168
570,8,0.06375,32.70148428,28.46765491,32.68801024
570,9,0.07125,32.48649313,28.32432776,32.46658332
570,10,0.07875,32.24950119,28.16633345,32.22308308
570,11,0.08625,31.9915157,27.99434351,31.95874777
570,12,0.09375,31.7136018,27.80906797,31.67489027
570,13,0.10125,31.41687134,27.61124798,31.37287249
570,14,0.10875,31.10247241,27.40164881,31.05407296
570,15,0.11625,30.77157782,27.18105237,30.71985189
570,16,0.12375,30.42537332,26.95024933,30.37151885
570,17,0.13125,30.06504537,26.71003074,30.01030712
570,18,0.13875,29.69176975,26.46118035,29.63735812
570,19,0.14625,29.3067021,26.20446852,29.25371768
570,20,0.15375,28.91096887,25.94064633,28.86034162
570,21,0.16125,28.50565761,25.67043885,28.45810701
570,22,0.16875,28.09180921,25.39453987,28.04782792
570,23,0.17625,27.67041241,25.11360863,27.63027272
570,24,0.18375,27.24239737,24.82826529,27.20617651
570,25,0.19125,26.80863086,24.53908756,26.77624904
570,26,0.19875,26.36991421,24.24660977,26.34117867
570,27,0.20625,25.92698008,23.95132035,25.90162877
570,28,0.21375,25.48049154,23.65366125,25.45823151
570,29,0.22125,25.03104304,23.35402894,25.01158042
570,30,0.22875,24.57915995,23.05277349,24.56222059
570,31,0.23625,24.12530229,22.75020171,24.11064357
570,32,0.24375,23.66986631,22.44657769,23.65728186
570,33,0.25125,23.21318938,22.14212639,23.20250886
570,34,0.25875,22.75555391,21.83703605,22.74663975
570,35,0.26625,22.29719314,21.53146219,22.28993558
570,36,0.27375,21.83829669,21.2255312,21.83260729
570,37,0.28125,21.37901732,20.91934494,21.37482072
570,38,0.28875,20.91947754,20.61298506,20.91670248
570,39,0.29625,20.2298885,20.15325901,20.22909137
575,0,0.00375,33.38015717,28.92010249,33.34891276
575,1,0.01125,33.37082715,28.9138825,33.33645365
575,2,0.01875,33.32963361,28.88642019,33.29327485
575,3,0.02625,33.26575648,28.84383551,33.22754119
575,4,0.03375,33.17528444,28.78352093,33.13747231
575,5,0.04125,33.05981649,28.70654244,33.02407325
575,6,0.04875,32.919842,28.61322628,32.88765939
575,7,0.05625,32.75587453,28.50391484,32.72870407
575,8,0.06375,32.56863343,28.37908768,32.54781775
575,9,0.07125,32.35892855,28.2392847,32.34558319
575,10,0.07875,32.12763353,28.08508834,32.12252126
575,11,0.08625,31.87568787,27.91712495,31.87911707
575,12,0.09375,31.60409018,27.73606022,31.61585954
575,13,0.10125,31.31388634,27.54259131,31.33328408
575,14,0.10875,31.00615794,27.33743916,31.03201383
575,15,0.11625,30.6820117,27.12134162,30.71279386
575,16,0.12375,30.34256895,26.89504641,30.37651267
575,17,0.13125,29.98895443,26.65930345,30.02420762
575,18,0.13875,29.62228572,26.41485766,29.65705445
575,19,0.14625,29.24366448,26.16244343,29.27634306
575,20,0.15375,28.85416796,25.90277906,28.8834411
575,21,0.16125,28.45483988,25.63656037,28.47974877
575,22,0.16875,28.04668312,25.36445581,28.06665234
575,23,0.17625,27.63065441,25.08710329,27.64548168
575,24,0.18375,27.20765826,24.80510588,27.21747318
575,25,0.19125,26.77854217,24.51902843,26.78374302
575,26,0.19875,26.34409457,24.22939667,26.34527338
575,27,0.20625,25.90504156,23.93669466,25.90290726
575,28,0.21375,25.46204581,23.6413641,25.45735362
575,29,0.22125,25.01570726,23.34380508,25.00920013
575,30,0.22875,24.5665624,23.04437512,24.55892741
575,31,0.23625,24.11508763,22.74339194,24.10692795
575,32,0.24375,23.66170048,22.4411338,23.65352146
575,33,0.25125,23.20676401,22.13784281,23.1989707
575,34,0.25875,22.75059034,21.833727,22.74349326
575,35,0.26625,22.29344593,21.52896405,22.28727216
575,36,0.27375,21.83555666,21.22370451,21.83046455
575,37,0.28125,21.37711406,20.9180761,21.37321092
575,38,0.28875,20.91828148,20.61218769,20.9156447
575,39,0.29625,20.22960045,20.15306698,20.22902647
580,0,0.00375,33.23386949,28.82257737,33.19254763
580,1,0.01125,33.2180527,28.81203286,33.17824457
580,2,0.01875,33.18190412,28.78793386,33.14229937
580,3,0.02625,33.1179627,28.74530632,33.0792705
580,4,0.03375,33.03011073,28.68673845,32.99212085
580,5,0.04125,32.91764655,28.61176248,32.88111625
580,6,0.04875,32.78110691,28.52073622,32.74704039
580,7,0.05625,32.62115199,28.41409981,32.59050937
580,8,0.06375,32.43843365,28.29228782,32.41204058
580,9,0.07125,32.23368758,28.15579072,32.2121835
580,10,0.07875,32.00773474,28.00515582,31.99153736
580,11,0.08625,31.76146116,27.84097381,31.7507428
580,12,0.09375,31.49580629,27.66387096,31.49048282
580,13,0.10125,31.21175442,27.47450336,31.21149054
580,14,0.10875,30.91032557,27.27355091,30.91455851
580,15,0.11625,30.59256582,27.06171103,30.60054603
580,16,0.12375,30.25953723,26.83969193,30.27038212
580,17,0.13125,29.9123075,26.60820549,29.92506274
580,18,0.13875,29.55194011,26.36796059,29.56564264
580,19,0.14625,29.17948628,26.11965796,29.19322345
580,20,0.15375,28.7959771,25.86398515,28.80893746
580,21,0.16125,28.40241491,25.60161038,28.4139273
580,22,0.16875,27.99976635,25.33317796,28.0093253
580,23,0.17625,27.58895749,25.05930535,27.59623445
580,24,0.18375,27.17086782,24.78057892,27.175709
580,25,0.19125,26.74632569,24.49755077,26.74873823
580,26,0.19875,26.31610632,24.21073784,26.31623545
580,27,0.20625,25.88092841,23.92061923,25.87902866
580,28,0.21375,25.44145298,23.62763554,25.43785659
580,29,0.22125,24.99828389,23.3321895,24.99336939
580,30,0.22875,24.55196684,23.03464474,24.54613027
580,31,0.23625,24.10299245,22.73532848,24.09662308
580,32,0.24375,23.65179714,22.43453158,23.64525871
580,33,0.25125,23.19876714,22.13251156,23.19238517
580,34,0.25875,22.74424159,21.82949451,22.73829659
580,35,0.26625,22.2885174,21.52567836,22.28324317
580,36,0.27375,21.83185385,21.22123597,21.82743952
580,37,0.28125,21.37447836,20.91631897,21.37107115
580,38,0.28875,20.91659219,20.6110615,20.9142967
580,39,0.29625,20.22918836,20.15279225,20.22861084
585,0,0.00375,33.08367721,28.72244918,33.07945885
585,1,0.01125,33.07397766,28.71598284,33.07150889
585,2,0.01875,33.03536926,28.69024395,33.03550749
585,3,0.02625,32.9744746,28.64964758,32.97603457
585,4,0.03375,32.88845968,28.59230442,32.8909666
585,5,0.04125,32.77865195,28.51909941,32.78092593
585,6,0.04875,32.64542283,28.43028016,32.64626068
585,7,0.05625,32.48924333,28.3261607,32.4876033
585,8,0.06375,32.31075176,28.20716656,32.30578338
585,9,0.07125,32.11065682,28.07377021,32.10172971
585,10,0.07875,31.88972701,27.92648399,31.87646233
585,11,0.08625,31.64879278,27.76586155,31.63108716
585,12,0.09375,31.38873903,27.59249278,31.36677193
585,13,0.10125,31.11049487,27.40699699,31.08471312
585,14,0.10875,30.81502426,27.2100167,30.7861025
585,15,0.11625,30.50331728,27.002212,30.47209824
585,16,0.12375,30.17638123,26.78425459,30.14380257
585,17,0.13125,29.83523093,26.55682111,29.80224728
585,18,0.13875,29.48087962,26.32058693,29.44838855
585,19,0.14625,29.1143315,26.07622144,29.08311099
585,20,0.15375,28.73657437,25.82438333,28.7072379
585,21,0.16125,28.34857158,25.56571483,28.32154372
585,22,0.16875,27.95125541,25.30083733,27.92676867
585,23,0.17625,27.54552254,25.03034871,27.52363311
585,24,0.18375,27.1322283,24.75481924,27.11284637
585,25,0.19125,26.71218225,24.47478848,26.69511146
585,26,0.19875,26.28614621,24.19076443,26.27112625
585,27,0.20625,25.85483094,23.90322092,25.84157795
585,28,0.21375,25.41889485,23.61259679,25.40713551
585,29,0.22125,24.97894437,23.31929649,24.96844103
585,30,0.22875,24.5355328,23.02368872,24.52609881
585,31,0.23625,24.08916308,22.72610891,24.08066879
585,32,0.24375,23.64028837,22.42685906,23.63265944
585,33,0.25125,23.18931573,22.12621063,23.18252568
585,34,0.25875,22.73660885,21.82440601,22.73066798
585,35,0.26625,22.28249246,21.52166174,22.27743473
585,36,0.27375,21.82725655,21.2181711,21.82312579
585,37,0.28125,21.37116165,20.91410782,21.36799865
585,38,0.28875,20.91444404,20.6096294,20.91227753
585,39,0.29625,20.22866082,20.15244055,20.2280474
590,0,0.00375,32.94369105,28.62912508,33.02261512
590,1,0.01125,32.92933401,28.61955373,33.01632098
590,2,0.01875,32.89446343,28.59630673,32.98849289
590,3,0.02625,32.83373485,28.55582108,32.93424736
590,4,0.03375,32.75003168,28.50001908,32.85492756
590,5,0.04125,32.64281831,28.42854365,32.74998405
590,6,0.04875,32.51260956,28.34173798,32.61967253
590,7,0.05625,32.35996653,28.23997616,32.46449425
590,8,0.06375,32.18545944,28.12363834,32.28520951
590,9,0.07125,31.98974119,27.99315978,32.08283204
590,10,0.07875,31.77353894,27.84902528,31.85854799
590,11,0.08625,31.53763776,27.69175821,31.61363866
590,12,0.09375,31.28287244,27.52191505,31.34942182
590,13,0.10125,31.01012041,27.34008068,31.06720587
590,14,0.10875,30.72029384,27.14686309,30.76825603
590,15,0.11625,30.41433146,26.94288812,30.45377313
590,16,0.12375,30.09319002,26.72879378,30.12488417
590,17,0.13125,29.75783541,26.50522409,29.78264228
590,18,0.13875,29.40923415,26.27282328,29.42803378
590,19,0.14625,29.04834654,26.03223147,29.06198971
590,20,0.15375,28.67611989,25.78408034,28.68539711
590,21,0.16125,28.29348083,25.52898767,28.29910672
590,22,0.16875,27.90132914,25.26755315,27.90393825
590,23,0.17625,27.5005335,25.00035602,27.50068349
590,24,0.18375,27.09192599,24.72795103,27.09010462
590,25,0.19125,26.67629781,24.45086552,26.67293122
590,26,0.19875,26.25439745,24.16959859,26.24985818
590,27,0.20625,25.82692734,23.88461852,25.82154145
590,28,0.21375,25.39454251,23.5963619,25.3885957
590,29,0.22125,24.95785091,23.30523418,24.95159371
590,30,0.22875,24.51741199,23.01160818,24.51106425
590,31,0.23625,24.07373932,22.7158264,24.06749398
590,32,0.24375,23.6273009,22.41820075,23.62132704
590,33,0.25125,23.17852249,22.11901513,23.17296766
590,34,0.25875,22.72779,21.81852678,22.72278183
590,35,0.26625,22.27545354,21.51696912,22.27110109
590,36,0.27375,21.82183124,21.21455423,21.81822692
590,37,0.28125,21.36721405,20.91147609,21.36443699
590,38,0.28875,20.91187058,20.60791376,20.90999113
590,39,0.29625,20.22802625,20.15201751,20.22759118
595,0,0.00375,32.8012885,28.53419004,32.74831889
595,1,0.01125,32.7914473,28.52762926,32.71813664
595,2,0.01875,32.75499872,28.50333024,32.66799544
595,3,0.02625,32.69674472,28.46449433,32.60054823
595,4,0.03375,32.61465489,28.40976788,32.51396387
595,5,0.04125,32.50981431,28.33987431,32.40862817
595,6,0.04875,32.38251936,28.25501118,32.28456538
595,7,0.05625,32.23320456,28.15546818,32.14184406
595,8,0.06375,32.06243706,28.04162342,31.98048914
595,9,0.07125,31.87084187,27.91389357,31.80044896
595,10,0.07875,31.65910083,27.7727332,31.60164181
595,11,0.08625,31.42795337,27.61863527,31.38401133
595,12,0.09375,31.17818892,27.45212604,31.14757841
595,13,0.10125,30.91063834,27.2737593,30.89248958
595,14,0.10875,30.62616626,27.08411136,30.619056
595,15,0.11625,30.32566381,26.88377635,30.32777707
595,16,0.12375,30.01004101,26.67336111,30.01934492
595,17,0.13125,29.68021838,26.45347941,29.69463002
595,18,0.13875,29.33711906,26.22474655,29.35465215
595,19,0.14625,28.98166244,25.9877754,29.00054237
595,20,0.15375,28.6147579,25.74317235,28.6335
595,21,0.16125,28.23729758,25.49153216,28.25474816
595,22,0.16875,27.85015056,25.23343409,27.86549446
595,23,0.17625,27.45415888,24.9694396,27.46689976
595,24,0.18375,27.05013236,24.7000886,27.06005333
595,25,0.19125,26.6388444,24.42589658,26.64595701
595,26,0.19875,26.22103032,24.14735383,26.2255189
595,27,0.20625,25.79738397,23.86492293,25.7995514
595,28,0.21375,25.36855646,23.57903786,25.36877554
595,29,0.22125,24.93515629,23.29010443,24.93382931
595,30,0.22875,24.49774788,22.99849877,24.49527551
595,31,0.23625,24.05685394,22.70456948,24.05361343
595,32,0.24375,23.61295555,22.40863718,23.60928711
595,33,0.25125,23.16649521,22.11099695,23.16269534
595,34,0.25875,22.71787894,21.8119194,22.71419885
595,35,0.26625,22.26747993,21.51165338,22.26412737
595,36,0.27375,21.81564199,21.21042807,21.81278434
595,37,0.28125,21.36268402,20.90845607,21.36045033
595,38,0.28875,20.9089043,20.60593624,20.90738417
595,39,0.29625,20.22729278,20.15152853,20.2269342
600,0,0.00375,32.66702772,28.44468285,32.60360057
600,1,0.01125,32.65380281,28.43586626,32.60735031
600,2,0.01875,32.62015001,28.4134311,32.57981098
600,3,0.02625,32.56222841,28.37481679,32.5245784
600,4,0.03375,32.48217462,28.3214477,32.44633973
600,5,0.04125,32.37960098,28.25306542,32.34646849
600,6,0.04875,32.2549855,28.1699886,32.22596153
600,7,0.05625,32.1088093,28.072538,32.08537674
600,8,0.06375,31.94157778,27.96105056,31.92507863
600,9,0.07125,31.75387427,27.83591517,31.74536333
600,10,0.07875,31.54634687,27.69756389,31.54649809
600,11,0.08625,31.31969605,27.54646372,31.32875088
600,12,0.09375,31.07466874,27.38311258,31.09241958
600,13,0.10125,30.81205225,27.20803524,30.83785812
600,14,0.10875,30.5326674,27.02177879,30.56549975
600,15,0.11625,30.23736158,26.8249082,30.27587699
600,16,0.12375,29.92700158,26.61800149,29.96963592
600,17,0.13125,29.60246585,26.40164438,29.64754195
600,18,0.13875,29.26463715,26.17642528,29.31047623
600,19,0.14625,28.91439676,25.94293161,28.95942339
600,20,0.15375,28.5526186,25.70174614,28.59544992
600,21,0.16125,28.1801624,25.45344204,28.21967434
600,22,0.16875,27.79786827,25.19857923,27.83323488
600,23,0.17625,27.40655304,24.93770237,27.43725809
600,24,0.18375,27.0070052,24.67133717,27.03282882
600,25,0.19125,26.59998101,24.39998765,26.62096598
600,26,0.19875,26.18620282,24.1241355,26.20260718
600,27,0.20625,25.76635584,23.84423751,25.77859846
600,28,0.21375,25.34108676,23.56072473,25.34969214
600,29,0.22125,24.91100393,23.27400286,24.91655127
600,30,0.22875,24.47667563,22.9844506,24.47975582
600,31,0.23625,24.0386324,22.69242178,24.03981448
600,32,0.24375,23.59736683,22.3982447,23.59717444
600,33,0.25125,23.15333637,22.10222438,23.1522333
600,34,0.25875,22.70696516,21.80464355,22.70534815
600,35,0.26625,22.25864734,21.50576499,22.2568444
600,36,0.27375,21.80875014,21.2058335,21.80702247
600,37,0.28125,21.35761796,20.9050787,21.35616482
600,38,0.28875,20.90557634,20.6037176,20.90454323
600,39,0.29625,20.22646825,20.15097884,20.22623683
605,0,0.00375,35.48738565,30.32492146,34.5118559
605,1,0.01125,34.18228384,29.45485361,33.63042386
605,2,0.01875,33.41999939,28.94666403,33.11378266
605,3,0.02625,32.95525137,28.63683209,32.79002153
605,4,0.03375,32.64693161,28.43128569,32.56217838
605,5,0.04125,32.41742318,28.27828021,32.37786047
605,6,0.04875,32.2228772,28.14858306,32.20805086
605,7,0.05625,32.03891747,28.02594345,32.03693483
605,8,0.06375,31.85212859,27.90141777,31.85603375
605,9,0.07125,31.65524457,27.77016203,31.66097194
605,10,0.07875,31.44448074,27.62965314,31.44970274
605,11,0.08625,31.21803075,27.47868686,31.22150643
605,12,0.09375,30.9752163,27.31681096,30.97641519
605,13,0.10125,30.71600567,27.14400418,30.71487782
605,14,0.10875,30.44074127,26.9604947,30.43756164
605,15,0.11625,30.14998394,26.76665643,30.14523346
605,16,0.12375,29.84442213,26.56294851,29.83868838
605,17,0.13125,29.52481767,26.34987893,29.5187094
605,18,0.13875,29.19197223,26.12798199,29.18604829
605,19,0.14625,28.84670692,25.89780505,28.8414224
605,20,0.15375,28.48984873,25.65989957,28.48552065
605,21,0.16125,28.1222193,25.41481331,28.11901286
605,22,0.16875,27.74462709,25.16308511,27.74256132
605,23,0.17625,27.35786257,24.90524206,27.35683196
605,24,0.18375,26.96269255,24.6417954,26.96249973
605,25,0.19125,26.55985599,24.37323763,26.5602499
605,26,0.19875,26.15006225,24.10004178,26.15077616
605,27,0.20625,25.7339876,23.82265868,25.73477251
605,28,0.21375,25.31227381,23.54151609,25.31292387
605,29,0.22125,24.88552827,23.25701909,24.88589669
605,30,0.22875,24.45432226,22.96954835,24.45432751
605,31,0.23625,24.01919288,22.6794621,24.0188166
605,32,0.24375,23.58064285,22.38709538,23.57992116
605,33,0.25125,23.13914291,22.09276208,23.13815365
605,34,0.25875,22.6951335,21.79675578,22.69398157
605,35,0.26625,22.24902768,21.49935188,22.24783047
605,36,0.27375,21.80121399,21.2008094,21.80008824
605,37,0.28125,21.35206007,20.90137344,21.35111018
605,38,0.28875,20.90191637,20.60127762,20.9012224
605,39,0.29625,20.22556009,20.1503734,20.22532065
610,0,0.00375,35.58991266,30.3932728,34.70601364
610,1,0.01125,35.11278487,30.07518763,34.40934239
610,2,0.01875,34.41074329,29.60715995,33.94513612
610,3,0.02625,33.74976723,29.16650932,33.49701874
610,4,0.03375,33.20385976,28.80257112,33.11465349
610,5,0.04125,32.76945147,28.51296574,32.794727
610,6,0.04875,32.42037092,28.28024554,32.51910583
610,7,0.05625,32.12818769,28.08545692,32.26881396
610,8,0.06375,31.86933613,27.91288946,32.02873654
610,9,0.07125,31.62645793,27.75097094,31.78835291
610,10,0.07875,31.38762147,27.59174695,31.54105292
610,11,0.08625,31.14504063,27.43002678,31.28313573
610,12,0.09375,30.89388165,27.26258785,31.01288395
610,13,0.10125,30.63132438,27.08754999,30.72982764
610,14,0.10875,30.3558823,26.90392205,30.43420657
610,15,0.11625,30.06693408,26.71128986,30.12660346
610,16,0.12375,29.76441054,26.50960745,29.80771132
610,17,0.13125,29.44858869,26.2990596,29.4782004
610,18,0.13875,29.11995878,26.07997303,29.13865686
610,19,0.14625,28.7791398,25.8527603,28.78957
610,20,0.15375,28.42682499,25.61788373,28.43134764
610,21,0.16125,28.06374537,25.37583068,28.06434389
610,22,0.16875,27.69064642,25.127098,27.68889131
610,23,0.17625,27.30827368,24.8721828,27.30533059
610,24,0.18375,26.91736135,24.6115746,26.91403093
610,25,0.19125,26.51862463,24.34575006,26.51540187
610,26,0.19875,26.11275582,24.07517083,26.10989805
610,27,0.20625,25.70041978,23.80028014,25.69801461
610,28,0.21375,25.28225175,23.52150139,25.28027854
610,29,0.22125,24.85885679,23.23923809,24.85723764
610,30,0.22875,24.43080771,22.95387199,24.42944621
610,31,0.23625,23.99864692,22.66576479,23.9974545
610,32,0.24375,23.56288563,22.37525724,23.56179684
610,33,0.25125,23.1240064,22.08267107,23.12298487
610,34,0.25875,22.68246413,21.78830953,22.68150174
610,35,0.26625,22.238689,21.49245942,22.23780024
610,36,0.27375,21.79308875,21.19539257,21.79230254
610,37,0.28125,21.34605224,20.89736822,21.34540334
610,38,0.28875,20.89795252,20.59863505,20.89747642
610,39,0.29625,20.22457537,20.14971692,20.22443306
615,0,0.00375,36.73397517,31.15598114,35.58562836
615,1,0.01125,35.60631229,30.4042059,34.82368863
615,2,0.01875,34.87229266,29.91485953,34.32893155
615,3,0.02625,34.25490003,29.50326452,33.90413644
615,4,0.03375,33.69506393,29.13004057,33.5058386
615,5,0.04125,33.1915864,28.79438902,33.13165724
615,6,0.04875,32.74703503,28.49802161,32.78267915
615,7,0.05625,32.35721367,28.23814091,32.45611045
615,8,0.06375,32.01232228,28.00821355,32.14603708
615,9,0.07125,31.70031724,27.80021047,31.84563259
615,10,0.07875,31.4095085,27.60633831,31.54877999
615,11,0.08625,31.12992234,27.41994791,31.25082023
615,12,0.09375,30.85374728,27.23583161,30.94867107
615,13,0.10125,30.57525459,27.05017012,30.6406
615,14,0.10875,30.29048492,26.86032379,30.3258622
615,15,0.11625,29.99687251,26.66458214,30.00432987
615,16,0.12375,29.69289375,26.46192959,29.67617866
615,17,0.13125,29.37777507,26.25185053,29.34165772
615,18,0.13875,29.0512659,26.03417777,29.00094602
615,19,0.14625,28.71347149,25.80898142,28.65408631
615,20,0.15375,28.36473302,25.57648909,28.30097836
615,21,0.16125,28.00554169,25.33702823,27.94141132
615,22,0.16875,27.63647994,25.09098701,27.57511944
615,23,0.17625,27.25818236,24.83878859,27.20184595
615,24,0.18375,26.87130759,24.58087209,26.82139927
615,25,0.19125,26.47651934,24.31767986,26.43369612
615,26,0.19875,26.07447528,24.04965047,26.03878845
615,27,0.20625,25.66581746,23.77721192,25.63686972
615,28,0.21375,25.25116697,23.50077819,25.22826652
615,29,0.22125,24.83112156,23.22074795,24.81341916
615,30,0.22875,24.40625218,22.93750163,24.39285252
615,31,0.23625,23.97710368,22.65140264,23.96714781
615,32,0.24375,23.54419376,22.36279599,23.53691259
615,33,0.25125,23.10801451,22.07200981,23.10275735
615,34,0.25875,22.6690335,21.77935578,22.66527646
615,35,0.26625,22.22769591,21.48513071,22.22503625
615,36,0.27375,21.78442685,21.18961797,21.78256871
615,37,0.28125,21.33963416,20.8930895,21.33837028
615,38,0.28875,20.89371149,20.5958077,20.89290227
615,39,0.29625,20.2235208,20.14901388,20.22321202
620,0,0.00375,36.90575438,31.2705006,35.8334913
620,1,0.01125,36.26304,30.84202437,35.42449295
620,2,0.01875,35.45101204,30.30067244,34.88126445
620,3,0.02625,34.72013899,29.81342382,34.37858189
620,4,0.03375,34.09068147,29.39378558,33.9292053
620,5,0.04125,33.54005449,29.02670108,33.51631055
620,6,0.04875,33.04957972,28.69971807,33.12641661
620,7,0.05625,32.60776096,28.40517243,32.75185889
620,8,0.06375,32.20662954,28.13775172,32.3882646
620,9,0.07125,31.83901035,27.89267254,32.03257657
620,10,0.07875,31.49758878,27.66505849,31.68225413
620,11,0.08625,31.17504295,27.45002832,31.33515378
620,12,0.09375,30.86450395,27.24300272,30.98960633
620,13,0.10125,30.55995716,27.03997184,30.64445413
620,14,0.10875,30.25645816,26.83763929,30.29898754
620,15,0.11625,29.95017282,26.63344902,29.95280654
620,16,0.12375,29.63829526,26.4255306,29.60565589
620,17,0.13125,29.31890055,26.21260084,29.2572766
620,18,0.13875,28.99077747,25.99385215,28.90730228
620,19,0.14625,28.65326887,25.76884634,28.55521107
620,20,0.15375,28.30613211,25.53742181,28.20032844
620,21,0.16125,27.94942345,25.29961606,27.84186848
620,22,0.16875,27.58340806,25.05560575,27.47900047
620,23,0.17625,27.20849289,24.80566227,27.11092531
620,24,0.18375,26.82517545,24.55011732,26.73694549
620,25,0.19125,26.43400683,24.28933819,26.35652079
620,26,0.19875,26.03556694,24.02371157,25.96930558
620,27,0.20625,25.63044527,23.75363046,25.57516224
620,28,0.21375,25.21922853,23.47948591,25.17415578
620,29,0.22125,24.80249314,23.20166233,24.76653321
620,30,0.22875,24.38079842,22.92053246,24.35269011
620,31,0.23625,23.95468502,22.63645686,23.93313491
620,32,0.24375,23.52467197,22.34978146,23.50844994
620,33,0.25125,23.09125738,22.06083839,23.07925834
620,34,0.25875,22.65491823,21.7699456,22.64619515
620,35,0.26625,22.21611228,21.47740828,22.20988679
620,36,0.27375,21.77527939,21.18351966,21.77093684
620,37,0.28125,21.33284431,20.88856293,21.32991954
620,38,0.28875,20.88921897,20.59281269,20.88738064
620,39,0.29625,20.22240282,20.14826855,20.22184894
625,0,0.00375,37.62791452,31.75194069,36.55100956
625,1,0.01125,36.5937444,31.06249396,35.86560666
625,2,0.01875,35.84199023,30.56132456,35.36826046
625,3,0.02625,35.14267022,30.0951113,34.89123758
625,4,0.03375,34.48633072,29.65755175,34.42427608
625,5,0.04125,33.88636247,29.25757305,33.97468406
625,6,0.04875,33.3445822,28.89638639,33.54302853
625,7,0.05625,32.85495354,28.56996748,33.12557699
625,8,0.06375,32.40910789,28.27273729,32.71804616
625,9,0.07125,31.99894068,27.99929276,32.31725758
625,10,0.07875,31.61722723,27.74481746,31.92135092
625,11,0.08625,31.25752076,27.50501353,31.52945298
625,12,0.09375,30.91399148,27.2759944,31.14128433
625,13,0.10125,30.58137988,27.05425365,30.7568505
625,14,0.10875,30.25503945,26.83669348,30.3762274
625,15,0.11625,29.93099915,26.62066656,29.99941466
625,16,0.12375,29.60599863,26.40399951,29.62623742
625,17,0.13125,29.27747913,26.18498657,29.25628874
625,18,0.13875,28.94353316,25.96235594,28.88891039
625,19,0.14625,28.60282763,25.73521884,28.52321115
625,20,0.15375,28.25451362,25.50300949,28.15811578
625,21,0.16125,27.89813275,25.26542227,27.79243423
625,22,0.16875,27.53353107,25.02235442,27.42494308
625,23,0.17625,27.16078529,24.7738572,27.05446856
625,24,0.18375,26.78013952,24.52009337,26.67995823
625,25,0.19125,26.39195484,24.26130353,26.3005373
625,26,0.19875,25.99667172,23.99778142,25.91554679
625,27,0.20625,25.59477931,23.72985315,25.52455867
625,28,0.21375,25.18679382,23.45786276,25.12737359
625,29,0.22125,24.77324383,23.18216279,24.72400421
625,30,0.22875,24.35465767,22.90310529,24.31464505
625,31,0.23625,23.93155763,22.62103861,23.89963958
625,32,0.24375,23.504454,22.33630281,23.47944252
625,33,0.25125,23.07384311,22.04922888,23.05458609
625,34,0.25875,22.64020592,21.76013739,22.62564926
625,35,0.26625,22.2040081,21.46933883,22.19323379
625,36,0.27375,21.76570094,21.17713403,21.75794669
625,37,0.28125,21.32572286,20.8838153,21.3203898
625,38,0.28875,20.88450149,20.5896677,20.88115374
625,39,0.29625,20.22122801,20.14748535,20.22036255
630,0,0.00375,37.82651539,31.88434126,36.70177355
630,1,0.01125,37.09488902,31.39659037,36.20986337
630,2,0.01875,36.25200159,30.83466546,35.6292444
630,3,0.02625,35.4968028,30.33119968,35.09770842
630,4,0.03375,34.81963153,29.87975228,34.60576334
630,5,0.04125,34.19998509,29.4666548,34.13700578
630,6,0.04875,33.62932253,29.08621327,33.68437409
630,7,0.05625,33.10381023,28.73587194,33.24512736
630,8,0.06375,32.61955433,28.41303491,32.8174123
630,9,0.07125,32.17153362,28.11435472,32.39936835
630,10,0.07875,31.75403753,27.83602432,31.9892558
630,11,0.08625,31.36128518,27.57418981,31.58569002
630,12,0.09375,30.98781377,27.32520927,31.18770729
630,13,0.10125,30.62865035,27.0857673,30.79468616
630,14,0.10875,30.27936754,26.85291221,30.40620796
630,15,0.11625,29.93609664,26.6240649,30.02191883
630,16,0.12375,29.59552755,26.39701879,29.64142233
630,17,0.13125,29.25489955,26.16993351,29.26421005
630,18,0.13875,28.91198179,25.94132169,28.88962969
630,19,0.14625,28.56504107,25.71002781,28.51688532
630,20,0.15375,28.21279652,25.47519808,28.14506166
630,21,0.16125,27.85436352,25.23624278,27.7731639
630,22,0.16875,27.48919398,24.99279637,27.40016858
630,23,0.17625,27.11701772,24.74467882,27.02507859
630,24,0.18375,26.73778554,24.49185738,26.64697365
630,25,0.19125,26.35161863,24.23441272,26.26505334
630,26,0.19875,25.95876674,23.97251144,25.87867083
630,27,0.20625,25.55957143,23.70638124,25.48735176
630,28,0.21375,25.15443758,23.43629194,25.09080155
630,29,0.22125,24.74381189,23.16254149,24.6889021
630,30,0.22875,24.32816444,22.88544314,24.2816969
630,31,0.23625,23.90797786,22.60531875,23.86937271
630,32,0.24375,23.48373702,22.3224915,23.45223453
630,33,0.25125,23.05592413,22.03728289,23.03068188
630,34,0.25875,22.62501419,21.75000957,22.60518439
630,35,0.26625,22.19147364,21.46098252,22.17626121
630,36,0.27375,21.75575909,21.17050613,21.7444628
630,37,0.28125,21.31831819,20.87887885,21.31035695
630,38,0.28875,20.87959023,20.58639353,20.8745185
630,39,0.29625,20.22000404,20.14666936,20.21875072
635,0,0.00375,38.34791631,32.23194187,37.2611271
635,1,0.01125,37.36836405,31.57890705,36.62860193
635,2,0.01875,36.59362223,31.06241255,36.11712797
635,3,0.02625,35.84791911,30.56527722,35.60296241
635,4,0.03375,35.14417684,30.09611582,35.09476211
635,5,0.04125,34.4938127,29.66253987,34.59992672
635,6,0.04875,33.89487105,29.26324561,34.11690383
635,7,0.05625,33.34152217,28.89434657,33.64223152
635,8,0.06375,32.82814794,28.55209732,33.1735813
635,9,0.07125,32.34981914,28.23321173,32.71006778
635,10,0.07875,31.90188961,27.93459238,32.25179293
635,11,0.08625,31.47974036,27.65315993,31.79940627
635,12,0.09375,31.07878852,27.3858591,31.3538092
635,13,0.10125,30.69461575,27.12974423,30.91594213
635,14,0.10875,30.32310262,26.88206893,30.48660879
635,15,0.11625,29.96052144,26.64034809,30.06632846
635,16,0.12375,29.60358458,26.40239014,29.65522821
635,17,0.13125,29.2494602,26.16630728,29.25298747
635,18,0.13875,28.89576653,25.93051152,28.85883897
635,19,0.14625,28.54055395,25.69370306,28.47162157
635,20,0.15375,28.18227757,25.45485211,28.08987112
635,21,0.16125,27.81976093,25.21317438,27.71193181
635,22,0.16875,27.45215588,24.96810429,27.33607522
635,23,0.17625,27.07890091,24.71926761,26.96061368
635,24,0.18375,26.6996769,24.46645163,26.5839944
635,25,0.19125,26.31436468,24.20957675,26.20487073
635,26,0.19875,25.92300724,23.94867177,25.82214927
635,27,0.20625,25.52577367,23.68384939,25.43500944
635,28,0.21375,25.12292885,23.41528612,25.04290266
635,29,0.22125,24.71480913,23.14320632,24.64553533
635,30,0.22875,24.30179988,22.86786677,24.24283773
635,31,0.23625,23.88432072,22.58954733,23.83492988
635,32,0.24375,23.46281151,22.30854115,23.42208259
635,33,0.25125,23.03772377,22.02514932,23.00468243
635,34,0.25875,22.60951359,21.73967583,22.58319932
635,35,0.26625,22.1786372,21.4524249,22.1581601
635,36,0.27375,21.74554829,21.16369893,21.73012754
635,37,0.28125,21.31069654,20.87379775,21.29968556
635,38,0.28875,20.87452736,20.58301827,20.867429
635,39,0.29625,20.21874113,20.14582743,20.21689942
640,0,0.00375,38.55487602,32.36991501,37.42229619
640,1,0.01125,37.77004811,31.84669642,36.87824688
640,2,0.01875,36.91757709,31.27838245,36.28395786
640,3,0.02625,36.14677954,30.7645175,35.73444949
640,4,0.03375,35.43614466,30.29076102,35.20919438
640,5,0.04125,34.7719038,29.84793393,34.69602917
640,6,0.04875,34.15127032,29.43417845,34.19224741
640,7,0.05625,33.57266089,29.04843904,33.69720108
640,8,0.06375,33.03306155,28.68870639,33.2101829
640,9,0.07125,32.52843979,28.35229217,32.73055523
640,10,0.07875,32.05445712,28.03630404,32.25809924
640,11,0.08625,31.60682959,27.73788608,31.7930876
640,12,0.09375,31.18143349,27.45428908,31.33614728
640,13,0.10125,30.7743334,27.18288933,30.8880519
640,14,0.10875,30.38181341,26.92120945,30.44952134
640,15,0.11625,30.00042285,26.66694904,30.02105775
640,16,0.12375,29.62702282,26.41801563,29.60282603
640,17,0.13125,29.25881996,26.17254711,29.19458122
640,18,0.13875,28.89338449,25.92892349,28.79564559
640,19,0.14625,28.52865318,25.68576921,28.40493431
640,20,0.15375,28.16291904,25.44194642,28.02102206
640,21,0.16125,27.79481018,25.19654055,27.64223895
640,22,0.16875,27.423263,24.94884237,27.26678462
640,23,0.17625,27.04749246,24.69832864,26.89284687
640,24,0.18375,26.66695836,24.44463926,26.51870892
640,25,0.19125,26.28133143,24.18755458,26.14283769
640,26,0.19875,25.89046179,23.9269748,25.76394843
640,27,0.20625,25.494347,23.66289828,25.38103974
640,28,0.21375,25.0931039,23.39540282,24.99340403
640,29,0.22125,24.68694434,23.12462979,24.6006171
640,30,0.22875,24.27615185,22.85076808,24.20250943
640,31,0.23625,23.8610651,22.57404358,23.79913071
640,32,0.24375,23.44206126,22.29470766,23.39070729
640,33,0.25125,23.01954527,22.01303032,22.9776025
640,34,0.25875,22.59393968,21.72929323,22.56027915
640,35,0.26625,22.16567844,21.44378572,22.13926915
640,36,0.27375,21.73520139,21.156801,21.71514872
640,37,0.28125,21.30295147,20.86863437,21.28852073
640,38,0.28875,20.86937233,20.57958159,20.8600023
640,39,0.29625,20.21745374,20.14496917,20.21502419
645,0,0.00375,38.96032661,32.64021539,37.84523732
645,1,0.01125,38.0141791,32.0094504,37.2423484
645,2,0.01875,37.21919321,31.47945986,36.71008766
645,3,0.02625,36.44559308,30.96372652,36.16581837
645,4,0.03375,35.71394305,30.47595995,35.62576374
645,5,0.04125,35.0308275,30.02054972,35.09416327
645,6,0.04875,34.3925838,29.5950541,34.56818704
645,7,0.05625,33.79477771,29.19651692,34.04542805
645,8,0.06375,33.23386347,28.82257433,33.52527937
645,9,0.07125,32.70658972,28.47105878,33.00842773
645,10,0.07875,32.20955446,28.13970227,32.49631008
645,11,0.08625,31.73916396,27.82610899,31.990786
645,12,0.09375,31.29176327,27.52784227,31.49390289
645,13,0.10125,30.86376773,27.24251222,31.007666
645,14,0.10875,30.45175225,26.96783535,30.53381073
645,15,0.11625,30.0525056,26.70167086,30.07360565
645,16,0.12375,29.6630659,26.44204435,29.62771351
645,17,0.13125,29.28074603,26.18716449,29.1961239
645,18,0.13875,28.90315105,25.93543453,28.77815832
645,19,0.14625,28.52818859,25.68545948,28.37253975
645,20,0.15375,28.15407029,25.43604726,27.97751005
645,21,0.16125,27.77930314,25.18620252,27.59097598
645,22,0.16875,27.40267468,24.93511683,27.21066794
645,23,0.17625,27.02323412,24.68215642,26.83429525
645,24,0.18375,26.64026785,24.42684559,26.4596809
645,25,0.19125,26.25327323,24.16884912,26.08486912
645,26,0.19875,25.86193348,23.90795593,25.70820162
645,27,0.20625,25.46609031,23.64406048,25.32835829
645,28,0.21375,25.06571913,23.3771463,24.94436847
645,29,0.22125,24.66090687,23.10727148,24.55559821
645,30,0.22875,24.25182953,22.8345532,24.1617167
645,31,0.23625,23.83873526,22.55915702,23.76265481
645,32,0.24375,23.42192731,22.28128502,23.35855606
645,33,0.25125,23.00175141,22.00116774,22.94973026
645,34,0.25875,22.5785845,21.71905644,22.53661016
645,35,0.26625,22.15282611,21.43521751,22.11971533
645,36,0.27375,21.72489158,21.14992779,21.69962307
645,37,0.28125,21.29520686,20.8634713,21.27694748
645,38,0.28875,20.86420488,20.57613662,20.85232487
645,39,0.29625,20.21616136,20.14410758,20.21310922
650,0,0.00375,39.16657882,32.77771686,38.08804106
650,1,0.01125,38.34820888,32.23213693,37.52440789
650,2,0.01875,37.49273148,31.6618187,36.9362472
650,3,0.02625,36.70935024,31.13956462,36.38248807
650,4,0.03375,35.97414896,30.64943055,35.84005576
650,5,0.04125,35.27933145,30.18621902,35.3016071
650,6,0.04875,34.62456117,29.74970568,34.76681484
650,7,0.05625,34.00862453,29.33908146,34.23578801
650,8,0.06375,33.42887181,28.95257989,33.70849854
650,9,0.07125,32.88211685,28.58807687,33.18532273
650,10,0.07875,32.36510472,28.24340245,32.66722998
650,11,0.08625,31.87460257,27.9164014,32.15564407
650,12,0.09375,31.40739265,27.60492852,31.65219861
650,13,0.10125,30.96028976,27.30686024,31.15850404
650,14,0.10875,30.53018899,27.02012651,30.67595705
650,15,0.11625,30.11412159,26.74274819,30.20559641
650,16,0.12375,29.70930243,26.47286871,29.74800567
650,17,0.13125,29.31316378,26.20877632,29.30326356
650,18,0.13875,28.92337773,25.94891898,28.87094256
650,19,0.14625,28.5378703,25.69191395,28.4501511
650,20,0.15375,28.15482723,25.43655188,28.03960905
650,21,0.16125,27.77269189,25.18179502,27.63774412
650,22,0.16875,27.3901581,24.92677244,27.24280008
650,23,0.17625,27.00615924,24.67077316,26.85294614
650,24,0.18375,26.61985152,24.4132347,26.46637623
650,25,0.19125,26.23059497,24.15373028,26.08139372
650,26,0.19875,25.83793414,23.89195637,25.69647915
650,27,0.20625,25.44157578,23.62771747,25.31033567
650,28,0.21375,25.04136788,23.36091214,24.92191562
650,29,0.22125,24.63728012,23.09152031,24.53043021
650,30,0.22875,24.22938321,22.81958899,24.13534174
650,31,0.23625,23.81783309,22.54522224,23.73634761
650,32,0.24375,23.40285374,22.26856931,23.33335348
650,33,0.25125,22.98472459,21.98981653,22.92644472
650,34,0.25875,22.56376793,21.70917873,22.51585483
650,35,0.26625,22.14033968,21.42689322,22.10193632
650,36,0.27375,21.71482065,21.14321384,21.68513336
650,37,0.28125,21.28761038,20.85840698,21.26595881
650,38,0.28875,20.85912149,20.5727477,20.8449743
650,39,0.29625,20.21488782,20.14325855,20.21139057
655,0,0.00375,39.49811991,32.99874425,38.31682482
655,1,0.01125,38.57290373,32.38193348,37.71073646
655,2,0.01875,37.76166432,31.84110726,37.14968718
655,3,0.02625,36.970221,31.31347846,36.58065329
655,4,0.03375,36.21974302,30.81315992,36.01945083
655,5,0.04125,35.5128052,30.34186819,35.46649346
655,6,0.04875,34.84560281,29.89706677,34.91834573
655,7,0.05625,34.2151012,29.47673258,34.37330483
655,8,0.06375,33.61897305,29.07931406,33.83128898
655,9,0.07125,33.05480856,28.70320467,33.29307976
655,10,0.07875,32.51991364,28.3466084,32.75995643
655,11,0.08625,32.01141014,28.00760645,32.23353327
655,12,0.09375,31.52636427,27.68424293,31.71560754
655,13,0.10125,31.06186568,27.37457752,31.20797323
655,14,0.10875,30.61507418,27.07671663,30.71222872
655,15,0.11625,30.18325511,26.7888372,30.22961066
655,16,0.12375,29.76381187,26.50920833,29.76087369
655,17,0.13125,29.35431551,26.23621081,29.30622424
655,18,0.13875,28.95252862,25.96835291,28.86530896
655,19,0.14625,28.55642384,25.70428298,28.43725388
655,20,0.15375,28.16419492,25.44279701,28.02074353
655,21,0.16125,27.77425961,25.18284016,27.61412662
655,22,0.16875,27.38525791,24.92350564,27.21553765
655,23,0.17625,26.99604678,24.66403151,26.82302151
655,24,0.18375,26.60568912,24.4037931,26.43464675
655,25,0.19125,26.21344022,24.14229377,26.04860147
655,26,0.19875,25.81873364,23.87915603,25.66326797
655,27,0.20625,25.42116352,23.61410929,25.27727025
655,28,0.21375,25.02046718,23.34697833,24.88949927
655,29,0.22125,24.61650888,23.07767282,24.49911853
655,30,0.22875,24.20926127,22.80617436,24.10555118
655,31,0.23625,23.79879101,22.53252752,23.70845925
655,32,0.24375,23.38524269,22.25682861,23.30771329
655,33,0.25125,22.96882618,21.97921759,22.90336157
655,34,0.25875,22.54980425,21.69986961,22.49559808
655,35,0.26625,22.12848229,21.41898829,22.08473343
655,36,0.27375,21.70519913,21.13679949,21.67116835
655,37,0.28125,21.28031935,20.85354629,21.2553711
655,38,0.28875,20.85422669,20.5694845,20.83785783
655,39,0.29625,20.21365915,20.14243944,20.20951413
660,0,0.00375,39.69913313,33.13275306,38.44924808
660,1,0.01125,38.85891856,32.57261004,37.87216537
660,2,0.01875,38.00238236,32.00158595,37.27788861
660,3,0.02625,37.20831515,31.47220789,36.70626752
660,4,0.03375,36.45464431,30.96976078,36.13961249
660,5,0.04125,35.7377041,30.49180078,35.5757371
660,6,0.04875,35.05788109,30.03858562,35.01564058
660,7,0.05625,34.41389692,29.60926305,34.45948698
660,8,0.06375,33.80347185,29.20231325,33.9073086
660,9,0.07125,33.2241301,28.8160857,33.35966079
660,10,0.07875,32.67337954,28.44891899,32.81768254
660,11,0.08625,32.14868005,28.09911972,32.2829134
660,12,0.09375,31.64743079,27.76495395,31.75707825
660,13,0.10125,31.16700444,27.44467003,31.24189253
660,14,0.10875,30.70479773,27.13653234,30.73888932
660,15,0.11625,30.25827776,26.83885231,30.24927136
660,16,0.12375,29.8250185,26.55001275,29.77379739
660,17,0.13125,29.4027283,26.268486,29.31271172
660,18,0.13875,28.98927197,25.99284847,28.86572314
660,19,0.14625,28.58268875,25.72179292,28.4320324
660,20,0.15375,28.18120503,25.45413708,28.01039992
660,21,0.16125,27.78324062,25.1888275,27.59924213
660,22,0.16875,27.38741102,24.92494105,27.19674622
660,23,0.17625,26.99252661,24.66168473,26.80099086
660,24,0.18375,26.59758605,24.39839105,26.41005857
660,25,0.19125,26.20176726,24.1345118,26.02213296
660,26,0.19875,25.80441741,23.86961188,25.63557621
660,27,0.20625,25.40503908,23.60335966,25.24898033
660,28,0.21375,25.00327644,23.33551784,24.86119604
660,29,0.22125,24.59890168,23.06593469,24.47134148
660,30,0.22875,24.191799,22.79453284,24.07879191
660,31,0.23625,23.78195196,22.52130148,23.68316043
660,32,0.24375,23.36942849,22.24628581,23.28426855
660,33,0.25125,22.95436924,21.96957963,22.88211594
660,34,0.25875,22.53697506,21.69131682,22.47684835
660,35,0.26625,22.11749696,21.41166474,22.06872889
660,36,0.27375,21.69622607,21.13081745,21.65811171
660,37,0.28125,21.27348554,20.84899042,21.24542033
660,38,0.28875,20.84962262,20.56641512,20.83112956
660,39,0.29625,20.21250104,20.14166737,20.20781113
665,0,0.00375,39.98047998,33.32031762,38.78972752
665,1,0.01125,39.06855065,32.71236475,38.20564118
665,2,0.01875,38.2446555,32.16310137,37.6470295
665,3,0.02625,37.44107489,31.62738104,37.07724256
665,4,0.03375,36.67663615,31.11775533,36.50832407
665,5,0.04125,35.9513257,30.63421518,35.93866887
665,6,0.04875,35.26189691,30.17459617,35.36593569
665,7,0.05625,34.60634563,29.73756219,34.79006603
665,8,0.06375,33.98299896,29.32199799,34.21236448
665,9,0.07125,33.38991701,28.9266103,33.63486474
665,10,0.07875,32.82489677,28.54993048,33.06012489
665,11,0.08625,32.28560206,28.19040106,32.49107241
665,12,0.09375,31.7696461,27.84643082,31.93077835
665,13,0.10125,31.27462999,27.51642039,31.38218956
665,14,0.10875,30.79817077,27.19878103,30.84787514
665,15,0.11625,30.33793111,26.89195453,30.32982329
665,16,0.12375,29.89164968,26.59443353,29.82930597
665,17,0.13125,29.45716881,26.30477967,29.34681703
665,18,0.13875,29.03245722,26.02163864,28.88208159
665,19,0.14625,28.61562908,25.74375313,28.43412864
665,20,0.15375,28.20495792,25.46997233,28.00141106
665,21,0.16125,27.79888451,25.19925676,27.58195444
665,22,0.16875,27.39602156,24.9306814,27.17351956
665,23,0.17625,26.9951558,24.66343753,26.7737622
665,24,0.18375,26.59524488,24.39683027,26.38037421
665,25,0.19125,26.19541166,24.13027473,25.99119881
665,26,0.19875,25.79493781,23.86329214,25.6043166
665,27,0.20625,25.39325318,23.59550239,25.21809759
665,28,0.21375,24.98992491,23.32661681,24.83122524
665,29,0.22125,24.58464659,23.05643129,24.44269706
665,30,0.22875,24.17722444,22.78481647,24.05180434
665,31,0.23625,23.76756641,22.51171112,23.65810321
665,32,0.24375,23.35566874,22.23711264,23.26137632
665,33,0.25125,22.94160491,21.96107007,22.86159528
665,34,0.25875,22.52551405,21.68367614,22.45888342
665,35,0.26625,22.10759068,21.40506055,22.05348327
665,36,0.27375,21.68807484,21.1253833,21.64572848
665,37,0.28125,21.26724322,20.84482887,21.23602122
665,38,0.28875,20.84540083,20.56360059,20.82481358
665,39,0.29625,20.21143667,20.14095779,20.2062069
670,0,0.00375,40.17411066,33.44940474,39.12120854
670,1,0.01125,39.31932944,32.87955062,38.54426848
670,2,0.01875,38.4621383,32.3080899,37.96095959
670,3,0.02625,37.65895627,31.77263529,37.3914795
670,4,0.03375,36.89108767,31.26072301,36.818308
670,5,0.04125,36.15737316,30.77158015,36.23904694
670,6,0.04875,35.45818763,30.30545664,35.65360378
670,7,0.05625,34.79220099,29.86146576,35.06206945
670,8,0.06375,34.15752033,29.43834557,34.46555878
670,9,0.07125,33.55221246,29.03480727,33.86639307
670,10,0.07875,32.97430268,28.64953442,33.26779567
670,11,0.08625,32.42172251,28.28114803,32.67350234
670,12,0.09375,31.89231867,27.92821253,32.08740207
670,13,0.10125,31.383894,27.58926307,31.51321365
670,14,0.10875,30.89424888,27.2628331,30.95420044
670,15,0.11625,30.42121488,26.94747705,30.41294055
670,16,0.12375,29.96268219,26.64178854,29.89116986
670,17,0.13125,29.5166226,26.34441553,29.38970752
670,18,0.13875,29.08111002,26.05407384,28.90846433
670,19,0.14625,28.65433893,25.7695597,28.44652466
670,20,0.15375,28.23463891,25.48975966,28.00228412
670,21,0.16125,27.82048395,25.21365638,27.57362169
670,22,0.16875,27.41049893,24.94033299,27.1580878
670,23,0.17625,27.00346391,24.66897627,26.75308989
670,24,0.18375,26.59831335,24.39887591,26.35605656
670,25,0.19125,26.19413314,24.12942238,25.96457216
670,26,0.19875,25.79015681,23.86010481,25.57647706
670,27,0.20625,25.38575759,23.59050533,25.18992897
670,28,0.21375,24.98044015,23.32029364,24.80343153
670,29,0.22125,24.57383193,23.04922152,24.41583544
670,30,0.22875,24.16567145,22.77711447,24.02631611
670,31,0.23625,23.75579913,22.50386626,23.63434046
670,32,0.24375,23.34414509,22.22943021,23.23962359
670,33,0.25125,22.93071939,21.95381306,22.84208604
670,34,0.25875,22.51560077,21.67706729,22.44181158
670,35,0.26625,22.09892713,21.39928485,22.03901055
670,36,0.27375,21.68088535,21.12059031,21.63398798
670,37,0.28125,21.26170257,20.84113511,21.2271178
670,38,0.28875,20.84163718,20.56109149,20.81882145
670,39,0.29625,20.21048536,20.14032358,20.20468671
675,0,0.00375,40.41973375,33.61315346,39.27514521
675,1,0.01125,39.5162855,33.01085465,38.67335773
675,2,0.01875,38.68261786,32.45507627,38.09000841
675,3,0.02625,37.87027876,31.91351695,37.50172661
675,4,0.03375,37.09483842,31.39655684,36.91711193
675,5,0.04125,36.35486983,30.90324459,36.33292137
675,6,0.04875,35.64786091,30.4319055,35.74669319
675,7,0.05625,34.97246832,29.98164398,35.15809352
675,8,0.06375,34.3273708,29.55157921,34.56789794
675,9,0.07125,33.71094183,29.14062685,33.97759967
675,10,0.07875,33.12135599,28.74756996,33.38929101
675,11,0.08625,32.55669173,28.37112751,32.80549658
675,12,0.09375,32.01497285,28.00998199,32.22893998
675,13,0.10125,31.49418754,27.66279209,31.66229975
675,14,0.10875,30.99231093,27.3282078,31.10799511
675,15,0.11625,30.50733185,27.00488836,30.56801758
675,16,0.12375,30.03727915,26.69151985,30.04381403
675,17,0.13125,29.58024506,26.38683051,29.53622241
675,18,0.13875,29.13440479,26.08960368,29.04545845
675,19,0.14625,28.6980342,25.79868988,28.57114896
675,20,0.15375,28.26952422,25.51301654,28.11240157
675,21,0.16125,27.84739043,25.23159403,27.6678989
675,22,0.16875,27.43028061,24.95352077,27.23600886
675,23,0.17625,27.01698057,24.67798737,26.81490076
675,24,0.18375,26.60641523,24.40427716,26.40265537
675,25,0.19125,26.19764759,24.13176535,25.99736417
675,26,0.19875,25.78987719,23.85991839,25.59721424
675,27,0.20625,25.38243421,23.58828974,25.2005521
675,28,0.21375,24.97477331,23.31651574,24.80592918
675,29,0.22125,24.56646702,23.04431158,24.41212956
675,30,0.22875,24.15719574,22.771464,24.01817835
675,31,0.23625,23.74674016,22.49782695,23.62333962
675,32,0.24375,23.33497041,22.22331375,23.22710071
675,33,0.25125,22.92183717,21.94789158,22.82915161
675,34,0.25875,22.50736148,21.67157443,22.42935866
675,35,0.26625,22.0916253,21.39441697,22.02773762
675,36,0.27375,21.67476199,21.11650806,21.62442669
675,37,0.28125,21.25694721,20.83796486,21.21966224
675,38,0.28875,20.83839,20.5589267,20.81375768
675,39,0.29625,20.20966209,20.13977473,20.2035566
680,0,0.00375,40.60514276,33.73675947,39.53870463
680,1,0.01125,39.74045788,33.1603029,38.96724173
680,2,0.01875,38.8825349,32.58835429,38.38321649
680,3,0.02625,38.07160303,32.04773313,37.80235476
680,4,0.03375,37.29257016,31.528378,37.21376791
680,5,0.04125,36.54563424,31.03042086,36.61772363
680,6,0.04875,35.83092675,30.55394938,36.01460718
680,7,0.05625,35.14716015,30.09810519,35.40468283
680,8,0.06375,34.49279429,29.66186153,34.78917867
680,9,0.07125,33.86628845,29.24419126,34.17041978
680,10,0.07875,33.26602474,28.84401579,33.55157514
680,11,0.08625,32.6902758,28.46018355,32.93635057
680,12,0.09375,32.13722985,28.09148665,32.3286758
680,13,0.10125,31.60502737,27.73668531,31.73238895
680,14,0.10875,31.09179112,27.39452793,31.15094001
680,15,0.11625,30.5956506,27.06376753,30.58714368
680,16,0.12375,30.1147638,26.74317628,30.04300423
680,17,0.13125,29.64733687,26.43155838,29.51962333
680,18,0.13875,29.19164251,26.12776216,29.0171918
680,19,0.14625,28.74603704,25.83069177,28.53505714
680,20,0.15375,28.30897461,25.53931679,28.07184975
680,21,0.16125,27.87901722,25.25267856,27.62564715
680,22,0.16875,27.4548428,24.96989556,27.1941577
680,23,0.17625,27.03525198,24.69016831,26.77490449
680,24,0.18375,26.61917042,24.41278062,26.36539022
680,25,0.19125,26.20564933,24.13709984,25.96323376
680,26,0.19875,25.79386553,23.86257728,25.56627326
680,27,0.20625,25.38311727,23.58874512,25.17263069
680,28,0.21375,24.97281986,23.31521345,24.7807441
680,29,0.22125,24.56250062,23.04166731,24.38937276
680,30,0.22875,24.15179045,22.76786047,23.99757917
680,31,0.23625,23.74041766,22.49361194,23.60470067
680,32,0.24375,23.32819824,22.21879897,23.21031112
680,33,0.25125,22.91502815,21.94335223,22.81418309
680,34,0.25875,22.5008736,21.66724917,22.41625016
680,35,0.26625,22.08576251,21.39050843,22.01657396
680,36,0.27375,21.66977502,21.11318342,21.61531469
680,37,0.28125,21.25303486,20.83535663,21.21270582
680,38,0.28875,20.83570016,20.55713348,20.80902985
680,39,0.29625,20.20897742,20.13931829,20.20216472
685,0,0.00375,40.82436215,33.88290572,39.75392158
685,1,0.01125,39.92632361,33.28421338,39.15222902
685,2,0.01875,39.08509393,32.72339364,38.56705843
685,3,0.02625,38.26608842,32.17739005,37.97682331
685,4,0.03375,37.48164226,31.65442606,37.38507363
685,5,0.04125,36.72970917,31.15313748,36.78791863
685,6,0.04875,36.00844982,30.67229809,36.18384087
685,7,0.05625,35.31691278,30.21127362,35.57335434
685,8,0.06375,34.653983,29.76932067,34.95793646
685,9,0.07125,34.01827464,29.34551538,34.33978177
685,10,0.07875,33.40826109,28.93884003,33.72170559
685,11,0.08625,32.82233794,28.54822497,33.1069523
685,12,0.09375,32.25884008,28.17256014,32.49894065
685,13,0.10125,31.7160548,27.81070359,31.90100297
685,14,0.10875,31.19224232,27.46149539,31.31615165
685,15,0.11625,30.68565917,27.12377324,30.74688985
685,16,0.12375,30.19457987,26.79638699,30.19507718
685,17,0.13125,29.71731588,26.47821105,29.66185591
685,18,0.13875,29.25223232,26.16815536,29.14763782
685,19,0.14625,28.79776392,25.86517636,28.65214633
685,20,0.15375,28.35242871,25.56828619,28.17450148
685,21,0.16125,27.91483784,25.27655897,27.71333319
685,22,0.16875,27.48370407,24.9891364,27.26691141
685,23,0.17625,27.05784914,24.70523308,26.83328079
685,24,0.18375,26.6362071,24.42413841,26.41038613
685,25,0.19125,26.21782585,24.14521751,25.99618309
685,26,0.19875,25.80186842,23.86791255,25.58873015
685,27,0.20625,25.38761028,23.59174045,25.18625565
685,28,0.21375,24.97443615,23.31629097,24.7872033
685,29,0.22125,24.56183648,23.04122455,24.39025768
685,30,0.22875,24.14940026,22.76626701,23.99434943
685,31,0.23625,23.73681005,22.49120688,23.59864968
685,32,0.24375,23.32383342,22.21588909,23.20255131
685,33,0.25125,22.91031593,21.94021075,22.80564617
685,34,0.25875,22.4961725,21.66411511,22.4076975
685,35,0.26625,22.08137915,21.3875862,22.00861254
685,36,0.27375,21.66596423,21.11064289,21.60841582
685,37,0.28125,21.24999976,20.83333323,21.20722612
685,38,0.28875,20.83359263,20.55572846,20.80523915
685,39,0.29625,20.20843794,20.13895863,20.20135364
690,0,0.00375,41.0014274,34.00094922,39.84257362
690,1,0.01125,40.12989036,33.41992454,39.25442101
690,2,0.01875,39.27105547,32.847368,38.65547118
690,3,0.02625,38.45354579,32.30236163,38.0600812
690,4,0.03375,37.66553612,31.77702197,37.46107701
690,5,0.04125,36.90785327,31.27190021,36.85885627
690,6,0.04875,36.18037218,30.786913,36.25314579
690,7,0.05625,35.48191807,30.32127714,35.64380294
690,8,0.06375,34.81124244,29.8741603,35.03162324
690,9,0.07125,34.16708414,29.44472172,34.41824635
690,10,0.07875,33.54808243,29.03205425,33.80589648
690,11,0.08625,32.95277024,28.63517984,33.19716267
690,12,0.09375,32.37960409,28.25306948,32.59479887
690,13,0.10125,31.82699224,27.88466189,32.00152745
690,14,0.10875,31.29331589,27.52887777,31.41985579
690,15,0.11625,30.77694795,27.18463243,30.85192195
690,16,0.12375,30.2762712,26.85084788,30.29937998
690,17,0.13125,29.78969514,26.52646389,29.76332967
690,18,0.13875,29.31567187,26.21044839,29.24429194
690,19,0.14625,28.8527113,25.90180794,28.74222699
690,20,0.15375,28.39939428,25.59959657,28.2565871
690,21,0.16125,27.95438224,25.30292191,27.786394
690,22,0.16875,27.51642567,25.0109508,27.33033359
690,23,0.17625,27.08437186,24.72291488,26.88685849
690,24,0.18375,26.65716873,24.43811283,26.45428736
690,25,0.19125,26.23386733,24.15591183,26.03089614
690,26,0.19875,25.81362393,23.87574955,25.61499802
690,27,0.20625,25.39569842,23.59713255,25.20500534
690,28,0.21375,24.97945229,23.31963506,24.7994761
690,29,0.22125,24.56434612,23.04289763,24.39714525
690,30,0.22875,24.14993355,22.76662254,23.99693909
690,31,0.23625,23.73585738,22.49057176,23.59798076
690,32,0.24375,23.32184182,22.21456135,23.19958314
690,33,0.25125,22.90768656,21.93845784,22.80123725
690,34,0.25875,22.49325858,21.6621725,22.40259442
690,35,0.26625,22.07848479,21.38565662,22.00344712
690,36,0.27375,21.6633434,21.10889567,21.60370789
690,37,0.28125,21.24785598,20.83190404,21.20338813
690,38,0.28875,20.83207859,20.5547191,20.80257338
690,39,0.29625,20.2080467,20.13869781,20.20068018
695,0,0.00375,41.20049684,34.13366218,40.06387446
695,1,0.01125,40.30588388,33.53725355,39.47444407
695,2,0.01875,39.45875646,32.97250198,38.89087998
695,3,0.02625,38.63444317,32.42295988,38.29759854
695,4,0.03375,37.84244481,31.89496109,37.69820815
695,5,0.04125,37.08057323,31.38704685,37.09053964
695,6,0.04875,36.34752183,30.8983461,36.47432715
695,7,0.05625,35.64256186,30.428373,35.85052399
695,8,0.06375,34.9647187,29.97647781,35.22075524
695,9,0.07125,34.31280417,29.54186841,34.58735559
695,10,0.07875,33.68552874,29.12368512,33.95332896
695,11,0.08625,33.08153209,28.72102108,33.32214721
695,12,0.09375,32.49938993,28.3329267,32.69747906
695,13,0.10125,31.93762608,27.95841778,32.08291165
695,14,0.10875,31.39473128,27.59648803,31.48169767
695,15,0.11625,30.86918264,27.24612221,30.89654775
695,16,0.12375,30.35946107,26.90630779,30.32948218
695,17,0.13125,29.8640669,26.57604506,29.78174979
695,18,0.13875,29.38153403,26.2543565,29.25381501
695,19,0.14625,28.9104442,25.94029654,28.74540711
695,20,0.15375,28.44943942,25.63295999,28.25561812
695,21,0.16125,27.99723133,25.33148796,27.78303236
695,22,0.16875,27.5526096,25.03507342,27.32587366
695,23,0.17625,27.11444988,24.7429669,26.88215482
695,24,0.18375,26.68171796,24.45447898,26.4498132
695,25,0.19125,26.25347278,24.16898213,26.02682561
695,26,0.19875,25.82886931,23.88591313,25.61129821
695,27,0.20625,25.40715768,23.60477204,25.20152614
695,28,0.21375,24.98768203,23.32512155,24.79602819
695,29,0.22125,24.56987899,23.04658622,24.39356014
695,30,0.22875,24.15327251,22.76884851,23.99310865
695,31,0.23625,23.73747078,22.49164736,23.5938767
695,32,0.24375,23.32215951,22.21477314,23.19525946
695,33,0.25125,22.90709651,21.93806447,22.79681946
695,34,0.25875,22.49210445,21.66140307,22.3982601
695,35,0.26625,22.07706382,21.38470931,21.99940131
695,36,0.27375,21.6619051,21.1079368,21.60015603
695,37,0.28125,21.24660093,20.83106734,21.20050922
695,38,0.28875,20.83115779,20.55410523,20.80050037
695,39,0.29625,20.20780387,20.13853592,20.20000926
700,0,0.00375,41.36948189,34.24631888,40.24657262
700,1,0.01125,40.49312307,33.66207968,39.65618797
700,2,0.01875,39.63321942,33.08881063,39.06029985
700,3,0.02625,38.81012042,32.54007804,38.46504848
700,4,0.03375,38.01474044,32.00982484,37.86242983
700,5,0.04125,37.24811015,31.49873812,37.25166362
700,6,0.04875,36.50991052,31.00660522,36.63221884
700,7,0.05625,35.79911091,30.53273903,36.00448554
700,8,0.06375,35.11469057,30.07645905,35.37004939
700,9,0.07125,34.45559003,29.63705898,34.73140195
700,10,0.07875,33.82064341,29.21376157,34.09166144
700,11,0.08625,33.20858955,28.80572605,33.4543409
700,12,0.09375,32.61809931,28.41206629,32.82310919
700,13,0.10125,32.04779553,28.03186409,32.20154214
700,14,0.10875,31.49626857,27.66417956,31.59288869
700,15,0.11625,30.96209168,27.30806158,30.99987657
700,16,0.12375,30.44383643,26.96255803,30.42457289
700,17,0.13125,29.94008697,26.62672511,29.86830665
700,18,0.13875,29.44945356,26.29963619,29.3316541
700,19,0.14625,28.9705859,25.980391,28.8144814
700,20,0.15375,28.50218493,25.66812366,28.31603234
700,21,0.16125,28.04301171,25.36200821,27.83504592
700,22,0.16875,27.59189565,25.06126412,27.36989134
700,23,0.17625,27.1477424,24.76516191,26.91870692
700,24,0.18375,26.70953829,24.47302586,26.47952818
700,25,0.19125,26.27635371,24.18423608,26.05039866
700,26,0.19875,25.84734643,23.89823121,25.62945953
700,27,0.20625,25.42176139,23.61450785,25.2150122
700,28,0.21375,24.99893025,23.33262036,24.80555799
700,29,0.22125,24.57827054,23.05218058,24.39981751
700,30,0.22875,24.1592813,22.77285437,23.99673059
700,31,0.23625,23.74154079,22.49436069,23.59544663
700,32,0.24375,23.32470036,22.21646704,23.19530407
700,33,0.25125,22.90847992,21.93898674,22.79580765
700,34,0.25875,22.49266114,21.6617742,22.39660285
700,35,0.26625,22.07708116,21.38472087,21.99745222
700,36,0.27375,21.66162509,21.10775013,21.59821362
700,37,0.28125,21.24621879,20.83081258,21.1988227
700,38,0.28875,20.83082082,20.55388058,20.79927761
700,39,0.29625,20.20770727,20.13847152,20.19976328
705,0,0.00375,41.5527402,34.36849107,40.41313912
705,1,0.01125,40.6602625,33.77350596,39.82170478
705,2,0.01875,39.80848299,33.205653,39.23158249
705,3,0.02625,38.97978929,32.65319062,38.63306852
705,4,0.03375,38.18135446,32.12090085,38.02889332
705,5,0.04125,37.41110568,31.60740181,37.41681367
705,6,0.04875,36.66812514,31.11208164,36.7962891
705,7,0.05625,35.95180968,30.63453821,36.16788003
705,8,0.06375,35.26129531,30.17419555,35.53295964
705,9,0.07125,34.59555896,29.7303716,34.89372303
705,10,0.07875,33.95349911,29.30233203,34.25304476
705,11,0.08625,33.33394611,28.88929709,33.61422865
705,12,0.09375,32.73566636,28.49044433,32.98074133
705,13,0.10125,32.15737457,28.10491677,32.35596445
705,14,0.10875,31.59775008,27.7318339,31.74298029
705,15,0.11625,31.05545268,27.37030224,31.14440038
705,16,0.12375,30.5291368,27.01942494,30.56224538
705,17,0.13125,30.01746441,26.67831006,29.9978797
705,18,0.13875,29.51911716,26.34607859,29.4519995
705,19,0.14625,29.03280894,26.02187303,28.92466855
705,20,0.15375,28.557297,25.70486504,28.41539042
705,21,0.16125,28.09139045,25.39426071,27.9232041
705,22,0.16875,27.63395819,25.08930581,27.44679395
705,23,0.17625,27.1839367,24.78929144,26.98460349
705,24,0.18375,26.74033462,24.49355674,26.5349415
705,25,0.19125,26.30223623,24.20149109,26.09607624
705,26,0.19875,25.86880524,23.91253708,25.66631507
705,27,0.20625,25.43928501,23.62619026,25.24406381
705,28,0.21375,25.01299854,23.34199922,24.82786929
705,29,0.22125,24.58934837,23.0595658,24.41644617
705,30,0.22875,24.16781269,22.77854196,24.00868706
705,31,0.23625,23.74794381,22.49862937,23.60366442
705,32,0.24375,23.3293626,22.21957521,23.20062101
705,33,0.25125,22.9117546,21.94116986,22.79895683
705,34,0.25875,22.49486381,21.66324265,22.39821129
705,35,0.26625,22.07848692,21.38565804,21.99804467
705,36,0.27375,21.6624664,21.108311,21.59821832
705,37,0.28125,21.24668358,20.83112244,21.19857459
705,38,0.28875,20.83105123,20.55403419,20.79901593
705,39,0.29625,20.20775293,20.13850196,20.19973205
710,0,0.00375,41.71410353,34.47606662,40.65399209
710,1,0.01125,40.83429286,33.8895262,40.06879427
710,2,0.01875,39.97321924,33.31547717,39.47654748
710,3,0.02625,39.14535364,32.76356685,38.87927842
710,4,0.03375,38.34380735,32.22920278,38.27028877
710,5,0.04125,37.56958801,31.71305669,37.64891677
710,6,0.04875,36.82225714,31.2148363,37.01477997
710,7,0.05625,36.10093118,30.73395254,36.36856283
710,8,0.06375,35.40476206,30.26984004,35.71221239
710,9,0.07125,34.73284045,29.82189259,35.04871974
710,10,0.07875,34.08415439,29.38943555,34.38188916
710,11,0.08625,33.45760916,28.97173912,33.71607505
710,12,0.09375,32.85204885,28.56803265,33.05586695
710,13,0.10125,32.26627022,28.17751388,32.40575548
710,14,0.10875,31.69903489,27.7993571,31.76982129
710,15,0.11625,31.14908241,27.43272207,31.15147921
710,16,0.12375,30.61514342,27.07676268,30.55329688
710,17,0.13125,30.09595155,26.73063483,29.97689723
710,18,0.13875,29.59025495,26.39350378,29.42294577
710,19,0.14625,29.09682785,26.0645523,28.89121513
710,20,0.15375,28.61448114,25.7429878,28.38071
710,21,0.16125,28.14207024,25.42804723,27.88983144
710,22,0.16875,27.67850282,25.11900222,27.41656171
710,23,0.17625,27.22274638,24.81516456,26.95864956
710,24,0.18375,26.77383283,24.51588888,26.5137764
710,25,0.19125,26.33086208,24.22057499,26.07969344
710,26,0.19875,25.89300609,23.92867098,25.65432491
710,27,0.20625,25.45950934,23.63967315,25.23583213
710,28,0.21375,25.02968938,23.35312645,24.82264503
710,29,0.22125,24.60293703,23.0686249,24.41346689
710,30,0.22875,24.17871315,22.78580893,24.00725644
710,31,0.23625,23.75654755,22.5043652,23.60320058
710,32,0.24375,23.33603406,22.22402285,23.20067818
710,33,0.25125,22.91682716,21.94455157,22.79922545
710,34,0.25875,22.49863628,21.66575763,22.39850214
710,35,0.26625,22.08122065,21.38748052,21.99826301
710,36,0.27375,21.6643827,21.10958854,21.59833325
710,37,0.28125,21.24796187,20.83197464,21.19858975
710,38,0.28875,20.83182736,20.55455161,20.79894664
710,39,0.29625,20.20793551,20.13862368,20.19952989
715,0,0.00375,41.88464862,34.58976335,40.86797031
715,1,0.01125,40.99346428,33.99564048,40.27454339
715,2,0.01875,40.13796565,33.4253081,39.67992123
715,3,0.02625,39.30555661,32.87036883,39.07496666
715,4,0.03375,38.50157145,32.33437884,38.45961856
715,5,0.04125,37.7241709,31.81611195,37.83085505
715,6,0.04875,36.97270599,31.31513553,37.18795505
715,7,0.05625,36.24664757,30.83109679,36.53170839
715,8,0.06375,35.54522663,30.36348308,35.86414299
715,9,0.07125,34.8675578,29.91170415,35.18843409
715,10,0.07875,34.21268926,29.47512547,34.5086646
715,11,0.08625,33.57960299,29.05306834,33.82949983
715,12,0.09375,32.96721958,28.64481314,33.15583953
715,13,0.10125,32.37441004,28.24960708,32.49247282
715,14,0.10875,31.80000951,27.86667351,31.8437605
715,15,0.11625,31.24283008,27.4952205,31.21336981
715,16,0.12375,30.70167246,27.13444871,30.60408263
715,17,0.13125,30.17533686,26.78355836,30.01768873
715,18,0.13875,29.66263333,26.44175603,29.45496639
715,19,0.14625,29.16239275,26.10826223,28.91574376
715,20,0.15375,28.67347675,25.7823182,28.39902425
715,21,0.16125,28.19478516,25.4631905,27.90315505
715,22,0.16875,27.72526329,25.15017587,27.42601943
715,23,0.17625,27.26390939,24.84260656,26.96523236
715,24,0.18375,26.80977909,24.53985305,26.51831883
715,25,0.19125,26.36198901,24.24132627,26.08286401
715,26,0.19875,25.91972101,23.94648092,25.65662894
715,27,0.20625,25.48222286,23.65481549,25.23762538
715,28,0.21375,25.04880909,23.36587292,24.82415556
715,29,0.22125,24.6188616,23.07924128,24.41482171
715,30,0.22875,24.19182684,22.79455139,24.0085097
715,31,0.23625,23.76721517,22.51147695,23.60435998
715,32,0.24375,23.34459645,22.2297311,23.20172734
715,33,0.25125,22.92359708,21.94906485,22.80014056
715,34,0.25875,22.50389496,21.66926341,22.39926283
715,35,0.26625,22.0852146,21.39014316,21.99885814
715,36,0.27375,21.66732125,21.11154756,21.59876355
715,37,0.28125,21.25001493,20.83334334,21.19886833
715,38,0.28875,20.83312382,20.55541592,20.79909841
715,39,0.29625,20.20824875,20.13883251,20.19960243
720,0,0.00375,42.03893314,34.69261969,40.92680749
720,1,0.01125,41.15660655,34.10440199,40.32742214
720,2,0.01875,40.29431616,33.52954178,39.72162169
720,3,0.02625,39.46236343,32.97490671,39.11181427
720,4,0.03375,38.65557235,32.4370461,38.49377028
720,5,0.04125,37.87482147,31.91654566,37.86732743
720,6,0.04875,37.1196154,31.41307513,37.23216319
720,7,0.05625,36.38920474,30.92613491,36.58873511
720,8,0.06375,35.68287136,30.45524623,35.93842505
720,9,0.07125,34.99982189,29.99988021,35.28336925
720,10,0.07875,34.33916964,29.55944571,34.62629213
720,11,0.08625,33.69995616,29.13330379,33.97031768
720,12,0.09375,33.08116696,28.72077806,33.31875457
720,13,0.10125,32.4817414,28.32116133,32.67488126
720,14,0.10875,31.90058288,27.93372243,32.04175392
720,15,0.11625,31.3365701,27.55771385,31.42204959
720,16,0.12375,30.78856819,27.1923792,30.81795076
720,17,0.13125,30.25543872,26.8369596,30.23107328
720,18,0.13875,29.73604938,26.49070006,29.66243704
720,19,0.14625,29.22928414,26.15285649,29.11247633
720,20,0.15375,28.73405258,25.82270209,28.58108164
720,21,0.16125,28.24929683,25.49953161,28.06766427
720,22,0.16875,27.77399854,25.18266603,27.57123833
720,23,0.17625,27.30718606,24.87145768,27.09051281
720,24,0.18375,26.84793874,24.56529282,26.62398438
720,25,0.19125,26.39539061,24.263594,26.17002718
720,26,0.19875,25.94873452,23.96582326,25.72697649
720,27,0.20625,25.50722314,23.67148235,25.29319857
720,28,0.21375,25.07017,23.38011352,24.86714803
720,29,0.22125,24.63695031,23.09130042,24.44741088
720,30,0.22875,24.20699863,22.80466591,24.0327304
720,31,0.23625,23.77980853,22.51987251,23.62202196
720,32,0.24375,23.35492859,22.23661919,23.21437311
720,33,0.25125,22.93196001,21.95464013,22.80903638
720,34,0.25875,22.51055181,21.67370131,22.40541395
720,35,0.26625,22.09039663,21.39359784,22.00303915
720,36,0.27375,21.67122513,21.11415016,21.60155546
720,37,0.28125,21.25280063,20.83520048,21.20069621
720,38,0.28875,20.83491281,20.55660857,20.80026499
720,39,0.29625,20.20868573,20.13912383,20.20011362
725,0,0.00375,42.1990342,34.79935373,41.07839939
725,1,0.01125,41.30859376,34.20572679,40.49007177
725,2,0.01875,40.45007804,33.63338303,39.89415185
725,3,0.02625,39.61445299,33.07629974,39.28610421
725,4,0.03375,38.805637,32.53708921,38.66720312
725,5,0.04125,38.0220613,32.01470555,38.03612528
725,6,0.04875,37.26325562,31.50883528,37.39305892
725,7,0.05625,36.5287393,31.01915795,36.73904027
725,8,0.06375,35.81782756,30.54521704,36.07590511
725,9,0.07125,35.12974922,30.08649843,35.4063096
725,10,0.07875,34.46367266,29.64244773,34.73359127
725,11,0.08625,33.81870268,29.21246813,34.06154737
725,12,0.09375,33.19388651,28.79592442,33.39418069
725,13,0.10125,32.58822465,28.39215016,32.73543614
725,14,0.10875,32.00068199,28.00045517,32.08895319
725,15,0.11625,31.43019836,27.62013269,31.45785708
725,16,0.12375,30.87569836,27.25046597,30.84460552
725,17,0.13125,30.33610048,26.8907341,30.25089922
725,18,0.13875,29.810326,26.5402178,29.67765778
725,19,0.14625,29.29730854,26.19820609,29.12505601
725,20,0.15375,28.79600283,25.86400226,28.59260812
725,21,0.16125,28.3053912,25.53692786,28.07928416
725,22,0.16875,27.82449014,25.21632709,27.58364567
725,23,0.17625,27.35235721,24.90157177,27.10398607
725,24,0.18375,26.88809526,24.59206383,26.63846021
725,25,0.19125,26.43085591,24.28723754,26.18519626
725,26,0.19875,25.97984385,23.98656281,25.74238593
725,27,0.20625,25.53431782,23.68954546,25.30834699
725,28,0.21375,25.09359187,23.3957281,24.88156319
725,29,0.22125,24.65703647,23.10469119,24.46070419
725,30,0.22875,24.22407636,22.81605107,24.04462683
725,31,0.23625,23.79419064,22.52946059,23.63236805
725,32,0.24375,23.36690912,22.24460621,23.22312759
725,33,0.25125,22.94181025,21.96120696,22.81624926
725,34,0.25875,22.51851686,21.67901134,22.41119938
725,35,0.26625,22.09669227,21.39779494,22.00754645
725,36,0.27375,21.67603523,21.11735689,21.60494096
725,37,0.28125,21.25627489,20.83751665,21.20309625
725,38,0.28875,20.83716506,20.55811008,20.80176854
725,39,0.29625,20.20923917,20.13949278,20.20027121
730,0,0.00375,42.34680374,34.89786675,41.21652448
730,1,0.01125,41.46260826,34.30840312,40.618439
730,2,0.01875,40.5990972,33.73272913,40.01620267
730,3,0.02625,39.76361664,33.17574218,39.40749096
730,4,0.03375,38.95230069,32.63486499,38.78748881
730,5,0.04125,38.16586201,32.11057269,38.15553139
730,6,0.04875,37.40379304,31.60252689,37.51143249
730,7,0.05625,36.66545917,31.11030453,36.8560911
730,8,0.06375,35.95024075,30.6334925,36.19141996
730,9,0.07125,35.25743725,30.17162378,35.52013421
730,10,0.07875,34.58626575,29.72417645,34.84557081
730,11,0.08625,33.93588036,29.29058658,34.17147952
730,12,0.09375,33.30538315,28.87025551,33.50178248
730,13,0.10125,32.69383168,28.46255485,32.84032799
730,14,0.10875,32.10024783,28.0668324,32.19066311
730,15,0.11625,31.52362751,27.68241879,31.55584341
730,16,0.12375,30.96295001,27.30863374,30.93829285
730,17,0.13125,30.41718648,26.94479143,30.33972096
730,18,0.13875,29.88530804,26.59020583,29.76109904
730,19,0.14625,29.36629476,26.2441969,29.2026913
730,20,0.15375,28.85914383,25.90609625,28.66412968
730,21,0.16125,28.36287562,25.5752508,28.14451857
730,22,0.16875,27.87653987,25.25102692,27.6425579
730,23,0.17625,27.3992224,24.93281523,27.15667216
730,24,0.18375,26.93004896,24.62003296,26.68513103
730,25,0.19125,26.46818883,24.31212615,26.22615557
730,26,0.19875,26.01285896,24.00857288,25.77800595
730,27,0.20625,25.56332503,23.7088836,25.33904463
730,28,0.21375,25.11890289,23.41260211,24.90777881
730,29,0.22125,24.67895976,23.11930672,24.48288397
730,30,0.22875,24.24291244,22.82860845,24.06320913
730,31,0.23625,23.81022755,22.54015186,23.64777299
730,32,0.24375,23.38041831,22.25361233,23.23574921
730,33,0.25125,22.95304278,21.96869531,22.82644926
730,34,0.25875,22.52770001,21.68513344,22.41930183
730,35,0.26625,22.1040265,21.40268442,22.01383327
730,36,0.27375,21.68169157,21.12112778,21.60964884
730,37,0.28125,21.26039283,20.84026194,21.20641754
730,38,0.28875,20.83985071,20.55990051,20.8038617
730,39,0.29625,20.20990159,20.1399344,20.20083195
735,0,0.00375,42.49816173,34.99877208,41.32720909
735,1,0.01125,41.60810762,34.40540269,40.73572581
735,2,0.01875,40.74710704,33.83140236,40.13599779
735,3,0.02625,39.90865599,33.27243507,39.52627261
735,4,0.03375,39.09560191,32.73039914,38.90717956
735,5,0.04125,38.30663979,32.20442454,38.27720367
735,6,0.04875,37.54141463,31.69427461,37.63622969
735,7,0.05625,36.79948241,31.19965335,36.98501895
735,8,0.06375,36.08023329,30.72015419,36.32517585
735,9,0.07125,35.38299038,30.25532587,35.65908782
735,10,0.07875,34.70701972,29.8046791,34.98974077
735,11,0.08625,34.05152718,29.36768446,34.32049706
735,12,0.09375,33.41566533,28.94377696,33.65486993
735,13,0.10125,32.79854278,28.53236225,32.99630679
735,14,0.10875,32.19923328,28.13282269,32.34799674
735,15,0.11625,31.61678448,27.74452343,31.71271498
735,16,0.12375,31.0502263,27.36681793,31.09271206
735,17,0.13125,30.49857866,26.99905288,30.48965002
735,18,0.13875,29.96085904,26.64057316,29.90458422
735,19,0.14625,29.43609088,26.29072764,29.33798575
735,20,0.15375,28.92331123,25.94887451,28.78979499
735,21,0.16125,28.42157638,25.61438465,28.25949557
735,22,0.16875,27.92996776,25.28664551,27.7462019
735,23,0.17625,27.44759822,24.96506578,27.24875232
735,24,0.18375,26.97361588,24.64907757,26.76579785
735,25,0.19125,26.5072074,24.33813852,26.29588384
735,26,0.19875,26.04760222,24.03173505,25.83752221
735,27,0.20625,25.59407364,23.72938267,25.38924844
735,28,0.21375,25.14594019,23.43062697,24.9496663
735,29,0.22125,24.7025672,23.13504501,24.51748015
735,30,0.22875,24.26336501,22.8422435,24.09151287
735,31,0.23625,23.82778959,22.55185989,23.67071665
735,32,0.24375,23.39533955,22.26355983,23.2541724
735,33,0.25125,22.96555468,21.97703658,22.84108525
735,34,0.25875,22.53801248,21.69200842,22.43077411
735,35,0.26625,22.11232498,21.40821674,22.02265968
735,36,0.27375,21.68813455,21.1254231,21.6162506
735,37,0.28125,21.26510962,20.84340646,21.21112918
735,38,0.28875,20.84293984,20.56195993,20.80693405
735,39,0.29625,20.21066552,20.14044368,20.20167514
740,0,0.00375,42.63996543,35.09330788,41.51654907
740,1,0.01125,41.75435358,34.5029,40.92495593
740,2,0.01875,40.88964819,33.92642979,40.32721001
740,3,0.02625,40.05110014,33.36739784,39.71955443
740,4,0.03375,39.23583252,32.82388621,39.09809897
740,5,0.04125,38.44439223,32.2962595,38.46228489
740,6,0.04875,37.67628792,31.78419014,37.81199704
740,7,0.05625,36.93097956,31.28731812,37.14820059
740,8,0.06375,36.20792344,30.80528095,36.47292797
740,9,0.07125,35.50649546,30.33766258,35.78913602
740,10,0.07875,34.82599962,29.88399903,35.1005305
740,11,0.08625,34.16568365,29.44378877,34.41132139
740,12,0.09375,33.52474658,29.0164978,33.72593309
740,13,0.10125,32.90234488,28.60156365,33.04870781
740,14,0.10875,32.29760018,28.19840063,32.38363318
740,15,0.11625,31.70960764,27.80640554,31.73411762
740,16,0.12375,31.13744385,27.42496297,31.10282899
740,17,0.13125,30.58017396,27.05344975,30.49160488
740,18,0.13875,30.03685858,26.69123952,29.9014353
740,19,0.14625,29.50656163,26.33770815,29.33251151
740,20,0.15375,28.98835758,25.99223875,28.78432651
740,21,0.16125,28.4813366,25.65422478,28.25580916
740,22,0.16875,27.98461011,25.32307374,27.74547658
740,23,0.17625,27.49731691,24.99821157,27.25158838
740,24,0.18375,27.01862662,24.67908473,26.77228575
740,25,0.19125,26.54774304,24.36516228,26.30570797
740,26,0.19875,26.08390812,24.05593898,25.85008201
740,27,0.20625,25.62640313,23.75093566,25.40378062
740,28,0.21375,25.17455014,23.44970028,24.96535436
740,29,0.22125,24.72771358,23.15180926,24.53354222
740,30,0.22875,24.2852987,22.85686595,24.10726338
740,31,0.23625,23.84675238,22.56450174,23.68560147
740,32,0.24375,23.41156037,22.27437371,23.26778072
740,33,0.25125,22.97924618,21.98616424,22.85314296
740,34,0.25875,22.54936782,21.69957864,22.44112435
740,35,0.26625,22.1215151,21.41434349,22.03123536
740,36,0.27375,21.69530566,21.13020384,21.62304258
740,37,0.28125,21.27038121,20.84692086,21.21615314
740,38,0.28875,20.84640298,20.56426869,20.81020193
740,39,0.29625,20.21152357,20.14101572,20.20230733
745,0,0.00375,42.7838824,35.18925252,41.68294651
745,1,0.01125,41.89398346,34.59598659,41.09094769
745,2,0.01875,41.03090521,34.02060113,40.49161533
745,3,0.02625,40.18994264,33.4599595,39.88187641
745,4,0.03375,39.37314371,32.915427,39.26022689
745,5,0.04125,38.57943972,32.38629116,38.62445053
745,6,0.04875,37.80854827,31.87236371,37.97417791
745,7,0.05625,37.06005687,31.37336966,37.31024854
745,8,0.06375,36.33342168,30.88894644,36.63459612
745,9,0.07125,35.62804367,30.41869473,35.95011071
745,10,0.07875,34.94326922,29.96217877,35.26040931
745,11,0.08625,34.27838845,29.5189253,34.56957291
745,12,0.09375,33.6326423,29.08842828,33.88186999
745,13,0.10125,33.00523034,28.67015395,33.20148297
745,14,0.10875,32.39531819,28.26354596,32.532261
745,15,0.11625,31.802045,27.86803044,31.87751887
745,16,0.12375,31.22453059,27.48302079,31.23989495
745,17,0.13125,30.66188202,27.10792179,30.62127296
745,18,0.13875,30.11320002,26.74213381,30.0227665
745,19,0.14625,29.57758629,26.38505791,29.4447595
745,20,0.15375,29.05415036,26.03610059,28.88698934
745,21,0.16125,28.5420143,25.69467658,28.34865737
745,22,0.16875,28.04031798,25.36021232,27.82855527
745,23,0.17625,27.54822486,25.0321502,27.32519447
745,24,0.18375,27.06492532,24.70995053,26.83692553
745,25,0.19125,26.58963978,24.39309344,26.36204185
745,26,0.19875,26.12162264,24.081082,25.89886473
745,27,0.20625,25.66016346,23.77344255,25.44580407
745,28,0.21375,25.20458836,23.46972575,25.00139901
745,29,0.22125,24.7542618,23.16950807,24.56434035
745,30,0.22875,24.30858507,22.8723902,24.13347523
745,31,0.23625,23.86699734,22.57799839,23.70780326
745,32,0.24375,23.42897314,22.28598222,23.28646205
745,33,0.25125,22.99402142,21.9960144,22.86871065
745,34,0.25875,22.56168271,21.70778857,22.45390973
745,35,0.26625,22.13152659,21.42101781,22.04150336
745,36,0.27375,21.70314822,21.13543221,21.63100221
745,37,0.28125,21.27616479,20.85077658,21.22197092
745,38,0.28875,20.85021147,20.56680769,20.81401858
745,39,0.29625,20.21246857,20.14164572,20.20337262
750,0,0.00375,42.92023574,35.28015474,41.82336547
750,1,0.01125,42.03352779,34.68901614,41.22854145
750,2,0.01875,41.16767379,34.11178018,40.62682178
750,3,0.02625,40.32643786,33.55095631,40.01517515
750,4,0.03375,39.50768276,33.0051197,39.3906527
750,5,0.04125,38.71180715,32.47453611,38.75250658
750,6,0.04875,37.93835174,31.95889935,38.10036016
750,7,0.05625,37.18685273,31.45790023,37.43491986
750,8,0.06375,36.45682634,30.97121621,36.75796628
750,9,0.07125,35.74771267,30.49847406,36.07220916
750,10,0.07875,35.05888897,30.03925859,35.38109528
750,11,0.08625,34.38968136,29.59312058,34.68855946
750,12,0.09375,33.73937018,29.1595802,33.99874923
750,13,0.10125,33.1071953,28.73813059,33.31575421
750,14,0.10875,32.49236287,28.32824242,32.64336333
750,15,0.11625,31.89405251,27.92936879,31.98486679
750,16,0.12375,31.31142403,27.54094975,31.34291388
750,17,0.13125,30.74362338,27.16241603,30.7194317
750,18,0.13875,30.18978862,26.79319288,30.11560423
750,19,0.14625,29.64905677,26.4327049,29.53190588
750,20,0.15375,29.12057015,26.08038045,28.96817716
750,21,0.16125,28.60348087,25.7356543,28.42372807
750,22,0.16875,28.09695567,25.39797077,27.89745794
750,23,0.17625,27.60018148,25.06678794,27.38797953
750,24,0.18375,27.11236856,24.74157935,26.89373399
750,25,0.19125,26.63275344,24.42183588,26.41309149
750,26,0.19875,26.16060285,24.1070688,25.94443414
750,27,0.20625,25.69521469,23.79681004,25.4862158
750,28,0.21375,25.23591966,23.49061329,25.03700273
750,29,0.22125,24.78208292,23.18805548,24.59549707
750,30,0.22875,24.33310285,22.88873538,24.1605433
750,31,0.23625,23.88841213,22.59227491,23.7311267
750,32,0.24375,23.44747548,22.29831711,23.30636168
750,33,0.25125,23.00978897,22.0065261,22.88547796
750,34,0.25875,22.57487738,21.71658501,22.46780368
750,35,0.26625,22.14229208,21.4281948,22.05274936
750,36,0.27375,21.7116077,21.14107186,21.63979194
750,37,0.28125,21.28241914,20.85494615,21.22845957
750,38,0.28875,20.85433766,20.56955848,20.81831548
750,39,0.29625,20.21349357,20.14232906,20.20443184
755,0,0.00375,43.0577274,35.37181585,41.90220139
755,1,0.01125,42.16783592,34.77855489,41.30204019
755,2,0.01875,41.30299476,34.20199416,40.69361011
755,3,0.02625,40.4597805,33.6398514,40.07471499
755,4,0.03375,39.63965015,33.09309796,39.44413011
755,5,0.04125,38.84173647,32.56115565,38.80034158
755,6,0.04875,38.06580212,32.04386627,38.14328792
755,7,0.05625,37.31146374,31.54097423,37.47382102
755,8,0.06375,36.57823494,31.05215528,36.79369974
755,9,0.07125,35.86558125,30.57705311,36.10553146
755,10,0.07875,35.17291588,30.11527654,35.41261495
755,11,0.08625,34.49959989,29.6663996,34.71873085
755,12,0.09375,33.84494888,29.22996599,34.02789873
755,13,0.10125,33.20823934,28.80549328,33.34412179
755,14,0.10875,32.58871493,28.39247712,32.6711448
755,15,0.11625,31.98559278,27.99039563,32.01224679
755,16,0.12375,31.39806975,27.59871356,31.37008403
755,17,0.13125,30.82532792,27.21688572,30.74659207
755,18,0.13875,30.26654006,26.8443605,30.14295001
755,19,0.14625,29.72087614,26.48058447,29.55960419
755,20,0.15375,29.18750922,26.1250065,28.99634047
755,21,0.16125,28.66561963,25.77708013,28.45239074
755,22,0.16875,28.15439948,25.43626665,27.92656133
755,23,0.17625,27.65305799,25.10203895,27.4173688
755,24,0.18375,27.16082444,24.77388327,26.92316706
755,25,0.19125,26.67695093,24.45130087,26.44225843
755,26,0.19875,26.20071618,24.13381102,25.97298352
755,27,0.20625,25.73142661,23.82095131,25.51378363
755,28,0.21375,25.26841774,23.51227867,25.06323986
755,29,0.22125,24.81105612,23.20737095,24.62009179
755,30,0.22875,24.35873802,22.90582549,24.18323688
755,31,0.23625,23.91089076,22.60726066,23.75172138
755,32,0.24375,23.46697055,22.31131383,23.32472135
755,33,0.25125,23.02646207,22.0176415,22.90152275
755,34,0.25875,22.58887604,21.72591745,22.48149988
755,35,0.26625,22.15374734,21.43583164,22.06409607
755,36,0.27375,21.7206321,21.14708813,21.6488061
755,37,0.28125,21.28910485,20.85940329,21.2351625
755,38,0.28875,20.85875511,20.57250344,20.82272565
755,39,0.29625,20.21459194,20.1430613,20.20545791
760,0,0.00375,43.18910326,35.45939976,42.06794636
760,1,0.01125,42.3015287,34.8676834,41.48265183
760,2,0.01875,41.43458282,34.28971954,40.88525939
760,3,0.02625,40.59097317,33.72731318,40.2743234
760,4,0.03375,39.76911201,33.17940586,39.64821614
760,5,0.04125,38.96927366,32.64618044,39.00666949
760,6,0.04875,38.19103814,32.12735695,38.34974266
760,7,0.05625,37.43400232,31.62266662,37.67849817
760,8,0.06375,36.69773092,31.13181927,36.99498329
760,9,0.07125,35.98171867,30.65447806,36.30210401
760,10,0.07875,35.28540482,30.19026916,35.60344765
760,11,0.08625,34.60818149,29.73878733,34.90304721
760,12,0.09375,33.94939774,29.29959857,34.20511767
760,13,0.10125,33.30836421,28.87224319,33.51379341
760,14,0.10875,32.68435903,28.45623986,32.83289145
760,15,0.11625,32.07663401,28.05108978,32.16571925
760,16,0.12375,31.48442033,27.65628061,31.51493886
760,17,0.13125,30.90693362,27.27128952,30.88249209
760,18,0.13875,30.34337904,26.89558648,30.26958502
760,19,0.14625,29.79295726,26.52863856,29.67672501
760,20,0.15375,29.25487018,26.1699138,29.10379722
760,21,0.16125,28.7283246,25.81888345,28.55016637
760,22,0.16875,28.21253659,25.47502471,28.01479281
760,23,0.17625,27.7067365,25.13782462,27.49635194
760,24,0.18375,27.21017174,24.80678146,26.99334436
760,25,0.19125,26.72210939,24.48140651,26.50419247
760,26,0.19875,26.24183996,24.16122687,26.02732061
760,27,0.20625,25.76867824,23.84578573,25.5612136
760,28,0.21375,25.30196494,23.53464347,25.10445728
760,29,0.22125,24.84106845,23.22737916,24.65576287
760,30,0.22875,24.38538371,22.92358929,24.21397469
760,31,0.23625,23.93433364,22.62288924,23.77807
760,32,0.24375,23.48736715,22.32491155,23.34714835
760,33,0.25125,23.04395886,22.02930602,22.92041853
760,34,0.25875,22.60360696,21.73573806,22.49718194
760,35,0.26625,22.16583157,21.4438878,22.07681689
760,36,0.27375,21.73017205,21.15344809,21.65876364
760,37,0.28125,21.29618451,20.86412306,21.24251197
760,38,0.28875,20.86343868,20.57562582,20.82758975
760,39,0.29625,20.21575737,20.14383825,20.20675679
765,0,0.00375,43.32097553,35.5473146,42.19403795
765,1,0.01125,42.43099882,34.95399682,41.59081451
765,2,0.01875,41.56464078,34.37642484,40.98394293
765,3,0.02625,40.71939331,33.81292661,40.36736109
765,4,0.03375,39.89628008,33.26418457,39.7379144
765,5,0.04125,39.09460013,32.72973142,39.09360754
765,6,0.04875,38.314144,32.20942752,38.43425098
765,7,0.05625,37.55455592,31.70303568,37.76077437
765,8,0.06375,36.81539914,31.21026474,37.07512546
765,9,0.07125,36.09619287,30.73079419,36.38014018
765,10,0.07875,35.39640658,30.26427033,35.67934597
765,11,0.08625,34.71546146,29.81030731,34.97672894
765,12,0.09375,34.05273652,29.36849109,34.27647876
765,13,0.10125,33.40757373,28.93838288,33.58273054
765,14,0.10875,32.77928327,28.51952268,32.89932672
765,15,0.11625,32.16714909,28.11143316,32.22961827
765,16,0.12375,31.57043422,27.7136232,31.57631832
765,17,0.13125,30.9883855,27.32559077,30.9414151
765,18,0.13875,30.4202382,26.94682592,30.32614575
765,19,0.14625,29.86522172,26.57681486,29.73102646
765,20,0.15375,29.3225649,26.21504361,29.15592744
765,21,0.16125,28.79149945,25.86100001,28.60017812
765,22,0.16875,28.27126402,25.51417633,28.06269079
765,23,0.17625,27.76110897,25.17407293,27.54208939
765,24,0.18375,27.26029901,24.84019964,27.03682881
765,25,0.19125,26.76811561,24.51207732,26.54529874
765,26,0.19875,26.28386068,24.18924068,26.06590795
765,27,0.20625,25.80685743,23.87123852,25.59714352
765,28,0.21375,25.33645185,23.55763474,25.13760914
765,29,0.22125,24.87201464,23.24800995,24.68604523
765,30,0.22875,24.41294006,22.94196018,24.24133138
765,31,0.23625,23.95864751,22.63909849,23.80248107
765,32,0.24375,23.50857965,22.33905322,23.36862687
765,33,0.25125,23.06220233,22.04146833,22.93900448
765,34,0.25875,22.61900262,21.74600184,22.51293455
765,35,0.26625,22.17848739,21.45232501,22.08980624
765,36,0.27375,21.74018095,21.16012069,21.6690615
765,37,0.28125,21.30362274,20.86908188,21.25018135
765,38,0.28875,20.86836458,20.57890976,20.83267299
765,39,0.29625,20.21698388,20.14465592,20.20796662
770,0,0.00375,43.4478012,35.63186505,42.36229588
770,1,0.01125,42.55952656,35.03968197,41.77847492
770,2,0.01875,41.6915506,34.46103138,41.17810053
770,3,0.02625,40.84582831,33.89721661,40.56255432
770,4,0.03375,40.02117832,33.34745007,39.93067593
770,5,0.04125,39.21777509,32.81184806,39.28168055
770,6,0.04875,38.43523952,32.29015787,38.6152584
770,7,0.05625,37.67321668,31.78214285,37.93233536
770,8,0.06375,36.93131144,31.28753961,37.23505573
770,9,0.07125,36.20906531,30.80604248,36.52663062
770,10,0.07875,35.50597023,30.33731277,35.81111302
770,11,0.08625,34.82147425,29.8809825,35.09310875
770,12,0.09375,34.15498483,29.43665662,34.37745733
770,13,0.10125,33.50587299,29.00391571,33.66891399
770,14,0.10875,32.87347844,28.58231946,32.97186036
770,15,0.11625,32.25711492,28.17141039,32.29006693
770,16,0.12375,31.65607506,27.7707171,31.62652307
770,17,0.13125,31.0696347,27.3797569,30.98334236
770,18,0.13875,30.49705719,26.99803858,30.36174353
770,19,0.14625,29.93759877,26.62506623,29.76210018
770,20,0.15375,29.39051352,26.2603427,29.18404394
770,21,0.16125,28.85505655,25.90337141,28.62660286
770,22,0.16875,28.33048776,25.55365882,28.08835899
770,23,0.17625,27.81607649,25.21071794,27.56760844
770,24,0.18375,27.31110388,24.87406956,27.06250652
770,25,0.19125,26.81486525,24.54324374,26.5711902
770,26,0.19875,26.32667357,24.2177826,26.09187301
770,27,0.20625,25.84586029,23.89724043,25.62290752
770,28,0.21375,25.37177691,23.58118478,25.16282032
770,29,0.22125,24.90379674,23.26919802,24.71032419
770,30,0.22875,24.44131397,22.96087612,24.2643097
770,31,0.23625,23.98374526,22.65583032,23.82382812
770,32,0.24375,23.53052798,22.35368544,23.38806515
770,33,0.25125,23.08112035,22.05408035,22.95631504
770,34,0.25875,22.63499963,21.75666651,22.52795455
770,35,0.26625,22.19166091,21.46110736,22.10242103
770,36,0.27375,21.75061496,21.1670767,21.6791942
770,37,0.28125,21.31138627,20.87425756,21.25778294
770,38,0.28875,20.87351044,20.58234033,20.83771653
770,39,0.29625,20.21826584,20.14551056,20.20917717
775,0,0.00375,43.57470315,35.71646635,42.48297191
775,1,0.01125,42.68458475,35.1230541,41.87782812
775,2,0.01875,41.81690433,34.54460054,41.26989034
775,3,0.02625,40.9698097,33.97987087,40.65061926
775,4,0.03375,40.14400878,33.42933704,40.01663768
775,5,0.04125,39.33893491,32.89262127,39.36635386
775,6,0.04875,38.5543962,32.36959565,38.69977846
775,7,0.05625,37.79006301,31.86004041,38.01794262
775,8,0.06375,37.04554109,31.36369271,37.32288222
775,9,0.07125,36.32039469,30.88026207,36.61754899
775,10,0.07875,35.61414098,30.4094266,35.90562911
775,11,0.08625,34.92625246,29.95083464,35.19130535
775,12,0.09375,34.25616225,29.50410824,34.47898681
775,13,0.10125,33.60326824,29.06884588,33.7730332
775,14,0.10875,32.96693764,28.64462559,33.07750098
775,15,0.11625,32.34651182,28.23100832,32.39593209
775,16,0.12375,31.7413109,27.82754099,31.73119899
775,17,0.13125,31.15063774,27.43375893,31.08541279
775,18,0.13875,30.57378187,27.04918837,30.45989526
775,19,0.14625,30.0100246,26.67335011,29.85520952
775,20,0.15375,29.45864366,26.30576279,29.2712374
775,21,0.16125,28.91891611,25.94594445,28.70728844
775,22,0.16875,28.39012194,25.59341495,28.16222853
775,23,0.17625,27.87154842,25.24769922,27.63461469
775,24,0.18375,27.36249234,24.90832852,27.1228211
775,25,0.19125,26.86226225,24.57484174,26.6251499
775,26,0.19875,26.37018185,24.24678812,26.1399224
775,27,0.20625,25.88559076,23.9237274,25.66554426
775,28,0.21375,25.40784599,23.60523082,25.20054868
775,29,0.22125,24.93632382,23.29088274,24.74361941
775,30,0.22875,24.47041886,22.98027938,24.29359446
775,31,0.23625,24.00954571,22.67303063,23.84946018
775,32,0.24375,23.5531374,22.36875838,23.41033434
775,33,0.25125,23.10064552,22.06709712,22.97544709
775,34,0.25875,22.65153872,21.76769257,22.54411934
775,35,0.26625,22.20530165,21.47020118,22.11574341
775,36,0.27375,21.76143302,21.17428874,21.68976548
775,37,0.28125,21.31944387,20.87962929,21.26567167
775,38,0.28875,20.87885525,20.58590353,20.8429765
775,39,0.29625,20.21959797,20.14639865,20.21056927
780,0,0.00375,43.69736075,35.79823808,42.54931729
780,1,0.01125,42.80850856,35.20566997,41.9583045
780,2,0.01875,41.93956527,34.62637449,41.35038507
780,3,0.02625,41.09194838,34.06129665,40.72966049
780,4,0.03375,40.26477607,33.50984857,40.09554378
780,5,0.04125,39.45814518,32.97209479,39.44731267
780,6,0.04875,38.67171579,32.44780871,38.78474344
780,7,0.05625,37.90517135,31.9367793,38.10866339
780,8,0.06375,37.1581506,31.43876572,37.42084568
780,9,0.07125,36.43023534,30.95348916,36.72386002
780,10,0.07875,35.72096238,30.48064086,36.02089791
780,11,0.08625,35.02982743,30.01988462,35.31556427
780,12,0.09375,34.35628786,29.57085865,34.61165353
780,13,0.10125,33.69976646,29.13317803,33.9129283
780,14,0.10875,33.05965583,28.70643772,33.22291853
780,15,0.11625,32.435323,28.29021578,32.54475542
780,16,0.12375,31.82611369,27.88407618,31.88104924
780,17,0.13125,31.23135589,27.48757103,31.23381475
780,18,0.13875,30.65036359,27.10024284,30.60444349
780,19,0.14625,30.08244153,26.72162806,29.9937189
780,20,0.15375,29.5268896,26.35126007,29.4018644
780,21,0.16125,28.98300551,25.98867071,28.82861409
780,22,0.16875,28.45008814,25.63339241,28.27329873
780,23,0.17625,27.92744176,25.28496145,27.73493886
780,24,0.18375,27.41437805,24.942919,27.21233464
780,25,0.19125,26.91021822,24.60681239,26.70414924
780,26,0.19875,26.41429636,24.2761978,26.20898291
780,27,0.20625,25.92596007,23.95064027,25.72543199
780,28,0.21375,25.44457197,23.62971481,25.2521351
780,29,0.22125,24.96951155,23.31300789,24.78780657
780,30,0.22875,24.50017431,23.00011634,24.33125522
780,31,0.23625,24.03597342,22.69064909,23.8813954
780,32,0.24375,23.57633832,22.38422566,23.43724677
780,33,0.25125,23.12071499,22.08047677,22.99792986
780,34,0.25875,22.66856457,21.77904314,22.56265593
780,35,0.26625,22.21936249,21.47957507,22.13071517
780,36,0.27375,21.77259673,21.18173121,21.70146315
780,37,0.28125,21.32776635,20.88517761,21.2743076
780,38,0.28875,20.88437935,20.58958626,20.84869532
780,39,0.29625,20.22097533,20.1473169,20.21205787
785,0,0.00375,43.81982212,35.87987899,42.71076258
785,1,0.01125,42.92952928,35.28635045,42.1153685
785,2,0.01875,42.060682,34.70711898,41.51400327
785,3,0.02625,41.21189999,34.14126439,40.89835074
785,4,0.03375,40.38366244,33.58910614,40.26620667
785,5,0.04125,39.57550948,33.05033765,39.61681142
785,6,0.04875,38.78726085,32.52483875,38.95048714
785,7,0.05625,38.01861136,32.01240597,38.26837337
785,8,0.06375,37.26920303,31.51280067,37.57253716
785,9,0.07125,36.53863814,31.0257577,36.86592171
785,10,0.07875,35.82647461,30.55098235,36.1521767
785,11,0.08625,35.13222889,30.08815226,35.43542439
785,12,0.09375,34.45538048,29.63692039,34.71999413
785,13,0.10125,33.79537528,29.19691723,34.0101544
785,14,0.10875,33.15162955,28.76775353,33.30986919
785,15,0.11625,32.52353421,28.34902324,32.62259839
785,16,0.12375,31.91045873,27.94030621,31.95115461
785,17,0.13125,31.3117546,27.54117016,31.29762198
785,18,0.13875,30.72675861,27.15117286,30.66333635
785,19,0.14625,30.15479742,26.76986532,30.04892063
785,20,0.15375,29.59519169,26.3967948,29.45436245
785,21,0.16125,29.04725856,26.03150607,28.87911888
785,22,0.16875,28.51031472,25.67354346,28.3222367
785,23,0.17625,27.98368051,25.32245394,27.78247538
785,24,0.18375,27.46668177,24.97778814,27.25841944
785,25,0.19125,26.95865187,24.63910149,26.74857516
785,26,0.19875,26.45893489,24.30595681,26.25144869
785,27,0.20625,25.96688629,23.97792442,25.76560074
785,28,0.21375,25.48187431,23.65458304,25.28968256
785,29,0.22125,25.00328189,23.33552145,24.82245576
785,30,0.22875,24.53050578,23.02033733,24.36279636
785,31,0.23625,24.06295832,22.70863902,23.90969268
785,32,0.24375,23.60006608,22.40004417,23.46223427
785,33,0.25125,23.14127033,22.09418033,23.01960015
785,34,0.25875,22.68602568,21.79068388,22.58104433
785,35,0.26625,22.2337995,21.48919975,22.14588273
785,36,0.27375,21.78407031,21.18938027,21.71348023
785,37,0.28125,21.33632648,20.89088437,21.28323959
785,38,0.28875,20.8900644,20.5933763,20.85459097
785,39,0.29625,20.22239332,20.14826222,20.2134262
790,0,0.00375,43.93865099,35.95909823,42.86286328
790,1,0.01125,43.04931268,35.36620605,42.27044726
790,2,0.01875,42.17946312,34.78630639,41.6642096
790,3,0.02625,41.33013463,34.22008748,41.04491443
790,4,0.03375,40.50066579,33.66710838,40.40959906
790,5,0.04125,39.69109464,33.12739443,39.75640428
790,6,0.04875,38.90111705,32.60074288,39.08485309
790,7,0.05625,38.13044729,32.08696326,38.39594309
790,8,0.06375,37.37875309,31.58583404,37.69188509
790,9,0.07125,36.64565097,31.09709958,36.97589685
790,10,0.07875,35.93071617,30.62047673,36.25198168
790,11,0.08625,35.23348518,30.15565645,35.52466323
790,12,0.09375,34.55345824,29.70230556,34.79869188
790,13,0.10125,33.89010266,29.26006882,34.07874746
790,14,0.10875,33.24285666,28.8285716,33.36916505
790,15,0.11625,32.61113333,28.40742266,32.67370716
790,16,0.12375,31.99432436,27.99621662,31.99539839
790,17,0.13125,31.39180306,27.59453581,31.33643085
790,18,0.13875,30.80292759,27.20195217,30.69814134
790,19,0.14625,30.2270451,26.81803044,30.08105423
790,20,0.15375,29.66349578,26.44233086,29.48497578
790,21,0.16125,29.11161498,26.07441035,28.90912252
790,22,0.16875,28.57073622,25.71382446,28.35226862
790,23,0.17625,28.04019506,25.36013031,27.81289633
790,24,0.18375,27.51933082,25.01288751,27.28933275
790,25,0.19125,27.00748847,24.67165922,26.77986554
790,26,0.19875,26.50402178,24.33601474,26.28283326
790,27,0.20625,26.00829388,24.00552948,25.79668501
790,28,0.21375,25.51967866,23.67978593,25.32001483
790,29,0.22125,25.03756267,23.3583753,24.8515747
790,30,0.22875,24.56134427,23.04089632,24.39026837
790,31,0.23625,24.0904355,22.72695714,23.93513741
790,32,0.24375,23.62426072,22.41617393,23.48533853
790,33,0.25125,23.16225727,22.10817162,23.04012148
790,34,0.25875,22.70387421,21.8025829,22.59880677
790,35,0.26625,22.24857188,21.499048,22.16076729
790,36,0.27375,21.79582047,21.1972137,21.72541288
790,37,0.28125,21.34509894,20.89673268,21.2921794
790,38,0.28875,20.89589335,20.59726227,20.86052103
790,39,0.29625,20.22384763,20.14923176,20.21486584
795,0,0.00375,44.05710914,36.03807033,42.96863159
795,1,0.01125,43.16662448,35.44441391,42.36850719
795,2,0.01875,42.29673606,34.86448835,41.75976023
795,3,0.02625,41.44640475,34.29760089,41.13621726
795,4,0.03375,40.6159449,33.74396111,40.49632411
795,5,0.04125,39.80498065,33.20331843,39.83913364
795,6,0.04875,39.01334008,32.67555824,39.16455479
795,7,0.05625,38.24074057,32.16049211,38.4734701
795,8,0.06375,37.48685506,31.65790202,37.76787947
795,9,0.07125,36.75131816,31.16754438,37.05080093
795,10,0.07875,36.03372278,30.6891478,36.32605546
795,11,0.08625,35.33362322,30.22241515,35.59799943
795,12,0.09375,34.65053884,29.76702596,34.87123339
795,13,0.10125,33.98395691,29.32263832,34.15031147
795,14,0.10875,33.3333361,28.88889122,33.43947532
795,15,0.11625,32.69811017,28.46540722,32.742432
795,16,0.12375,32.07769148,28.0517947,32.06219016
795,17,0.13125,31.47147377,27.64764961,31.40096229
795,18,0.13875,30.87883512,27.2525572,30.76013455
795,19,0.14625,30.29914193,26.86609499,30.14029958
795,20,0.15375,29.73175266,26.48783544,29.54133973
795,21,0.16125,29.17601984,26.11734693,28.96254475
795,22,0.16875,28.63129288,25.75419556,28.40275064
795,23,0.17625,28.09692172,25.39794809,27.86048432
795,24,0.18375,27.57225853,25.04817264,27.33409792
795,25,0.19125,27.05665939,24.70443983,26.82188522
795,26,0.19875,26.54948741,24.36632516,26.32217515
795,27,0.20625,26.05011324,24.03340905,25.83339625
795,28,0.21375,25.5579164,23.70527776,25.35411645
795,29,0.22125,25.07228722,23.381525,24.88306109
795,30,0.22875,24.59262599,23.0617508,24.41911086
795,31,0.23625,24.11834488,22.7455634,23.96129042
795,32,0.24375,23.64886669,22.4325779,23.50874685
795,33,0.25125,23.18362552,22.12241712,23.06072747
795,34,0.25875,22.72206578,21.8147106,22.61655644
795,35,0.26625,22.26364172,21.50909456,22.17561495
795,36,0.27375,21.80781629,21.20521092,21.73732424
795,37,0.28125,21.35406019,20.90270684,21.30113327
795,38,0.28875,20.90185033,20.60123359,20.8665091
795,39,0.29625,20.22533428,20.15022286,20.21640019
800,0,0.00375,44.17240917,36.11493701,43.0604763
800,1,0.01125,43.28265398,35.52176691,42.46599668
800,2,0.01875,42.41195596,34.94130161,41.85621301
800,3,0.02625,41.56107024,34.37404455,41.23207388
800,4,0.03375,40.72949744,33.81966281,40.59149244
800,5,0.04125,39.91723213,33.27815275,39.93348729
800,6,0.04875,39.12400185,32.74933275,39.25813771
800,7,0.05625,38.34954589,32.23302899,38.56659822
800,8,0.06375,37.59355701,31.72903665,37.86097291
800,9,0.07125,36.85568181,31.23712014,37.14422819
800,10,0.07875,36.13552847,30.75701825,36.42004302
800,11,0.08625,35.43266856,30.28844537,35.69258799
800,12,0.09375,34.7466393,29.83109294,34.96626465
800,13,0.10125,34.07694648,29.38463136,34.24543641
800,14,0.10875,33.42306775,28.94871233,33.53417907
800,15,0.11625,32.78445617,28.52297122,32.83607224
800,16,0.12375,32.16054337,28.10702929,32.15404551
800,17,0.13125,31.55074219,27.70049522,31.490286
800,18,0.13875,30.95444936,27.30296668,30.84620827
800,19,0.14625,30.37104929,26.91403323,30.22248164
800,20,0.15375,29.79991764,26.53327877,29.61910322
800,21,0.16125,29.24042311,26.16028244,29.03550228
800,22,0.16875,28.6919301,25.79462037,28.47066414
800,23,0.17625,28.1538022,25.4358684,27.9232605
800,24,0.18375,27.62540378,25.08360281,27.39177172
800,25,0.19125,27.1061016,24.7374013,26.87459452
800,26,0.19875,26.59526778,24.3968454,26.37013088
800,27,0.20625,26.0922803,24.06152042,25.87685184
800,28,0.21375,25.59652431,23.73101637,25.39333992
800,29,0.22125,25.10739406,23.40492955,24.91831232
800,30,0.22875,24.62429203,23.08286148,24.45062515
800,31,0.23625,24.14663094,22.76442077,23.98926869
800,32,0.24375,23.67383258,22.44922183,23.53335181
800,33,0.25125,23.20532853,22.13688579,23.08208452
800,34,0.25875,22.74055927,21.8270396,22.63475786
800,35,0.26625,22.27897392,21.51931602,22.19072566
800,36,0.27375,21.82002913,21.21335281,21.74938784
800,37,0.28125,21.36318839,20.90879231,21.31017682
800,38,0.28875,20.90792065,20.60528046,20.87254629
800,39,0.29625,20.22684956,20.15123305,20.21793762
805,0,0.00375,44.28722882,36.19148345,43.15836161
805,1,0.01125,43.39654485,35.59769416,42.55978165
805,2,0.01875,42.52571801,35.01714298,41.95167059
805,3,0.02625,41.67395726,34.44930256,41.32858766
805,4,0.03375,40.84145871,33.89430365,40.68922031
805,5,0.04125,40.02791218,33.35193945,40.03281556
805,6,0.04875,39.23315233,32.82209973,39.35949735
805,7,0.05625,38.45691709,32.30460979,38.67033635
805,8,0.06375,37.6989058,31.79926918,37.96737805
805,9,0.07125,36.95878071,31.30585274,37.25350792
805,10,0.07875,36.23616497,30.82410925,36.532261
805,11,0.08625,35.53064551,30.35376333,35.80760241
805,12,0.09375,34.84177613,29.89451749,35.0836893
805,13,0.10125,34.16907993,29.44605366,34.36463141
805,14,0.10875,33.51205228,29.00803534,33.65427104
805,15,0.11625,32.87016422,28.58010991,32.95599958
805,16,0.12375,32.24286538,28.16191063,32.27262257
805,17,0.13125,31.62958645,27.75305806,31.60627859
805,18,0.13875,31.02974164,27.35316154,30.95841224
805,19,0.14625,30.44273229,26.96182189,30.3297965
805,20,0.15375,29.86795016,26.57863378,29.72059364
805,21,0.16125,29.30477924,26.20318652,29.13044213
805,22,0.16875,28.75259805,25.83506567,28.55856007
805,23,0.17625,28.21078317,25.47385571,28.00385479
805,24,0.18375,27.67871059,25.11914068,27.46502627
805,25,0.19125,27.15575727,24.77050508,26.94066001
805,26,0.19875,26.64130406,24.42753625,26.42930617
805,27,0.20625,26.13473611,24.08982429,25.92953894
805,28,0.21375,25.63544417,23.75696294,25.43999971
805,29,0.22125,25.14282649,23.42855117,24.95942481
805,30,0.22875,24.65628801,23.10419214,24.48665713
805,31,0.23625,24.17524241,22.78349508,24.02065006
805,32,0.24375,23.69911093,22.46607407,23.56046056
805,33,0.25125,23.22732326,22.15154894,23.10523954
805,34,0.25875,22.75931668,21.83954454,22.65421795
805,35,0.26625,22.29453598,21.52969073,22.20669303
805,36,0.27375,21.83243246,21.2216217,21.7620144
805,37,0.28125,21.37246336,20.91497562,21.31957215
805,38,0.28875,20.91409066,20.60939381,20.87878643
805,39,0.29625,20.22839005,20.15226004,20.21952869
810,0,0.00375,44.39926428,36.26617375,43.21654877
810,1,0.01125,43.50914543,35.67276121,42.61871465
810,2,0.01875,42.63765262,35.09176605,42.00816579
810,3,0.02625,41.78534058,34.52355811,41.38534946
810,4,0.03375,40.95182902,33.96788386,40.74831174
810,5,0.04125,40.13708116,33.42471876,40.09622893
810,6,0.04875,39.34085195,32.89389948,39.42919487
810,7,0.05625,38.56290128,32.37526591,38.74818264
810,8,0.06375,37.80294372,31.86862779,38.05494109
810,9,0.07125,37.0606519,31.37376686,37.35190838
810,10,0.07875,36.3356624,30.89044087,36.64207041
810,11,0.08625,35.62757707,30.41838438,35.92877678
810,12,0.09375,34.93596518,29.95731019,35.21554295
810,13,0.10125,34.26036585,29.50691095,34.50585842
810,14,0.10875,33.60029101,29.06686116,33.80301627
810,15,0.11625,32.95522845,28.6368194,33.10997454
810,16,0.12375,32.32464468,28.21643017,32.42925468
810,17,0.13125,31.70798708,27.80532515,31.7628788
810,18,0.13875,31.10468623,27.4031246,31.11234407
810,19,0.14625,30.51415933,27.00943992,30.47863048
810,20,0.15375,29.93581338,26.62387592,29.86223371
810,21,0.16125,29.36904671,26.2460315,29.26321474
810,22,0.16875,28.81325125,25.87550114,28.68126168
810,23,0.17625,28.26781588,25.51187752,28.11575812
810,24,0.18375,27.73212767,25.15475206,27.56585042
810,25,0.19125,27.20557338,24.80371581,27.03051224
810,26,0.19875,26.68754227,24.45836173,26.50860526
810,27,0.20625,26.17742651,24.11828456,25.99893021
810,28,0.21375,25.6746224,23.78308176,25.50027073
810,29,0.22125,25.17853231,23.45235505,25.01142912
810,30,0.22875,24.68856388,23.12570938,24.53125086
810,31,0.23625,24.20413202,22.80275482,24.05864368
810,32,0.24375,23.72465793,22.4831054,23.59258627
810,33,0.25125,23.24956996,22.16638008,23.13213275
810,34,0.25875,22.77830288,21.85220201,22.67641049
810,35,0.26625,22.31029789,21.54019867,22.2246151
810,36,0.27375,21.84500176,21.23000123,21.77600226
810,37,0.28125,21.3818664,20.92124431,21.32987839
810,38,0.28875,20.92034778,20.61356522,20.88558994
810,39,0.29625,20.22995258,20.15330172,20.22128035
815,0,0.00375,44.51075232,36.34049912,43.33042482
815,1,0.01125,43.6198677,35.74657605,42.7334724
815,2,0.01875,42.74818723,35.16545579,42.12436676
815,3,0.02625,41.89510142,34.596732,41.49886252
815,4,0.03375,41.06072204,34.0404792,40.85584027
815,5,0.04125,40.24478999,33.49652465,40.19452107
815,6,0.04875,39.44714566,32.96476195,39.51499614
815,7,0.05625,38.66754551,32.44502873,38.81837469
815,8,0.06375,37.90571142,31.93713959,38.1068219
815,9,0.07125,37.16132947,31.44088525,37.38344613
815,10,0.07875,36.43404899,30.95603193,36.65211767
815,11,0.08625,35.7234852,30.48232313,35.91723282
815,12,0.09375,35.02922177,30.01948124,35.18343827
815,13,0.10125,34.35081286,29.56720895,34.45534126
815,14,0.10875,33.68778583,29.12519104,33.73723405
815,15,0.11625,33.03964418,28.69309655,33.03285811
815,16,0.12375,32.40587014,28.27058047,32.34522698
815,17,0.13125,31.78592676,27.85728493,31.6765194
815,18,0.13875,31.17925997,27.45284043,31.02804721
815,19,0.14625,30.58530192,27.05686831,30.40029404
815,20,0.15375,30.00347389,26.66898293,29.79301178
815,21,0.16125,29.43318779,26.28879222,29.20535658
815,22,0.16875,28.87384824,25.91589913,28.63604733
815,23,0.17625,28.32485579,25.54990412,28.08352814
815,24,0.18375,27.78560809,25.19040568,27.54611511
815,25,0.19125,27.25550131,24.8370011,27.02211817
815,26,0.19875,26.73393285,24.48928878,26.50993224
815,27,0.20625,26.22030172,24.14686803,26.00809284
815,28,0.21375,25.71400975,23.80933999,25.51530227
815,29,0.22125,25.2144635,23.47630918,25.03043215
815,30,0.22875,24.72107347,23.14738245,24.55250632
815,31,0.23625,24.23325619,22.82217094,24.08067705
815,32,0.24375,23.75043319,22.5002889,23.61419486
815,33,0.25125,23.27203198,22.18135476,23.15238177
815,34,0.25875,22.79748547,21.86499039,22.694607
815,35,0.26625,22.32623192,21.55082136,22.24026879
815,36,0.27375,21.85771439,21.23847632,21.78878054
815,37,0.28125,21.39138024,20.92758688,21.33956151
815,38,0.28875,20.92668037,20.61778695,20.89203013
815,39,0.29625,20.23153421,20.15435615,20.22263116
820,0,0.00375,44.61975563,36.41316798,43.50885331
820,1,0.01125,43.72931466,35.8195407,42.92156692
820,2,0.01875,42.85707626,35.23804848,42.31988037
820,3,0.02625,42.00344944,34.66896401,41.70212775
820,4,0.03375,41.16814157,34.11209222,41.06556269
820,5,0.04125,40.35109375,33.56739382,40.4090272
820,6,0.04875,39.55208446,33.03472115,39.73259086
820,7,0.05625,38.77089071,32.51392553,39.03749691
820,8,0.06375,38.00724616,32.00482942,38.32606829
820,9,0.07125,37.26084603,31.50722961,37.60158024
820,10,0.07875,36.53135147,31.02090025,36.86804887
820,11,0.08625,35.81839063,30.54559341,36.12996222
820,12,0.09375,35.12156059,30.08104046,35.39198938
820,13,0.10125,34.44042949,29.62695337,34.65869632
820,14,0.10875,33.77453912,29.18302657,33.93429402
820,15,0.11625,33.12340765,28.74893887,33.22243793
820,16,0.12375,32.48653208,28.3243551,32.52609004
820,17,0.13125,31.86339011,27.90892717,31.84744661
820,18,0.13875,31.25344213,27.5022952,31.18792838
820,19,0.14625,30.65613429,27.10408989,30.54822487
820,20,0.15375,30.0709014,26.7139346,29.92837831
820,21,0.16125,29.49716815,26.33144579,29.32789184
820,22,0.16875,28.9343512,25.95623444,28.74585082
820,23,0.17625,28.38186221,25.5879084,28.18104553
820,24,0.18375,27.83910894,25.22607291,27.6320833
820,25,0.19125,27.30549656,24.87033127,27.09748566
820,26,0.19875,26.78043037,24.52028713,26.57576798
820,27,0.20625,26.26331607,24.17554426,26.06549675
820,28,0.21375,25.75356097,23.83570747,25.56532814
820,29,0.22125,25.25057589,23.5003841,25.0740301
820,30,0.22875,24.75377438,23.16918305,24.59048755
820,31,0.23625,24.26257482,22.84171668,24.11369976
820,32,0.24375,23.77639949,22.51759977,23.6427677
820,33,0.25125,23.29467555,22.19645047,23.17687937
820,34,0.25875,22.81683455,21.87788978,22.7152925
820,35,0.26625,22.34231253,21.56154176,22.2573189
820,36,0.27375,21.87054945,21.24703302,21.80231068
820,37,0.28125,21.40098898,20.9339927,21.34965067
820,38,0.28875,20.93307769,20.62205182,20.89874738
820,39,0.29625,20.23313225,20.15542151,20.22452225
825,0,0.00375,44.72817228,36.48544576,43.62573727
825,1,0.01125,43.83708948,35.89139057,43.02253921
825,2,0.01875,42.96462603,35.30974832,42.41178872
825,3,0.02625,42.1103063,34.74020192,41.78735578
825,4,0.03375,41.2741823,34.18278604,41.14645399
825,5,0.04125,40.45603454,33.63735435,40.48728888
825,6,0.04875,39.65570875,33.10380401,39.80941409
825,7,0.05625,38.87297796,32.5819837,39.11368489
825,8,0.06375,38.10758336,32.07172088,38.4021433
825,9,0.07125,37.35923168,31.57282005,37.67782258
825,10,0.07875,36.62759502,31.08506261,36.94451961
825,11,0.08625,35.91231318,30.60820845,36.20653542
825,12,0.09375,35.21299583,30.14199728,35.46839629
825,13,0.10125,34.52922424,29.68614987,34.73457712
825,14,0.10875,33.86055368,29.2403696,34.00925042
825,15,0.11625,33.20651605,28.80434446,33.29607955
825,16,0.12375,32.56662218,28.37774849,32.59806859
825,17,0.13125,31.94036355,27.96024279,31.91747485
825,18,0.13875,31.32721411,27.55147652,31.25578399
825,19,0.14625,30.72663324,27.15108919,30.61374229
825,20,0.15375,30.13806845,26.75871263,29.99143345
825,21,0.16125,29.5609566,26.37397142,29.38838486
825,22,0.16875,28.99472571,25.99648411,28.80369136
825,23,0.17625,28.43879802,25.62586561,28.23614311
825,24,0.18375,27.89259096,25.26172759,27.68434365
825,25,0.19125,27.35551838,24.90367914,27.14681199
825,26,0.19875,26.8269932,24.55132901,26.62206557
825,27,0.20625,26.30642766,24.20428532,26.10867846
825,28,0.21375,25.79323452,23.8621565,25.6053192
825,29,0.22125,25.28682891,23.52455279,25.11077094
825,30,0.22875,24.78662758,23.19108518,24.6239344
825,31,0.23625,24.29205103,22.86136749,24.1438234
825,32,0.24375,23.8025226,22.53501518,23.66955093
825,33,0.25125,23.31746956,22.21164648,23.20031444
825,34,0.25875,22.83632262,21.89088183,22.73537888
825,35,0.26625,22.35851614,21.57234417,22.27406201
825,36,0.27375,21.88348771,21.25565853,21.81572075
825,37,0.28125,21.41067793,20.940452,21.35973965
825,38,0.28875,20.93952984,20.62635326,20.90551822
825,39,0.29625,20.2347442,20.15649614,20.22617216
830,0,0.00375,44.83434777,36.55622941,43.70828971
830,1,0.01125,43.94361758,35.96240931,43.11396502
830,2,0.01875,43.07067826,35.3804498,42.50156607
830,3,0.02625,42.21583221,34.81055252,41.87242769
830,4,0.03375,41.37885137,34.25256541,41.22520943
830,5,0.04125,40.55966179,33.70643918,40.55909894
830,6,0.04875,39.75806188,33.17203942,39.87404057
830,7,0.05625,38.97384311,32.64922712,39.17100301
830,8,0.06375,38.20675593,32.13783593,38.45204367
830,9,0.07125,37.45651519,31.63767572,37.72023968
830,10,0.07875,36.72280341,31.14853487,36.97949944
830,11,0.08625,36.00527161,30.67018073,36.23430176
830,12,0.09375,35.30354114,30.20236082,35.48940025
830,13,0.10125,34.61720552,29.74480405,34.74952127
830,14,0.10875,33.94583265,29.29722225,34.0190826
830,15,0.11625,33.28896731,28.85931196,33.30195565
830,16,0.12375,32.64613331,28.43075591,32.60128787
830,17,0.13125,32.01683507,28.0112238,31.91939521
830,18,0.13875,31.40055931,27.60037331,31.25772748
830,19,0.14625,30.79677784,27.19785225,30.61690215
830,20,0.15375,30.20495024,26.80330049,29.99679384
830,21,0.16125,29.6245248,26.41635023,29.39666211
830,22,0.16875,29.0549404,26.03662723,28.81530233
830,23,0.17625,28.49562935,25.66375316,28.25120232
830,24,0.18375,27.94601831,25.29734582,27.70268687
830,25,0.19125,27.4055295,24.93701989,27.16804091
830,26,0.19875,26.87358322,24.58238902,26.64560596
830,27,0.20625,26.34959811,24.23306562,26.1338438
830,28,0.21375,25.83299232,23.8886617,25.63137227
830,29,0.22125,25.32318532,23.54879039,25.13697743
830,30,0.22875,24.81959724,23.21306495,24.64960486
830,31,0.23625,24.3216509,22.88110073,24.16834189
830,32,0.24375,23.82877104,22.55251413,23.69239082
830,33,0.25125,23.34038541,22.22692371,23.22104282
830,34,0.25875,22.85592434,21.90394964,22.75365211
830,35,0.26625,22.3748211,21.58321414,22.28961464
830,36,0.27375,21.89651144,21.26434101,21.82835036
830,37,0.28125,21.42043358,20.94695576,21.36929065
830,38,0.28875,20.9460277,20.63068516,20.91187118
830,39,0.29625,20.23636777,20.15757852,20.22766224
835,0,0.00375,44.93991526,36.62660774,43.81503879
835,1,0.01125,44.0486389,36.03242352,43.21601265
835,2,0.01875,43.17545187,35.45029888,42.60584662
835,3,0.02625,42.31997804,34.87998307,41.97851797
835,4,0.03375,41.48222734,34.32148273,41.33212261
835,5,0.04125,40.66201107,33.77467203,40.66584524
835,6,0.04875,39.85918006,33.23945155,39.97996481
835,7,0.05625,39.07352205,32.71567975,39.27578473
835,8,0.06375,38.30479488,32.20319523,38.55559906
835,9,0.07125,37.55272326,31.70181443,37.82259442
835,10,0.07875,36.81699915,31.21133203,37.08068799
835,11,0.08625,36.09728383,30.73152221,36.33430017
835,12,0.09375,35.39320966,30.26213983,35.5880852
835,13,0.10125,34.70438163,29.80292146,34.84665062
835,14,0.10875,34.03037948,29.35358681,34.1142957
835,15,0.11625,33.37076009,28.91384048,33.39479167
835,16,0.12375,32.72505944,28.48337333,32.69121958
835,17,0.13125,32.09279413,28.06186317,32.00587349
835,18,0.13875,31.47346289,27.6489757,31.34023033
835,19,0.14625,30.86654931,27.24436656,30.6949813
835,20,0.15375,30.27152431,26.8476832,30.07011218
835,21,0.16125,29.68784709,26.45856508,29.46501713
835,22,0.16875,29.11496679,26.07664483,28.87863284
835,23,0.17625,28.55232535,25.70155049,28.30957887
835,24,0.18375,27.9993583,25.33290581,27.7562885
835,25,0.19125,27.45549586,24.9703308,27.21712292
835,26,0.19875,26.92016554,24.6134439,26.69046413
835,27,0.20625,26.39279223,24.2618617,26.17478017
835,28,0.21375,25.87279941,23.91519976,25.66866666
835,29,0.22125,25.35961097,23.57307416,25.17086716
835,30,0.22875,24.85265046,23.23510044,24.68027346
835,31,0.23625,24.3513433,22.90089567,24.19591619
835,32,0.24375,23.85511589,22.57007736,23.71694466
835,33,0.25125,23.3633968,22.24226463,23.24260525
835,34,0.25875,22.87561645,21.91707771,22.77221825
835,35,0.26625,22.39120746,21.59413838,22.30515787
835,36,0.27375,21.90960433,21.27306961,21.84083587
835,37,0.28125,21.43024349,20.95349571,21.37869064
835,38,0.28875,20.95256287,20.63504195,20.91818007
835,39,0.29625,20.23800084,20.15866723,20.22933681
840,0,0.00375,45.04344255,36.69562593,43.94803029
840,1,0.01125,44.1524496,36.10163065,43.35641969
840,2,0.01875,43.27884967,35.51923074,42.74784993
840,3,0.02625,42.42286662,34.94857547,42.12226252
840,4,0.03375,41.58432009,34.38954456,41.47736222
840,5,0.04125,40.76312628,33.84208217,40.8119163
840,6,0.04875,39.95910041,33.30606511,40.12588238
840,7,0.05625,39.17204636,32.78136263,39.4204637
840,8,0.06375,38.40172935,32.2678182,38.69801256
840,9,0.07125,37.64788135,31.76525316,37.96186564
840,10,0.07875,36.9102035,31.27346827,37.21611707
840,11,0.08625,36.18836686,30.79224423,36.46535193
840,12,0.09375,35.48201404,30.32134275,35.71436031
840,13,0.10125,34.79076077,29.86050755,34.96785281
840,14,0.10875,34.11419791,29.40946576,34.23020141
840,15,0.11625,33.45189368,28.96792954,33.505226
840,16,0.12375,32.80339553,28.53559739,32.79604038
840,17,0.13125,32.16823151,28.11215476,32.10496431
840,18,0.13875,31.54591169,27.6972749,31.43350125
840,19,0.14625,30.93593076,27.29062086,30.78237549
840,20,0.15375,30.33777042,26.89184727,30.15161535
840,21,0.16125,29.75090018,26.50060047,29.54066667
840,22,0.16875,29.17477898,26.11651962,28.94852393
840,23,0.17625,28.60885794,25.73923888,28.37386551
840,24,0.18375,28.05258107,25.36838766,27.81517875
840,25,0.19125,27.50538638,25.00359114,27.27086862
840,26,0.19875,26.96670829,24.6444724,26.73934641
840,27,0.20625,26.43597786,24.29065212,26.21909268
840,28,0.21375,25.91262384,23.94174938,25.70869865
840,29,0.22125,25.39607454,23.5973832,25.20688845
840,30,0.22875,24.88575711,23.25717153,24.71252278
840,31,0.23625,24.38109967,22.92073325,24.22459377
840,32,0.24375,23.88153058,22.58768716,23.74220941
840,33,0.25125,23.38647958,22.25765315,23.26457622
840,34,0.25875,22.89537755,21.93025178,22.79097953
840,35,0.26625,22.40765691,21.60510468,22.32076556
840,36,0.27375,21.92275141,21.28183433,21.85332474
840,37,0.28125,21.44009623,20.9600642,21.38807707
840,38,0.28875,20.95912766,20.63941847,20.9244582
840,39,0.29625,20.23964147,20.15976098,20.23091224
845,0,0.00375,45.14635189,36.76423215,43.99471187
845,1,0.01125,44.25488777,36.16992276,43.38724634
845,2,0.01875,43.38102752,35.58734931,42.77035876
845,3,0.02625,42.52446964,35.0163108,42.13828538
845,4,0.03375,41.68519474,34.45679433,41.48911295
845,5,0.04125,40.86303804,33.90869001,40.82183613
845,6,0.04875,40.05785538,33.37190176,40.13645156
845,7,0.05625,39.26944749,32.84629671,39.43396744
845,8,0.06375,38.49758663,32.33172306,38.7163816
845,9,0.07125,37.74201321,31.82800773,37.98656919
845,10,0.07875,37.00243664,31.33495703,37.24810629
845,11,0.08625,36.27853698,30.85235764,36.50504471
845,12,0.09375,35.5699665,30.37997772,35.76166265
845,13,0.10125,34.87635104,29.91756773,35.02221445
845,14,0.10875,34.19729189,29.46486174,34.29070019
845,15,0.11625,33.53236793,29.02157904,33.57067126
845,16,0.12375,32.88113741,28.58742531,32.86508375
845,17,0.13125,32.24313918,28.1620932,32.17620606
845,18,0.13875,31.61789401,27.74526311,31.50558277
845,19,0.14625,31.0049071,27.33660509,30.85405188
845,20,0.15375,30.40367033,26.93578055,30.22180515
845,21,0.16125,29.81366303,26.54244237,29.60847932
845,22,0.16875,29.23435349,26.15623595,29.01326748
845,23,0.17625,28.66520157,25.7768013,28.43503871
845,24,0.18375,28.10565948,25.40377326,27.87245185
845,25,0.19125,27.55517266,25.036782,27.32405737
845,26,0.19875,27.01318235,24.6754551,26.78838296
845,27,0.20625,26.47912557,24.31941725,26.2639963
845,28,0.21375,25.95243632,23.96829103,25.74954867
845,29,0.22125,25.43254737,23.62169842,25.24380052
845,30,0.22875,24.91888952,23.2792598,24.7456295
845,31,0.23625,24.41089382,22.94059601,24.25402986
845,32,0.24375,23.90799077,22.60532728,23.76810113
845,33,0.25125,23.4096116,22.2730745,23.28703465
845,34,0.25875,22.915188,21.94345874,22.81009663
845,35,0.26625,22.42415262,21.61610182,22.33661235
845,36,0.27375,21.93593891,21.29062599,21.86595126
845,37,0.28125,21.4499813,20.96665425,21.39751563
845,38,0.28875,20.96571497,20.64381001,20.9307333
845,39,0.29625,20.24128787,20.16085859,20.23248175
850,0,0.00375,45.24738906,36.83159026,44.11865402
850,1,0.01125,44.35615492,36.2374342,43.5325738
850,2,0.01875,43.48193062,35.65461804,42.92498087
850,3,0.02625,42.62488173,35.0832522,42.29804553
850,4,0.03375,41.78486316,34.52323994,41.65072404
850,5,0.04125,40.96178511,33.97452139,40.9824484
850,6,0.04875,40.15547699,33.43698283,40.29348767
850,7,0.05625,39.3657534,32.91050065,39.58513838
850,8,0.06375,38.59239258,32.39492702,38.85973708
850,9,0.07125,37.83514151,31.89009326,38.12056876
850,10,0.07875,37.09371766,31.39581103,37.37168178
850,11,0.08625,36.36780965,30.91187276,36.61763754
850,12,0.09375,35.6570788,30.43805259,35.86322462
850,13,0.10125,34.9611604,29.9741073,35.11316706
850,14,0.10875,34.27966556,29.51977752,34.37185629
850,15,0.11625,33.61218321,29.07478923,33.64312973
850,16,0.12375,32.95828175,28.63885487,32.930111
850,17,0.13125,32.31751024,28.21167391,32.23511839
850,18,0.13875,31.68939955,27.79293347,31.55964168
850,19,0.14625,31.07346482,27.38231023,30.9043808
850,20,0.15375,30.46920763,26.97947208,30.26933249
850,21,0.16125,29.87611664,26.58407811,29.65390877
850,22,0.16875,29.29366902,26.19577964,29.05707348
850,23,0.17625,28.72133305,25.81422229,28.47748258
850,24,0.18375,28.15856877,25.43904612,27.91361283
850,25,0.19125,27.60482887,25.06988613,27.36387233
850,26,0.19875,27.05956113,24.70637429,26.82668888
850,27,0.20625,26.52220848,24.34813919,26.30057078
850,28,0.21375,25.9922101,23.99480688,25.78414476
850,29,0.22125,25.46900321,23.64600232,25.27617402
850,30,0.22875,24.9520224,23.30134839,24.77555787
850,31,0.23625,24.44070174,22.96046796,24.28132313
850,32,0.24375,23.93447413,22.62298286,23.79260612
850,33,0.25125,23.43277255,22.28851513,23.30863405
850,34,0.25875,22.9350298,21.95668661,22.82870503
850,35,0.26625,22.44067917,21.62711952,22.35217098
850,36,0.27375,21.94915421,21.29943619,21.87842284
850,37,0.28125,21.45988907,20.97325942,21.40687872
850,38,0.28875,20.9723183,20.64821223,20.9369726
850,39,0.29625,20.24293842,20.16195895,20.23400062
855,0,0.00375,45.3478054,36.89853449,44.18688877
855,1,0.01125,44.45615984,36.30410413,43.57738078
855,2,0.01875,43.58166938,35.72111055,42.96197478
855,3,0.02625,42.72408911,35.14939045,42.33198179
855,4,0.03375,41.88337944,34.58891746,41.68450874
855,5,0.04125,41.05939426,34.03959415,41.01836301
855,6,0.04875,40.25199429,33.50132769,40.33362218
855,7,0.05625,39.46099172,32.97399286,39.6314287
855,8,0.06375,38.68617137,32.45744621,38.91387414
855,9,0.07125,37.92728746,31.9515239,38.18385911
855,10,0.07875,37.18406472,31.45604241,37.44491891
855,11,0.08625,36.45619973,30.97079947,36.70101392
855,12,0.09375,35.74336232,30.49557493,35.95629987
855,13,0.10125,35.04519671,30.03013151,35.21489684
855,14,0.10875,34.36132326,29.57421598,34.48067667
855,15,0.11625,33.69134033,29.12756064,33.75708454
855,16,0.12375,33.03482594,28.68988433,33.0470058
855,17,0.13125,32.39133875,28.26089291,32.35268358
855,18,0.13875,31.76041922,27.84027991,31.67568774
855,19,0.14625,31.14159193,27.42772831,31.01693146
855,20,0.15375,30.53436763,27.02291208,30.37672538
855,21,0.16125,29.93824387,26.62549626,29.75485771
855,22,0.16875,29.35270632,26.23513784,29.15069159
855,23,0.17625,28.77723134,25.85148781,28.56326956
855,24,0.18375,28.21128648,25.47419126,27.99141343
855,25,0.19125,27.65433144,25.10288784,27.43381487
855,26,0.19875,27.1058204,24.7372138,26.88911361
855,27,0.20625,26.56520206,24.37680158,26.35595696
855,28,0.21375,26.03192073,24.02128063,25.83304387
855,29,0.22125,25.50541811,23.67027891,25.31915395
855,30,0.22875,24.9851326,23.32342186,24.8131608
855,31,0.23625,24.47050149,22.98033446,24.31403751
855,32,0.24375,23.96096024,22.64064026,23.82085141
855,33,0.25125,23.4559438,22.30396263,23.33275601
855,34,0.25875,22.95488645,21.96992438,22.84897844
855,35,0.26625,22.4572224,21.63814834,22.36880702
855,36,0.27375,21.96238573,21.3082572,21.89157828
855,37,0.28125,21.4698107,20.97987384,21.41666611
855,38,0.28875,20.97893167,20.65262115,20.9434742
855,39,0.29625,20.2445916,20.16306107,20.23570593
860,0,0.00375,45.44649181,36.96432543,44.30658051
860,1,0.01125,44.55503432,36.37002045,43.72172082
860,2,0.01875,43.68021814,35.78680972,43.11305268
860,3,0.02625,42.82216525,35.21477454,42.48509776
860,4,0.03375,41.98075675,34.65383566,41.83707128
860,5,0.04125,41.15589957,34.10393103,41.1681542
860,6,0.04875,40.34743512,33.56495491,40.47836037
860,7,0.05625,39.55518733,33.03678994,39.76882883
860,8,0.06375,38.77894601,32.51929597,39.04182849
860,9,0.07125,38.0184713,32.01231312,38.30063197
860,10,0.07875,37.27349503,31.51566261,37.54930132
860,11,0.08625,36.54372134,31.02914721,36.7924198
860,12,0.09375,35.82882803,30.55255208,36.03479743
860,13,0.10125,35.12846772,30.08564551,35.28117671
860,14,0.10875,34.44226945,29.62818011,34.53596466
860,15,0.11625,33.76984053,29.17989411,33.80301197
860,16,0.12375,33.11076803,28.74051239,33.08545346
860,17,0.13125,32.46461971,28.30974689,32.38561669
860,18,0.13875,31.83094512,27.88729718,31.70499916
860,19,0.14625,31.20927776,27.47285219,31.04430791
860,20,0.15375,30.59913714,27.06609175,30.40354788
860,21,0.16125,30.00002929,26.66668654,29.78214234
860,22,0.16875,29.41144801,26.27429896,29.17907143
860,23,0.17625,28.83287736,25.88858516,28.59301377
860,24,0.18375,28.2637922,25.50919507,28.02247571
860,25,0.19125,27.70365898,25.13577287,27.46590115
860,26,0.19875,27.15193811,24.76795894,26.92175819
860,27,0.20625,26.60808395,24.40538951,26.38859754
860,28,0.21375,26.0715459,24.04769741,25.8650876
860,29,0.22125,25.54177014,23.6945136,25.35002977
860,30,0.22875,25.01819897,23.3454661,24.84235592
860,31,0.23625,24.50027297,23.00018211,24.34111826
860,32,0.24375,23.98743037,22.65828702,23.84547079
860,33,0.25125,23.47910834,22.31940565,23.35465071
860,34,0.25875,22.97474284,21.98316197,22.86795916
860,35,0.26625,22.47376938,21.64917965,22.38474503
860,36,0.27375,21.97562286,21.31708196,21.90439111
860,37,0.28125,21.47973809,20.9864921,21.42630346
860,38,0.28875,20.98554964,20.65703312,20.94990068
860,39,0.29625,20.24624604,20.16416403,20.23721305
865,0,0.00375,45.54455877,37.0297034,44.39491082
865,1,0.01125,44.65273816,36.43515635,43.78614351
865,2,0.01875,43.77765455,35.85176733,43.17250219
865,3,0.02625,42.9191063,35.27940191,42.54325199
865,4,0.03375,42.0770402,34.71802463,41.89538423
865,5,0.04125,41.25132478,34.16754783,41.22785495
865,6,0.04875,40.44182548,33.62788182,40.54081627
865,7,0.05625,39.64836463,33.09890813,39.83543245
865,8,0.06375,38.87073802,32.58049065,39.11382251
865,9,0.07125,38.10871207,32.07247363,38.37895519
865,10,0.07875,37.36202502,31.57468261,37.63448098
865,11,0.08625,36.63038807,31.08692503,36.88451119
865,12,0.09375,35.91348656,30.6089911,36.13336949
865,13,0.10125,35.21098104,30.14065439,35.38534144
865,14,0.10875,34.52250874,29.68167297,34.64444534
865,15,0.11625,33.84768541,29.2317907,33.91424234
865,16,0.12375,33.18610668,28.79073815,33.19769714
865,17,0.13125,32.53734896,28.35823305,32.4970943
865,18,0.13875,31.90097036,27.93398067,31.81401018
865,19,0.14625,31.27651291,27.51767562,31.1493355
865,20,0.15375,30.66350445,27.10900329,30.50333755
865,21,0.16125,30.06145908,26.70763973,29.87574916
865,22,0.16875,29.4698784,26.31325256,29.26587468
865,23,0.17625,28.8882539,25.92550285,28.67270198
865,24,0.18375,28.31606744,25.54404523,28.09500799
865,25,0.19125,27.75279204,25.16852824,27.53145296
865,26,0.19875,27.19789418,24.79859631,26.98065996
865,27,0.20625,26.65083379,24.43388939,26.44127395
865,28,0.21375,26.11106527,24.07404366,25.91200365
865,29,0.22125,25.57803933,23.71869306,25.39164757
865,30,0.22875,25.05120218,23.36746824,24.87910374
865,31,0.23625,24.52999785,23.0199987,24.37337176
865,32,0.24375,24.01386745,22.67591173,23.87354453
865,33,0.25125,23.50225057,22.33483381,23.37879773
865,34,0.25875,22.99458516,21.99639018,22.88837574
865,35,0.26625,22.49030823,21.66020556,22.40157837
865,36,0.27375,21.9888559,21.32590399,21.91774783
865,37,0.28125,21.48966382,20.99310926,21.43625824
865,38,0.28875,20.99216719,20.66144482,20.95650899
865,39,0.29625,20.24790048,20.16526699,20.23894528
870,0,0.00375,45.64101752,37.09400924,44.44436334
870,1,0.01125,44.7493516,36.49956531,43.85101615
870,2,0.01875,43.87397268,35.91597941,43.23406363
870,3,0.02625,43.01496983,35.34331093,42.59943323
870,4,0.03375,42.17224367,34.78149361,41.94618741
870,5,0.04125,41.34569982,34.23046452,41.27332115
870,6,0.04875,40.53518981,33.6901247,40.58077
870,7,0.05625,39.74054585,33.16036228,39.86960053
870,8,0.06375,38.96156797,32.64104394,39.14195253
870,9,0.07125,38.19802794,32.13201754,38.40090345
870,10,0.07875,37.44967029,31.63311278,37.65027642
870,11,0.08625,36.7162129,31.14414158,36.89440435
870,12,0.09375,35.9973482,30.66489885,36.13786534
870,13,0.10125,35.29274417,30.19516315,35.3852099
870,14,0.10875,34.60204585,29.73469771,34.64070394
870,15,0.11625,33.92487692,29.2832517,33.90810882
870,16,0.12375,33.26084113,28.84056112,33.19051465
870,17,0.13125,32.60952307,28.40634912,32.4902368
870,18,0.13875,31.97048902,27.98032645,31.80877925
870,19,0.14625,31.3432891,27.56219309,31.14686159
870,20,0.15375,30.72745909,27.15163972,30.50449804
870,21,0.16125,30.12252084,26.74834757,29.88111294
870,22,0.16875,29.52798339,26.35198922,29.2756786
870,23,0.17625,28.94334539,25.96223051,28.68685978
870,24,0.18375,28.36809546,25.57873058,28.1131478
870,25,0.19125,27.80171299,25.20114221,27.55297575
870,26,0.19875,27.24367039,24.82911379,27.00480979
870,27,0.20625,26.69343304,24.4622889,26.46721044
870,28,0.21375,26.15046034,24.10030704,25.9388685
870,29,0.22125,25.61420745,23.74280514,25.4186193
870,30,0.22875,25.08412462,23.38941653,24.90543746
870,31,0.23625,24.55965936,23.03977304,24.39842325
870,32,0.24375,24.04025585,22.693504,23.89678026
870,33,0.25125,23.52535627,22.35023761,23.39979342
870,34,0.25875,23.01440075,22.00960058,22.90680701
870,35,0.26625,22.50682813,21.67121882,22.41720672
870,36,0.27375,22.00207597,21.33471737,21.93040515
870,37,0.28125,21.49958113,20.99972079,21.44583154
870,38,0.28875,20.99877974,20.66585319,20.9629222
870,39,0.29625,20.24955376,20.16636918,20.24044855
875,0,0.00375,45.73686069,37.15790468,44.5568808
875,1,0.01125,44.84487129,36.5632451,43.95775569
875,2,0.01875,43.96922665,35.97948206,43.34898773
875,3,0.02625,43.10975862,35.40650345,42.72111713
875,4,0.03375,42.26640501,34.84426783,42.07260395
875,5,0.04125,41.43904592,34.29269526,41.40318751
875,6,0.04875,40.62755137,33.75169908,40.71336665
875,7,0.05625,39.83175261,33.22116678,40.00448322
875,8,0.06375,39.0514551,32.7009687,39.27879233
875,9,0.07125,38.28643607,32.1909563,38.53939976
875,10,0.07875,37.53644576,31.6909631,37.79009768
875,11,0.08625,36.80120831,31.20080519,37.03513502
875,12,0.09375,36.08042289,30.72028198,36.27895839
875,13,0.10125,35.37376453,30.24917672,35.52595289
875,14,0.10875,34.68088558,29.78725753,34.78020761
875,15,0.11625,34.00141728,29.33427861,34.04532395
875,16,0.12375,33.33497109,28.88998109,33.32427793
875,17,0.13125,32.68113932,28.45409329,32.61934069
875,18,0.13875,32.03949606,28.02633114,31.93205621
875,19,0.14625,31.40959911,27.60639976,31.2632703
875,20,0.15375,30.79099185,27.19399489,30.61319889
875,21,0.16125,30.18320351,26.78880269,29.98152216
875,22,0.16875,29.58575033,26.39050051,29.36749453
875,23,0.17625,28.99813781,25.99875879,28.77005947
875,24,0.18375,28.41986113,25.61324102,28.18795679
875,25,0.19125,27.85040586,25.23360412,27.61981782
875,26,0.19875,27.28925019,24.85950032,27.06424545
875,27,0.20625,26.73586488,24.49057679,26.51987303
875,28,0.21375,26.18971425,24.12647631,25.98540595
875,29,0.22125,25.65025794,23.7668388,25.4596469
875,30,0.22875,25.11695023,23.41130027,24.94150467
875,31,0.23625,24.58924226,23.05949497,24.42999483
875,32,0.24375,24.06658134,22.71105433,23.92423008
875,33,0.25125,23.54841245,22.36560839,23.42340815
875,34,0.25875,23.0341781,22.02278547,22.92679631
875,35,0.26625,22.52331916,21.68221284,22.43371682
875,36,0.27375,22.01527496,21.34351669,21.94353287
875,37,0.28125,21.50948381,21.00632259,21.45563719
875,38,0.28875,21.00538311,20.67025544,20.96944453
875,39,0.29625,20.25120484,20.1674699,20.24218543
880,0,0.00375,45.83120087,37.22079813,44.68157524
880,1,0.01125,44.93933915,36.62622367,44.09029106
880,2,0.01875,44.06342361,36.04228003,43.48081548
880,3,0.02625,43.20351826,35.46900988,42.85550529
880,4,0.03375,42.35953832,34.9063567,42.21144104
880,5,0.04125,41.53138943,34.3542576,41.54694605
880,6,0.04875,40.71893177,33.81261934,40.86185793
880,7,0.05625,39.92200486,33.28133495,40.15729952
880,8,0.06375,39.14041787,32.76027721,39.43545346
880,9,0.07125,38.37395286,32.24930082,38.69936802
880,10,0.07875,37.62236563,31.74824301,37.95274811
880,11,0.08625,36.88538628,31.25692384,37.1997205
880,12,0.09375,36.1627203,30.77514692,36.44458451
880,13,0.10125,35.45404938,30.30269995,35.69156909
880,14,0.10875,34.75903282,29.83935569,34.94461754
880,15,0.11625,34.07730903,29.3848731,34.20721611
880,16,0.12375,33.40849673,28.93899818,33.48227471
880,17,0.13125,32.75219564,28.50146417,32.77206175
880,18,0.13875,32.10798724,28.07199192,32.07818946
880,19,0.14625,31.47543667,27.65029147,31.40164267
880,20,0.15375,30.85409458,27.23606337,30.74283884
880,21,0.16125,30.24349728,26.82899853,30.10170695
880,22,0.16875,29.6431679,26.42877889,29.4777773
880,23,0.17625,29.05261857,26.0350793,28.87027392
880,24,0.18375,28.47135082,25.64756748,28.27820042
880,25,0.19125,27.89885623,25.26590436,27.70041687
880,26,0.19875,27.33461863,24.88974595,27.13570671
880,27,0.20625,26.77811405,24.51874291,26.58282889
880,28,0.21375,26.22881171,24.15254128,26.04055857
880,29,0.22125,25.68617571,23.79078397,25.50771711
880,30,0.22875,25.14966441,23.43310973,24.98318922
880,31,0.23625,24.61873261,23.0791552,24.46593447
880,32,0.24375,24.09283094,22.72855406,23.95498896
880,33,0.25125,23.57140725,22.38093827,23.4494638
880,34,0.25875,23.05390667,22.03593785,22.94853848
880,35,0.26625,22.53977231,21.69318161,22.45145301
880,36,0.27375,22.02844548,21.35229703,21.95749855
880,37,0.28125,21.51936622,21.01291085,21.4660087
880,38,0.28875,21.01197348,20.67464902,20.97634931
880,39,0.29625,20.25285274,20.1685685,20.24395866
885,0,0.00375,45.92493063,37.28328464,44.82392411
885,1,0.01125,45.03277842,36.68851652,44.22469729
885,2,0.01875,44.1566008,36.10439815,43.61488476
885,3,0.02625,43.29625579,35.5308349,42.98624008
885,4,0.03375,42.45167559,34.96778155,42.33689809
885,5,0.04125,41.62274949,34.4151643,41.66568558
885,6,0.04875,40.80935188,33.87289941,40.97233124
885,7,0.05625,40.01132191,33.34087965,40.25776794
885,8,0.06375,39.22847361,32.81898103,39.52418135
885,9,0.07125,38.46059385,32.30706148,38.77486926
885,10,0.07875,37.70744352,31.80496161,38.01400137
885,11,0.08625,36.96875835,31.31250521,37.24632469
885,12,0.09375,36.2442498,30.82949992,36.47684589
885,13,0.10125,35.53360591,30.35573764,35.71051629
885,14,0.10875,34.83649255,29.89099551,34.95194512
885,15,0.11625,34.1525549,29.43503701,34.20516234
885,16,0.12375,33.48141864,28.98761279,33.47344684
885,17,0.13125,32.82269052,28.54846075,32.75922784
885,18,0.13875,32.17595904,28.11730645,32.06406081
885,19,0.14625,31.54079639,27.69386461,31.38867122
885,20,0.15375,30.91676014,27.27784041,30.73305168
885,21,0.16125,30.30339343,26.8689293,30.0965939
885,22,0.16875,29.700226,26.46681762,29.47823961
885,23,0.17625,29.1067764,26.07118451,28.8766336
885,24,0.18375,28.52255228,25.68170179,28.29026156
885,25,0.19125,27.94705107,25.29803426,27.71756506
885,26,0.19875,27.37976215,24.91984162,27.15702957
885,27,0.20625,26.82016673,24.54677802,26.60724075
885,28,0.21375,26.26773884,24.1784927,26.06691507
885,29,0.22125,25.72194707,23.81463155,25.5349092
885,30,0.22875,25.18225387,23.45483603,25.01021137
885,31,0.23625,24.64811779,23.09874532,24.49192594
885,32,0.24375,24.11899282,22.74599532,23.97925076
885,33,0.25125,23.59432991,22.39622003,23.47145617
885,34,0.25875,23.07357688,22.04905133,22.96786472
885,35,0.26625,22.55617933,21.70411962,22.46783503
885,36,0.27375,22.04158075,21.36105389,21.97074821
885,37,0.28125,21.52922318,21.01948216,21.47599722
885,38,0.28875,21.01854737,20.67903161,20.98297825
885,39,0.29625,20.25449659,20.1696644,20.24542903
890,0,0.00375,46.01724919,37.34483034,44.89473262
890,1,0.01125,45.12520249,36.75013257,44.29554376
890,2,0.01875,44.2487738,36.16584682,43.6778475
890,3,0.02625,43.38800782,35.59200292,43.04305915
890,4,0.03375,42.54283082,35.0285517,42.38833244
890,5,0.04125,41.71314933,34.47543086,41.7122358
890,6,0.04875,40.89883093,33.93255211,41.01467686
890,7,0.05625,40.0997217,33.39981284,40.2967399
890,8,0.06375,39.31563895,32.87709126,39.56060935
890,9,0.07125,38.5463739,32.36424819,38.80947103
890,10,0.07875,37.79169245,31.86112755,38.04733392
890,11,0.08625,37.0513356,31.36755671,37.27878038
890,12,0.09375,36.32502051,30.88334706,36.50867384
890,13,0.10125,35.61244119,30.40829449,35.74185654
890,14,0.10875,34.91326976,29.94218032,34.98286715
890,15,0.11625,34.22715788,29.48477234,34.23570239
890,16,0.12375,33.5537378,29.03582557,33.50363903
890,17,0.13125,32.89262297,28.59508239,32.78912573
890,18,0.13875,32.24340863,28.16227285,32.09374716
890,19,0.14625,31.60567367,27.73711613,31.41825576
890,20,0.15375,30.97898234,27.31932188,30.76265844
890,21,0.16125,30.36288429,26.90858987,30.12634122
890,22,0.16875,29.75691566,26.50461073,29.50821691
890,23,0.17625,29.16060119,26.1070677,28.90687913
890,24,0.18375,28.57345448,25.71563659,28.32074509
890,25,0.19125,27.99497868,25.329986,27.74817819
890,26,0.19875,27.42466855,24.94977923,27.18758492
890,27,0.20625,26.86201041,24.57467381,26.63747988
890,28,0.21375,26.30648308,24.2043222,26.09652347
890,29,0.22125,25.75755961,23.83837324,25.56353597
890,30,0.22875,25.21470657,23.47647116,25.03749066
890,31,0.23625,24.67738629,23.11825765,24.51749733
890,32,0.24375,24.14505627,22.76337094,24.00277636
890,33,0.25125,23.6171706,22.41144716,23.49263309
890,34,0.25875,23.09318001,22.06212008,22.98643235
890,35,0.26625,22.57253273,21.71502189,22.48357778
890,36,0.27375,22.05467465,21.36978315,21.98349587
890,37,0.28125,21.53905001,21.02603338,21.48562686
890,38,0.28875,21.02510159,20.68340109,20.9894218
890,39,0.29625,20.2561356,20.17075707,20.24708776
895,0,0.00375,46.10896313,37.40597297,44.97470824
895,1,0.01125,45.21665374,36.81110006,44.37688949
895,2,0.01875,44.33996777,36.2266428,43.76400504
895,3,0.02625,43.47878399,35.65252036,43.1308797
895,4,0.03375,42.63303126,35.08868533,42.47695765
895,5,0.04125,41.80260633,34.53506886,41.80174355
895,6,0.04875,40.9873877,33.99158996,41.10541309
895,7,0.05625,40.18722156,33.45814608,40.38914268
895,8,0.06375,39.40192956,32.93461833,39.65514156
895,9,0.07125,38.63130719,32.42087037,38.90653658
895,10,0.07875,37.87512489,31.91674918,38.14718484
895,11,0.08625,37.13312875,31.42208547,37.38143803
895,12,0.09375,36.40504128,30.93669423,36.61387943
895,13,0.10125,35.69056219,30.46037516,35.84905606
895,14,0.10875,34.98936956,29.99291351,35.09123082
895,15,0.11625,34.30112115,29.53408118,34.34417497
895,16,0.12375,33.62545552,29.08363738,33.61101481
895,17,0.13125,32.96199251,28.64132875,32.8941393
895,18,0.13875,32.31033379,28.20688962,32.19516915
895,19,0.14625,31.67006468,27.78004347,31.51498244
895,20,0.15375,31.04075581,27.36050419,30.85378482
895,21,0.16125,30.42196313,26.94797576,30.21121003
895,22,0.16875,29.81322894,26.54215291,29.58643962
895,23,0.17625,29.21408396,26.14272289,28.97832905
895,24,0.18375,28.6240476,25.74936533,28.38552642
895,25,0.19125,28.04262852,25.36175256,27.80657772
895,26,0.19875,27.46932682,24.9795514,27.24001438
895,27,0.20625,26.90363383,24.60242275,26.68441713
895,28,0.21375,26.34503309,24.2300222,26.13845929
895,29,0.22125,25.79300211,23.86200157,25.60093153
895,30,0.22875,25.24701158,23.49800784,25.0707479
895,31,0.23625,24.70652771,23.13768526,24.54694283
895,32,0.24375,24.17101152,22.78067444,24.02865722
895,33,0.25125,23.63992041,22.4266137,23.51512217
895,34,0.25875,23.11270813,22.07513883,23.00564026
895,35,0.26625,22.5888257,21.72588386,22.49956862
895,36,0.27375,22.06772159,21.37848111,21.99630376
895,37,0.28125,21.54884243,21.03256166,21.49526876
895,38,0.28875,21.03163327,20.68775554,20.99590076
895,39,0.29625,20.25776902,20.17184602,20.24879275
900,0,0.00375,46.19934656,37.46622859,45.08222726
900,1,0.01125,45.30712425,36.87141374,44.48534984
900,2,0.01875,44.4302035,36.28679995,43.87106613
900,3,0.02625,43.56861409,35.71240709,43.23838873
900,4,0.03375,42.72229058,35.14819154,42.58419322
900,5,0.04125,41.89114105,34.594092,41.90729839
900,6,0.04875,41.07503943,34.05002444,41.2078946
900,7,0.05625,40.27383772,33.51589018,40.48731501
900,8,0.06375,39.48736051,32.99157229,39.74796016
900,9,0.07125,38.71540724,32.47693707,38.99319004
900,10,0.07875,37.95775283,31.97183447,38.22713609
900,11,0.08625,37.2141481,31.47609838,37.45444962
900,12,0.09375,36.48432072,30.9895472,36.68001627
900,13,0.10125,35.76797579,30.51198422,35.90866542
900,14,0.10875,35.06479702,30.04319849,35.14490178
900,15,0.11625,34.37444805,29.58296578,34.39268079
900,16,0.12375,33.69657343,29.13104931,33.65524333
900,17,0.13125,33.03079908,28.6871998,32.93501782
900,18,0.13875,32.37673285,28.25115566,32.23359123
900,19,0.14625,31.73396623,27.8226445,31.5517438
900,20,0.15375,31.10207597,27.4013843,30.88953428
900,21,0.16125,30.4806241,26.98708308,30.24641935
900,22,0.16875,29.86915886,26.57943952,29.62139321
900,23,0.17625,29.26721676,26.17814475,29.01313224
900,24,0.18375,28.67432284,25.78288216,28.4201284
900,25,0.19125,28.08999119,25.39332767,27.84080426
900,26,0.19875,27.51372709,25.00915159,27.27360484
900,27,0.20625,26.94502682,24.63001808,26.7170608
900,28,0.21375,26.38337862,24.25558589,26.16982731
900,29,0.22125,25.8282644,23.88550976,25.63070194
900,30,0.22875,25.27915903,23.51943947,25.09862316
900,31,0.23625,24.73553259,23.15702185,24.5726601
900,32,0.24375,24.19684974,22.79789992,24.05199258
900,33,0.25125,23.66257126,22.44171426,23.53589058
900,34,0.25875,23.13215404,22.08810277,23.02369228
900,35,0.26625,22.60505204,21.73670143,22.51478506
900,36,0.27375,22.08071647,21.38714436,22.00858863
900,37,0.28125,21.55859656,21.03906441,21.50454256
900,38,0.28875,21.03813978,20.69209321,21.00209821
900,39,0.29625,20.25939621,20.17293081,20.25027919
